-- MySQL dump 10.13  Distrib 5.5.59, for Win64 (AMD64)
--
-- Host: localhost    Database: etracs_2_5_03_01
-- ------------------------------------------------------
-- Server version	5.5.59

/*!40101 SET @OLD_CHARACTER_SET_CLIENT=@@CHARACTER_SET_CLIENT */;
/*!40101 SET @OLD_CHARACTER_SET_RESULTS=@@CHARACTER_SET_RESULTS */;
/*!40101 SET @OLD_COLLATION_CONNECTION=@@COLLATION_CONNECTION */;
/*!40101 SET NAMES utf8 */;
/*!40103 SET @OLD_TIME_ZONE=@@TIME_ZONE */;
/*!40103 SET TIME_ZONE='+00:00' */;
/*!40014 SET @OLD_UNIQUE_CHECKS=@@UNIQUE_CHECKS, UNIQUE_CHECKS=0 */;
/*!40014 SET @OLD_FOREIGN_KEY_CHECKS=@@FOREIGN_KEY_CHECKS, FOREIGN_KEY_CHECKS=0 */;
/*!40101 SET @OLD_SQL_MODE=@@SQL_MODE, SQL_MODE='NO_AUTO_VALUE_ON_ZERO' */;
/*!40111 SET @OLD_SQL_NOTES=@@SQL_NOTES, SQL_NOTES=0 */;

--
-- Table structure for table `account`
--

DROP TABLE IF EXISTS `account`;
/*!40101 SET @saved_cs_client     = @@character_set_client */;
/*!40101 SET character_set_client = utf8 */;
CREATE TABLE `account` (
  `objid` varchar(50) NOT NULL,
  `maingroupid` varchar(50) DEFAULT NULL,
  `code` varchar(100) DEFAULT NULL,
  `title` varchar(255) DEFAULT NULL,
  `groupid` varchar(50) DEFAULT NULL,
  `type` varchar(50) DEFAULT NULL,
  `leftindex` int(11) DEFAULT NULL,
  `rightindex` int(11) DEFAULT NULL,
  `level` int(11) DEFAULT NULL,
  PRIMARY KEY (`objid`),
  KEY `ix_maingroupid` (`maingroupid`),
  KEY `ix_code` (`code`),
  KEY `ix_title` (`title`),
  KEY `ix_groupid` (`groupid`),
  KEY `uix_account_code` (`maingroupid`,`code`),
  CONSTRAINT `fk_account_groupid` FOREIGN KEY (`groupid`) REFERENCES `account` (`objid`),
  CONSTRAINT `fk_account_maingroupid` FOREIGN KEY (`maingroupid`) REFERENCES `account_maingroup` (`objid`)
) ENGINE=InnoDB DEFAULT CHARSET=utf8;
/*!40101 SET character_set_client = @saved_cs_client */;

--
-- Dumping data for table `account`
--

LOCK TABLES `account` WRITE;
/*!40000 ALTER TABLE `account` DISABLE KEYS */;
/*!40000 ALTER TABLE `account` ENABLE KEYS */;
UNLOCK TABLES;

--
-- Table structure for table `account_incometarget`
--

DROP TABLE IF EXISTS `account_incometarget`;
/*!40101 SET @saved_cs_client     = @@character_set_client */;
/*!40101 SET character_set_client = utf8 */;
CREATE TABLE `account_incometarget` (
  `objid` varchar(50) NOT NULL,
  `itemid` varchar(50) NOT NULL,
  `year` int(11) NOT NULL,
  `target` decimal(16,2) NOT NULL,
  PRIMARY KEY (`objid`),
  KEY `ix_itemid` (`itemid`),
  KEY `ix_year` (`year`),
  CONSTRAINT `fk_account_incometarget_itemid` FOREIGN KEY (`itemid`) REFERENCES `account` (`objid`)
) ENGINE=InnoDB DEFAULT CHARSET=utf8;
/*!40101 SET character_set_client = @saved_cs_client */;

--
-- Dumping data for table `account_incometarget`
--

LOCK TABLES `account_incometarget` WRITE;
/*!40000 ALTER TABLE `account_incometarget` DISABLE KEYS */;
/*!40000 ALTER TABLE `account_incometarget` ENABLE KEYS */;
UNLOCK TABLES;

--
-- Table structure for table `account_item_mapping`
--

DROP TABLE IF EXISTS `account_item_mapping`;
/*!40101 SET @saved_cs_client     = @@character_set_client */;
/*!40101 SET character_set_client = utf8 */;
CREATE TABLE `account_item_mapping` (
  `objid` varchar(50) NOT NULL,
  `maingroupid` varchar(50) DEFAULT NULL,
  `acctid` varchar(50) DEFAULT NULL,
  `itemid` varchar(50) DEFAULT NULL,
  PRIMARY KEY (`objid`),
  KEY `ix_maingroupid` (`maingroupid`),
  KEY `ix_acctid` (`acctid`),
  KEY `ix_itemid` (`itemid`),
  CONSTRAINT `fk_account_item_mapping_acctid` FOREIGN KEY (`acctid`) REFERENCES `account` (`objid`),
  CONSTRAINT `fk_account_item_mapping_itemid` FOREIGN KEY (`itemid`) REFERENCES `itemaccount` (`objid`),
  CONSTRAINT `fk_account_item_mapping_maingroupid` FOREIGN KEY (`maingroupid`) REFERENCES `account_maingroup` (`objid`)
) ENGINE=InnoDB DEFAULT CHARSET=utf8;
/*!40101 SET character_set_client = @saved_cs_client */;

--
-- Dumping data for table `account_item_mapping`
--

LOCK TABLES `account_item_mapping` WRITE;
/*!40000 ALTER TABLE `account_item_mapping` DISABLE KEYS */;
/*!40000 ALTER TABLE `account_item_mapping` ENABLE KEYS */;
UNLOCK TABLES;

--
-- Table structure for table `account_maingroup`
--

DROP TABLE IF EXISTS `account_maingroup`;
/*!40101 SET @saved_cs_client     = @@character_set_client */;
/*!40101 SET character_set_client = utf8 */;
CREATE TABLE `account_maingroup` (
  `objid` varchar(50) NOT NULL,
  `title` varchar(255) NOT NULL,
  `version` int(11) NOT NULL,
  `reporttype` varchar(50) DEFAULT NULL,
  `role` varchar(50) DEFAULT NULL,
  `domain` varchar(50) DEFAULT NULL,
  `system` int(11) DEFAULT NULL,
  PRIMARY KEY (`objid`)
) ENGINE=InnoDB DEFAULT CHARSET=utf8;
/*!40101 SET character_set_client = @saved_cs_client */;

--
-- Dumping data for table `account_maingroup`
--

LOCK TABLES `account_maingroup` WRITE;
/*!40000 ALTER TABLE `account_maingroup` DISABLE KEYS */;
INSERT INTO `account_maingroup` VALUES ('NGAS','NGAS',1,'NGAS',NULL,NULL,NULL),('PPSAS','PPSAS',1,'PPSAS',NULL,NULL,0),('SRE','SRE',0,'SRE',NULL,NULL,NULL);
/*!40000 ALTER TABLE `account_maingroup` ENABLE KEYS */;
UNLOCK TABLES;

--
-- Table structure for table `af`
--

DROP TABLE IF EXISTS `af`;
/*!40101 SET @saved_cs_client     = @@character_set_client */;
/*!40101 SET character_set_client = utf8 */;
CREATE TABLE `af` (
  `objid` varchar(50) NOT NULL,
  `title` varchar(255) DEFAULT NULL,
  `usetype` varchar(50) DEFAULT NULL,
  `serieslength` int(11) DEFAULT NULL,
  `system` int(11) DEFAULT NULL,
  `denomination` decimal(10,2) DEFAULT NULL,
  `formtype` varchar(50) DEFAULT NULL,
  `baseunit` varchar(10) DEFAULT NULL,
  `defaultunit` varchar(10) DEFAULT NULL,
  PRIMARY KEY (`objid`)
) ENGINE=InnoDB DEFAULT CHARSET=utf8;
/*!40101 SET character_set_client = @saved_cs_client */;

--
-- Dumping data for table `af`
--

LOCK TABLES `af` WRITE;
/*!40000 ALTER TABLE `af` DISABLE KEYS */;
INSERT INTO `af` VALUES ('0016','COMMUNITY TAX CERTIFICATE (INDIVIDUAL)','collection',8,1,0.00,'serial',NULL,NULL),('51','ACCOUNTABLE FORM #51','collection',7,1,0.00,'serial',NULL,NULL),('52','LARGE CATTLE TRANSFER','collection',7,1,0.00,'serial',NULL,NULL),('53','LARGE CATTLE OWNERSHIP','collection',7,1,0.00,'serial',NULL,NULL),('54','MARRIAGE LICENSE FEE','collection',7,1,0.00,'serial',NULL,NULL),('56','REAL PROPERTY TAX RECEIPT','collection',7,1,0.00,'serial',NULL,NULL),('57','SLAUGHTER PERMIT','collection',7,1,0.00,'serial',NULL,NULL),('58','BURIAL PERMIT FEE','collection',7,1,0.00,'serial',NULL,NULL),('907','COMMUNITY TAX(CORPORATE)','collection',8,1,0.00,'serial',NULL,NULL),('CT1','CASH TICKETS P1.00','collection',0,1,1.00,'cashticket',NULL,NULL),('CT10','CASH TICKET P10.00','collection',0,1,10.00,'cashticket',NULL,NULL),('CT2','CASH TICKETS P2.00','collection',0,1,2.00,'cashticket',NULL,NULL),('CT5','CASH TICKETS P 5.00','collection',0,1,5.00,'cashticket',NULL,NULL);
/*!40000 ALTER TABLE `af` ENABLE KEYS */;
UNLOCK TABLES;

--
-- Table structure for table `af_allocation`
--

DROP TABLE IF EXISTS `af_allocation`;
/*!40101 SET @saved_cs_client     = @@character_set_client */;
/*!40101 SET character_set_client = utf8 */;
CREATE TABLE `af_allocation` (
  `objid` varchar(50) NOT NULL,
  `name` varchar(100) NOT NULL,
  `respcenter_objid` varchar(50) DEFAULT NULL,
  `respcenter_name` varchar(100) DEFAULT NULL,
  PRIMARY KEY (`objid`),
  KEY `ix_name` (`name`),
  KEY `ix_respcenter_objid` (`respcenter_objid`),
  KEY `ix_respcenter_name` (`respcenter_name`)
) ENGINE=InnoDB DEFAULT CHARSET=utf8;
/*!40101 SET character_set_client = @saved_cs_client */;

--
-- Dumping data for table `af_allocation`
--

LOCK TABLES `af_allocation` WRITE;
/*!40000 ALTER TABLE `af_allocation` DISABLE KEYS */;
/*!40000 ALTER TABLE `af_allocation` ENABLE KEYS */;
UNLOCK TABLES;

--
-- Table structure for table `af_control`
--

DROP TABLE IF EXISTS `af_control`;
/*!40101 SET @saved_cs_client     = @@character_set_client */;
/*!40101 SET character_set_client = utf8 */;
CREATE TABLE `af_control` (
  `objid` varchar(50) NOT NULL,
  `afid` varchar(50) NOT NULL,
  `txnmode` varchar(10) DEFAULT NULL,
  `assignee_objid` varchar(50) DEFAULT NULL,
  `assignee_name` varchar(50) DEFAULT NULL,
  `startseries` int(11) NOT NULL,
  `currentseries` int(11) NOT NULL,
  `endseries` int(11) NOT NULL,
  `active` int(11) DEFAULT NULL,
  `org_objid` varchar(50) DEFAULT NULL,
  `org_name` varchar(50) DEFAULT NULL,
  `fund_objid` varchar(100) DEFAULT NULL,
  `fund_title` varchar(200) DEFAULT NULL,
  `stubno` int(11) DEFAULT NULL,
  `owner_objid` varchar(50) DEFAULT NULL,
  `owner_name` varchar(255) DEFAULT NULL,
  `prefix` varchar(10) NOT NULL DEFAULT '',
  `suffix` varchar(10) NOT NULL DEFAULT '',
  `dtfiled` date NOT NULL,
  `state` varchar(50) NOT NULL,
  `unit` varchar(25) NOT NULL,
  `batchno` int(11) DEFAULT NULL,
  `respcenter_objid` varchar(50) DEFAULT NULL,
  `respcenter_name` varchar(100) DEFAULT NULL,
  `cost` decimal(16,2) DEFAULT NULL,
  `currentindexno` int(11) DEFAULT NULL,
  `currentdetailid` varchar(150) DEFAULT NULL,
  `batchref` varchar(50) DEFAULT NULL,
  `lockid` varchar(50) DEFAULT NULL,
  `allocid` varchar(50) DEFAULT NULL,
  `ukey` varchar(50) NOT NULL DEFAULT '',
  `salecost` decimal(16,2) NOT NULL DEFAULT '0.00',
  PRIMARY KEY (`objid`),
  UNIQUE KEY `uix_af_control` (`afid`,`startseries`,`prefix`,`suffix`,`ukey`),
  KEY `ix_afid` (`afid`),
  KEY `ix_assignee_objid` (`assignee_objid`),
  KEY `ix_owner_objid` (`owner_objid`),
  KEY `ix_fund_objid` (`fund_objid`),
  KEY `ix_org_objid` (`org_objid`),
  KEY `ix_org_name` (`org_name`),
  KEY `ix_dtfiled` (`dtfiled`),
  KEY `ix_state` (`state`),
  KEY `ix_batchno` (`batchno`),
  KEY `ix_respcenter_objid` (`respcenter_objid`),
  KEY `ix_respcenter_name` (`respcenter_name`),
  KEY `ix_currentdetailid` (`currentdetailid`),
  KEY `ix_allocid` (`allocid`),
  KEY `ix_ukey` (`ukey`),
  CONSTRAINT `fk_af_control_afid` FOREIGN KEY (`afid`) REFERENCES `af` (`objid`),
  CONSTRAINT `fk_af_control_allocid` FOREIGN KEY (`allocid`) REFERENCES `af_allocation` (`objid`)
) ENGINE=InnoDB DEFAULT CHARSET=utf8;
/*!40101 SET character_set_client = @saved_cs_client */;

--
-- Dumping data for table `af_control`
--

LOCK TABLES `af_control` WRITE;
/*!40000 ALTER TABLE `af_control` DISABLE KEYS */;
/*!40000 ALTER TABLE `af_control` ENABLE KEYS */;
UNLOCK TABLES;

--
-- Table structure for table `af_control_detail`
--

DROP TABLE IF EXISTS `af_control_detail`;
/*!40101 SET @saved_cs_client     = @@character_set_client */;
/*!40101 SET character_set_client = utf8 */;
CREATE TABLE `af_control_detail` (
  `objid` varchar(150) NOT NULL,
  `state` int(11) DEFAULT NULL,
  `controlid` varchar(50) NOT NULL,
  `indexno` int(11) NOT NULL,
  `refid` varchar(50) NOT NULL,
  `aftxnitemid` varchar(50) DEFAULT NULL,
  `refno` varchar(50) NOT NULL,
  `reftype` varchar(32) NOT NULL,
  `refdate` datetime NOT NULL,
  `txndate` datetime NOT NULL,
  `txntype` varchar(32) NOT NULL,
  `receivedstartseries` int(11) DEFAULT NULL,
  `receivedendseries` int(11) DEFAULT NULL,
  `beginstartseries` int(11) DEFAULT NULL,
  `beginendseries` int(11) DEFAULT NULL,
  `issuedstartseries` int(11) DEFAULT NULL,
  `issuedendseries` int(11) DEFAULT NULL,
  `endingstartseries` int(11) DEFAULT NULL,
  `endingendseries` int(11) DEFAULT NULL,
  `qtyreceived` int(11) NOT NULL,
  `qtybegin` int(11) NOT NULL,
  `qtyissued` int(11) NOT NULL,
  `qtyending` int(11) NOT NULL,
  `qtycancelled` int(11) NOT NULL,
  `remarks` varchar(255) DEFAULT NULL,
  `issuedto_objid` varchar(50) DEFAULT NULL,
  `issuedto_name` varchar(255) DEFAULT NULL,
  `respcenter_objid` varchar(50) DEFAULT NULL,
  `respcenter_name` varchar(255) DEFAULT NULL,
  `prevdetailid` varchar(150) DEFAULT NULL,
  `aftxnid` varchar(100) DEFAULT NULL,
  PRIMARY KEY (`objid`),
  KEY `ix_aftxnid` (`aftxnid`),
  KEY `ix_aftxnitemid` (`aftxnitemid`),
  KEY `ix_controlid` (`controlid`),
  KEY `ix_issuedto_name` (`issuedto_name`),
  KEY `ix_issuedto_objid` (`issuedto_objid`),
  KEY `ix_prevdetailid` (`prevdetailid`),
  KEY `ix_refdate` (`refdate`),
  KEY `ix_refid` (`refid`),
  KEY `ix_refitemid` (`aftxnitemid`),
  KEY `ix_refno` (`refno`),
  KEY `ix_reftype` (`reftype`),
  KEY `ix_respcenter_name` (`respcenter_name`),
  KEY `ix_respcenter_objid` (`respcenter_objid`),
  KEY `ix_txndate` (`txndate`),
  KEY `ix_txntype` (`txntype`),
  CONSTRAINT `fk_af_control_detail_aftxnid` FOREIGN KEY (`aftxnid`) REFERENCES `aftxn` (`objid`),
  CONSTRAINT `fk_af_control_detail_controlid` FOREIGN KEY (`controlid`) REFERENCES `af_control` (`objid`)
) ENGINE=InnoDB DEFAULT CHARSET=utf8;
/*!40101 SET character_set_client = @saved_cs_client */;

--
-- Dumping data for table `af_control_detail`
--

LOCK TABLES `af_control_detail` WRITE;
/*!40000 ALTER TABLE `af_control_detail` DISABLE KEYS */;
/*!40000 ALTER TABLE `af_control_detail` ENABLE KEYS */;
UNLOCK TABLES;

--
-- Table structure for table `afrequest`
--

DROP TABLE IF EXISTS `afrequest`;
/*!40101 SET @saved_cs_client     = @@character_set_client */;
/*!40101 SET character_set_client = utf8 */;
CREATE TABLE `afrequest` (
  `objid` varchar(50) NOT NULL,
  `reqno` varchar(20) DEFAULT NULL,
  `state` varchar(25) NOT NULL,
  `dtfiled` datetime DEFAULT NULL,
  `reqtype` varchar(10) DEFAULT NULL,
  `itemclass` varchar(50) DEFAULT NULL,
  `requester_objid` varchar(50) DEFAULT NULL,
  `requester_name` varchar(50) DEFAULT NULL,
  `requester_title` varchar(50) DEFAULT NULL,
  `org_objid` varchar(50) DEFAULT NULL,
  `org_name` varchar(50) DEFAULT NULL,
  `vendor` varchar(100) DEFAULT NULL,
  `respcenter_objid` varchar(50) DEFAULT NULL,
  `respcenter_name` varchar(100) DEFAULT NULL,
  `dtapproved` datetime DEFAULT NULL,
  `approvedby_objid` varchar(50) DEFAULT NULL,
  `approvedby_name` varchar(160) DEFAULT NULL,
  PRIMARY KEY (`objid`),
  UNIQUE KEY `uix_reqno` (`reqno`),
  KEY `ix_dtfiled` (`dtfiled`),
  KEY `ix_org_objid` (`org_objid`),
  KEY `ix_requester_name` (`requester_name`),
  KEY `ix_requester_objid` (`requester_objid`),
  KEY `ix_state` (`state`),
  KEY `ix_dtapproved` (`dtapproved`),
  KEY `ix_approvedby_objid` (`approvedby_objid`),
  KEY `ix_approvedby_name` (`approvedby_name`)
) ENGINE=InnoDB DEFAULT CHARSET=utf8;
/*!40101 SET character_set_client = @saved_cs_client */;

--
-- Dumping data for table `afrequest`
--

LOCK TABLES `afrequest` WRITE;
/*!40000 ALTER TABLE `afrequest` DISABLE KEYS */;
/*!40000 ALTER TABLE `afrequest` ENABLE KEYS */;
UNLOCK TABLES;

--
-- Table structure for table `afrequestitem`
--

DROP TABLE IF EXISTS `afrequestitem`;
/*!40101 SET @saved_cs_client     = @@character_set_client */;
/*!40101 SET character_set_client = utf8 */;
CREATE TABLE `afrequestitem` (
  `objid` varchar(50) NOT NULL,
  `parentid` varchar(50) DEFAULT NULL,
  `item_objid` varchar(50) DEFAULT NULL,
  `item_code` varchar(50) DEFAULT NULL,
  `item_title` varchar(255) DEFAULT NULL,
  `unit` varchar(10) DEFAULT NULL,
  `qty` int(11) DEFAULT NULL,
  `qtyreceived` int(11) DEFAULT NULL,
  PRIMARY KEY (`objid`),
  KEY `ix_parentid` (`parentid`),
  KEY `ix_item_objid` (`item_objid`),
  CONSTRAINT `fk_afrequestitem_parentid` FOREIGN KEY (`parentid`) REFERENCES `afrequest` (`objid`)
) ENGINE=InnoDB DEFAULT CHARSET=utf8;
/*!40101 SET character_set_client = @saved_cs_client */;

--
-- Dumping data for table `afrequestitem`
--

LOCK TABLES `afrequestitem` WRITE;
/*!40000 ALTER TABLE `afrequestitem` DISABLE KEYS */;
/*!40000 ALTER TABLE `afrequestitem` ENABLE KEYS */;
UNLOCK TABLES;

--
-- Table structure for table `aftxn`
--

DROP TABLE IF EXISTS `aftxn`;
/*!40101 SET @saved_cs_client     = @@character_set_client */;
/*!40101 SET character_set_client = utf8 */;
CREATE TABLE `aftxn` (
  `objid` varchar(100) NOT NULL,
  `state` varchar(50) DEFAULT NULL,
  `request_objid` varchar(50) DEFAULT NULL,
  `request_reqno` varchar(50) DEFAULT NULL,
  `controlno` varchar(50) DEFAULT NULL,
  `dtfiled` datetime DEFAULT NULL,
  `user_objid` varchar(50) DEFAULT NULL,
  `user_name` varchar(100) DEFAULT NULL,
  `issueto_objid` varchar(50) DEFAULT NULL,
  `issueto_name` varchar(100) DEFAULT NULL,
  `issueto_title` varchar(50) DEFAULT NULL,
  `org_objid` varchar(50) DEFAULT NULL,
  `org_name` varchar(50) DEFAULT NULL,
  `respcenter_objid` varchar(50) DEFAULT NULL,
  `respcenter_name` varchar(100) DEFAULT NULL,
  `txndate` datetime NOT NULL,
  `cost` decimal(16,2) DEFAULT NULL,
  `txntype` varchar(50) DEFAULT NULL,
  `particulars` varchar(255) DEFAULT NULL,
  `issuefrom_objid` varchar(50) DEFAULT NULL,
  `issuefrom_name` varchar(150) DEFAULT NULL,
  `issuefrom_title` varchar(150) DEFAULT NULL,
  `lockid` varchar(50) DEFAULT NULL,
  PRIMARY KEY (`objid`),
  UNIQUE KEY `uix_issueno` (`controlno`),
  KEY `ix_dtfiled` (`dtfiled`),
  KEY `ix_issuefrom_name` (`issuefrom_name`),
  KEY `ix_issuefrom_objid` (`issuefrom_objid`),
  KEY `ix_issueto_objid` (`issueto_objid`),
  KEY `ix_org_objid` (`org_objid`),
  KEY `ix_request_objid` (`request_objid`),
  KEY `ix_request_reqno` (`request_reqno`),
  KEY `ix_user_objid` (`user_objid`)
) ENGINE=InnoDB DEFAULT CHARSET=utf8;
/*!40101 SET character_set_client = @saved_cs_client */;

--
-- Dumping data for table `aftxn`
--

LOCK TABLES `aftxn` WRITE;
/*!40000 ALTER TABLE `aftxn` DISABLE KEYS */;
/*!40000 ALTER TABLE `aftxn` ENABLE KEYS */;
UNLOCK TABLES;

--
-- Table structure for table `aftxn_type`
--

DROP TABLE IF EXISTS `aftxn_type`;
/*!40101 SET @saved_cs_client     = @@character_set_client */;
/*!40101 SET character_set_client = utf8 */;
CREATE TABLE `aftxn_type` (
  `txntype` varchar(50) NOT NULL,
  `formtype` varchar(50) DEFAULT NULL,
  `poststate` varchar(50) DEFAULT NULL,
  `sortorder` int(11) DEFAULT NULL,
  PRIMARY KEY (`txntype`)
) ENGINE=InnoDB DEFAULT CHARSET=utf8;
/*!40101 SET character_set_client = @saved_cs_client */;

--
-- Dumping data for table `aftxn_type`
--

LOCK TABLES `aftxn_type` WRITE;
/*!40000 ALTER TABLE `aftxn_type` DISABLE KEYS */;
INSERT INTO `aftxn_type` VALUES ('BEGIN','BEGIN_BALANCE','OPEN',1),('COLLECTION','ISSUE','ISSUED',3),('FORWARD','FORWARD','ISSUED',2),('PURCHASE','PURCHASE_RECEIPT','OPEN',0),('RETURN_COLLECTION','RETURN','OPEN',7),('RETURN_SALE','RETURN','OPEN',8),('SALE','ISSUE','SOLD',4),('TRANSFER_COLLECTION','TRANSFER','ISSUED',5),('TRANSFER_SALE','TRANSFER','ISSUED',6);
/*!40000 ALTER TABLE `aftxn_type` ENABLE KEYS */;
UNLOCK TABLES;

--
-- Table structure for table `aftxnitem`
--

DROP TABLE IF EXISTS `aftxnitem`;
/*!40101 SET @saved_cs_client     = @@character_set_client */;
/*!40101 SET character_set_client = utf8 */;
CREATE TABLE `aftxnitem` (
  `objid` varchar(50) NOT NULL,
  `parentid` varchar(100) NOT NULL,
  `item_objid` varchar(50) DEFAULT NULL,
  `item_code` varchar(50) DEFAULT NULL,
  `item_title` varchar(255) DEFAULT NULL,
  `unit` varchar(20) DEFAULT NULL,
  `qty` int(11) DEFAULT NULL,
  `qtyserved` int(11) DEFAULT NULL,
  `remarks` varchar(255) DEFAULT NULL,
  `txntype` varchar(50) DEFAULT NULL,
  `cost` decimal(16,2) DEFAULT NULL,
  PRIMARY KEY (`objid`),
  KEY `ix_parentid` (`parentid`),
  KEY `ix_item_objid` (`item_objid`),
  CONSTRAINT `fk_aftxnitem_parentid` FOREIGN KEY (`parentid`) REFERENCES `aftxn` (`objid`)
) ENGINE=InnoDB DEFAULT CHARSET=utf8;
/*!40101 SET character_set_client = @saved_cs_client */;

--
-- Dumping data for table `aftxnitem`
--

LOCK TABLES `aftxnitem` WRITE;
/*!40000 ALTER TABLE `aftxnitem` DISABLE KEYS */;
/*!40000 ALTER TABLE `aftxnitem` ENABLE KEYS */;
UNLOCK TABLES;

--
-- Table structure for table `afunit`
--

DROP TABLE IF EXISTS `afunit`;
/*!40101 SET @saved_cs_client     = @@character_set_client */;
/*!40101 SET character_set_client = utf8 */;
CREATE TABLE `afunit` (
  `objid` varchar(50) NOT NULL,
  `itemid` varchar(50) NOT NULL,
  `unit` varchar(10) NOT NULL,
  `qty` int(11) DEFAULT NULL,
  `saleprice` decimal(16,2) NOT NULL,
  `interval` int(11) DEFAULT '1',
  `cashreceiptprintout` varchar(255) DEFAULT NULL,
  `cashreceiptdetailprintout` varchar(255) DEFAULT NULL,
  PRIMARY KEY (`objid`),
  UNIQUE KEY `uix_itemid_unit` (`itemid`,`unit`),
  KEY `ix_itemid` (`itemid`),
  CONSTRAINT `fk_afunit_itemid` FOREIGN KEY (`itemid`) REFERENCES `af` (`objid`)
) ENGINE=InnoDB DEFAULT CHARSET=utf8;
/*!40101 SET character_set_client = @saved_cs_client */;

--
-- Dumping data for table `afunit`
--

LOCK TABLES `afunit` WRITE;
/*!40000 ALTER TABLE `afunit` DISABLE KEYS */;
INSERT INTO `afunit` VALUES ('0016-STUB','0016','STUB',50,0.00,1,'cashreceipt-form:0016',NULL),('51-STUB','51','STUB',50,0.00,1,'cashreceipt:printout:51','cashreceiptdetail:printout:51'),('52-STUB','52','STUB',50,0.00,1,'cashreceipt-form:52',NULL),('53-STUB','53','STUB',50,0.00,1,'cashreceipt-form:53',NULL),('54-STUB','54','STUB',50,0.00,1,'cashreceipt-form:54',NULL),('56-STUB','56','STUB',50,0.00,1,'cashreceipt-form:56','cashreceiptdetail:printout:56'),('57-STUB','57','STUB',50,0.00,1,'cashreceipt-form:57',NULL),('58-STUB','58','STUB',50,0.00,1,'cashreceipt-form:58',NULL),('907-STUB','907','STUB',50,0.00,1,'cashreceipt-form:907',NULL),('CT1-PAD','CT1','PAD',2000,0.00,1,NULL,NULL),('CT10-PAD','CT10','PAD',2000,0.00,1,NULL,NULL),('CT2-PAD','CT2','PAD',2000,0.00,1,NULL,NULL),('CT5-PAD','CT5','PAD',2000,0.00,1,NULL,NULL);
/*!40000 ALTER TABLE `afunit` ENABLE KEYS */;
UNLOCK TABLES;

--
-- Table structure for table `assessmentnotice`
--

DROP TABLE IF EXISTS `assessmentnotice`;
/*!40101 SET @saved_cs_client     = @@character_set_client */;
/*!40101 SET character_set_client = utf8 */;
CREATE TABLE `assessmentnotice` (
  `objid` varchar(50) NOT NULL,
  `state` varchar(15) NOT NULL,
  `txnno` varchar(25) NOT NULL,
  `txndate` datetime DEFAULT NULL,
  `taxpayerid` varchar(50) NOT NULL,
  `taxpayername` text NOT NULL,
  `taxpayeraddress` varchar(150) NOT NULL,
  `createdbyid` varchar(50) DEFAULT NULL,
  `createdbyname` varchar(100) NOT NULL,
  `createdbytitle` varchar(50) NOT NULL,
  `approvedbyid` varchar(50) DEFAULT NULL,
  `approvedbyname` varchar(100) DEFAULT NULL,
  `approvedbytitle` varchar(50) DEFAULT NULL,
  `dtdelivered` date DEFAULT NULL,
  `receivedby` varchar(150) DEFAULT NULL,
  `remarks` text,
  `assessmentyear` int(11) DEFAULT NULL,
  `administrator_name` varchar(150) DEFAULT NULL,
  `administrator_address` varchar(150) DEFAULT NULL,
  `deliverytype_objid` varchar(50) DEFAULT NULL,
  PRIMARY KEY (`objid`),
  KEY `ix_assessmentnotice_receivedby` (`receivedby`),
  KEY `ix_assessmentnotice_state` (`state`),
  KEY `ix_assessmentnotice_taxpayerid` (`taxpayerid`),
  KEY `ix_assessmentnotice_txnno` (`txnno`)
) ENGINE=InnoDB DEFAULT CHARSET=utf8;
/*!40101 SET character_set_client = @saved_cs_client */;

--
-- Dumping data for table `assessmentnotice`
--

LOCK TABLES `assessmentnotice` WRITE;
/*!40000 ALTER TABLE `assessmentnotice` DISABLE KEYS */;
/*!40000 ALTER TABLE `assessmentnotice` ENABLE KEYS */;
UNLOCK TABLES;

--
-- Table structure for table `assessmentnotice_online`
--

DROP TABLE IF EXISTS `assessmentnotice_online`;
/*!40101 SET @saved_cs_client     = @@character_set_client */;
/*!40101 SET character_set_client = utf8 */;
CREATE TABLE `assessmentnotice_online` (
  `objid` varchar(50) NOT NULL,
  `state` varchar(25) NOT NULL,
  `reftype` varchar(25) NOT NULL,
  `refid` varchar(50) NOT NULL,
  `refno` varchar(50) NOT NULL,
  `refdate` date NOT NULL,
  `orno` varchar(25) DEFAULT NULL,
  `ordate` date DEFAULT NULL,
  `oramount` decimal(16,2) DEFAULT NULL,
  PRIMARY KEY (`objid`),
  KEY `ix_state` (`state`),
  KEY `ix_refid` (`refid`),
  KEY `ix_refno` (`refno`),
  KEY `ix_orno` (`orno`),
  CONSTRAINT `fk_assessmentnotice_online_assessmentnotice` FOREIGN KEY (`objid`) REFERENCES `assessmentnotice` (`objid`)
) ENGINE=InnoDB DEFAULT CHARSET=utf8;
/*!40101 SET character_set_client = @saved_cs_client */;

--
-- Dumping data for table `assessmentnotice_online`
--

LOCK TABLES `assessmentnotice_online` WRITE;
/*!40000 ALTER TABLE `assessmentnotice_online` DISABLE KEYS */;
/*!40000 ALTER TABLE `assessmentnotice_online` ENABLE KEYS */;
UNLOCK TABLES;

--
-- Table structure for table `assessmentnoticeitem`
--

DROP TABLE IF EXISTS `assessmentnoticeitem`;
/*!40101 SET @saved_cs_client     = @@character_set_client */;
/*!40101 SET character_set_client = utf8 */;
CREATE TABLE `assessmentnoticeitem` (
  `objid` varchar(50) NOT NULL,
  `assessmentnoticeid` varchar(50) NOT NULL,
  `faasid` varchar(50) NOT NULL,
  PRIMARY KEY (`objid`),
  KEY `FK_assessmentnoticeitem_assessmentnotice` (`assessmentnoticeid`),
  KEY `FK_assessmentnoticeitem_faas` (`faasid`),
  CONSTRAINT `assessmentnoticeitem_ibfk_1` FOREIGN KEY (`assessmentnoticeid`) REFERENCES `assessmentnotice` (`objid`),
  CONSTRAINT `assessmentnoticeitem_ibfk_2` FOREIGN KEY (`faasid`) REFERENCES `faas` (`objid`)
) ENGINE=InnoDB DEFAULT CHARSET=utf8;
/*!40101 SET character_set_client = @saved_cs_client */;

--
-- Dumping data for table `assessmentnoticeitem`
--

LOCK TABLES `assessmentnoticeitem` WRITE;
/*!40000 ALTER TABLE `assessmentnoticeitem` DISABLE KEYS */;
/*!40000 ALTER TABLE `assessmentnoticeitem` ENABLE KEYS */;
UNLOCK TABLES;

--
-- Table structure for table `bank`
--

DROP TABLE IF EXISTS `bank`;
/*!40101 SET @saved_cs_client     = @@character_set_client */;
/*!40101 SET character_set_client = utf8 */;
CREATE TABLE `bank` (
  `objid` varchar(50) NOT NULL,
  `state` varchar(10) DEFAULT NULL,
  `code` varchar(50) NOT NULL,
  `name` varchar(100) NOT NULL,
  `branchname` varchar(50) NOT NULL,
  `address` varchar(255) DEFAULT NULL,
  `manager` varchar(50) DEFAULT NULL,
  `deposittype` varchar(50) DEFAULT NULL,
  `depository` int(11) DEFAULT NULL,
  `depositsliphandler` varchar(50) DEFAULT NULL,
  `cashreport` varchar(255) DEFAULT NULL,
  `checkreport` varchar(255) DEFAULT NULL,
  PRIMARY KEY (`objid`),
  UNIQUE KEY `ux_bank_name_branch` (`name`,`branchname`),
  KEY `ix_state` (`state`),
  KEY `ix_code` (`code`),
  KEY `ix_name` (`name`)
) ENGINE=InnoDB DEFAULT CHARSET=utf8;
/*!40101 SET character_set_client = @saved_cs_client */;

--
-- Dumping data for table `bank`
--

LOCK TABLES `bank` WRITE;
/*!40000 ALTER TABLE `bank` DISABLE KEYS */;
/*!40000 ALTER TABLE `bank` ENABLE KEYS */;
UNLOCK TABLES;

--
-- Table structure for table `bankaccount`
--

DROP TABLE IF EXISTS `bankaccount`;
/*!40101 SET @saved_cs_client     = @@character_set_client */;
/*!40101 SET character_set_client = utf8 */;
CREATE TABLE `bankaccount` (
  `objid` varchar(50) NOT NULL,
  `state` varchar(10) NOT NULL,
  `code` varchar(50) NOT NULL,
  `title` varchar(100) NOT NULL,
  `description` varchar(255) DEFAULT NULL,
  `accttype` varchar(50) NOT NULL,
  `bank_objid` varchar(50) NOT NULL,
  `bank_code` varchar(50) NOT NULL,
  `bank_name` varchar(100) NOT NULL,
  `fund_objid` varchar(100) NOT NULL,
  `fund_code` varchar(50) NOT NULL,
  `fund_title` varchar(50) NOT NULL,
  `currency` varchar(10) NOT NULL,
  `cashreport` varchar(50) DEFAULT NULL,
  `cashbreakdownreport` varchar(50) DEFAULT NULL,
  `checkreport` varchar(50) DEFAULT NULL,
  `forwardbalance` decimal(16,2) DEFAULT NULL,
  `beginbalance` decimal(16,2) DEFAULT NULL,
  `totaldr` decimal(16,2) DEFAULT NULL,
  `totalcr` decimal(16,2) DEFAULT NULL,
  `endbalance` decimal(16,2) DEFAULT NULL,
  `currentlineno` int(11) DEFAULT NULL,
  `checkbreakdownreport` varchar(50) DEFAULT NULL,
  `acctid` varchar(50) DEFAULT NULL,
  PRIMARY KEY (`objid`),
  KEY `ix_code` (`code`),
  KEY `ix_bank_objid` (`bank_objid`),
  KEY `ix_fund_objid` (`fund_objid`),
  KEY `ix_acctid` (`acctid`),
  CONSTRAINT `fk_bankaccount_acctid` FOREIGN KEY (`acctid`) REFERENCES `itemaccount` (`objid`),
  CONSTRAINT `fk_bankaccount_bank_objid` FOREIGN KEY (`bank_objid`) REFERENCES `bank` (`objid`),
  CONSTRAINT `fk_bankaccount_fund_objid` FOREIGN KEY (`fund_objid`) REFERENCES `fund` (`objid`)
) ENGINE=InnoDB DEFAULT CHARSET=utf8;
/*!40101 SET character_set_client = @saved_cs_client */;

--
-- Dumping data for table `bankaccount`
--

LOCK TABLES `bankaccount` WRITE;
/*!40000 ALTER TABLE `bankaccount` DISABLE KEYS */;
/*!40000 ALTER TABLE `bankaccount` ENABLE KEYS */;
UNLOCK TABLES;

--
-- Table structure for table `bankaccount_ledger`
--

DROP TABLE IF EXISTS `bankaccount_ledger`;
/*!40101 SET @saved_cs_client     = @@character_set_client */;
/*!40101 SET character_set_client = utf8 */;
CREATE TABLE `bankaccount_ledger` (
  `objid` varchar(150) NOT NULL,
  `jevid` varchar(150) NOT NULL,
  `bankacctid` varchar(50) NOT NULL,
  `itemacctid` varchar(50) NOT NULL,
  `dr` decimal(16,4) NOT NULL,
  `cr` decimal(16,4) NOT NULL,
  PRIMARY KEY (`objid`),
  KEY `ix_jevid` (`jevid`),
  KEY `ix_bankacctid` (`bankacctid`),
  KEY `ix_itemacctid` (`itemacctid`),
  CONSTRAINT `fk_bankaccount_ledger_jevid` FOREIGN KEY (`jevid`) REFERENCES `jev` (`objid`)
) ENGINE=InnoDB DEFAULT CHARSET=utf8;
/*!40101 SET character_set_client = @saved_cs_client */;

--
-- Dumping data for table `bankaccount_ledger`
--

LOCK TABLES `bankaccount_ledger` WRITE;
/*!40000 ALTER TABLE `bankaccount_ledger` DISABLE KEYS */;
/*!40000 ALTER TABLE `bankaccount_ledger` ENABLE KEYS */;
UNLOCK TABLES;

--
-- Table structure for table `barangay`
--

DROP TABLE IF EXISTS `barangay`;
/*!40101 SET @saved_cs_client     = @@character_set_client */;
/*!40101 SET character_set_client = utf8 */;
CREATE TABLE `barangay` (
  `objid` varchar(50) NOT NULL,
  `state` varchar(10) DEFAULT NULL,
  `indexno` varchar(15) DEFAULT NULL,
  `pin` varchar(15) DEFAULT NULL,
  `name` varchar(50) DEFAULT NULL,
  `previd` varchar(50) DEFAULT NULL,
  `parentid` varchar(50) DEFAULT NULL,
  `captain_name` varchar(100) DEFAULT NULL,
  `captain_title` varchar(50) DEFAULT NULL,
  `captain_office` varchar(50) DEFAULT NULL,
  `treasurer_name` varchar(100) DEFAULT NULL,
  `treasurer_title` varchar(50) DEFAULT NULL,
  `treasurer_office` varchar(50) DEFAULT NULL,
  `oldindexno` varchar(15) DEFAULT NULL,
  `oldpin` varchar(15) DEFAULT NULL,
  `fullname` varchar(250) DEFAULT NULL,
  `address` varchar(250) DEFAULT NULL,
  PRIMARY KEY (`objid`),
  KEY `ix_indexno` (`indexno`),
  KEY `ix_pin` (`pin`),
  KEY `ix_parentid` (`parentid`),
  KEY `ix_previd` (`previd`),
  CONSTRAINT `fk_barangay_objid` FOREIGN KEY (`objid`) REFERENCES `sys_org` (`objid`)
) ENGINE=InnoDB DEFAULT CHARSET=utf8;
/*!40101 SET character_set_client = @saved_cs_client */;

--
-- Dumping data for table `barangay`
--

LOCK TABLES `barangay` WRITE;
/*!40000 ALTER TABLE `barangay` DISABLE KEYS */;
/*!40000 ALTER TABLE `barangay` ENABLE KEYS */;
UNLOCK TABLES;

--
-- Table structure for table `batch_rpttaxcredit`
--

DROP TABLE IF EXISTS `batch_rpttaxcredit`;
/*!40101 SET @saved_cs_client     = @@character_set_client */;
/*!40101 SET character_set_client = utf8 */;
CREATE TABLE `batch_rpttaxcredit` (
  `objid` varchar(50) NOT NULL,
  `state` varchar(25) NOT NULL,
  `txndate` date NOT NULL,
  `txnno` varchar(25) NOT NULL,
  `rate` decimal(10,2) NOT NULL,
  `paymentfrom` date DEFAULT NULL,
  `paymentto` varchar(255) DEFAULT NULL,
  `creditedyear` int(255) NOT NULL,
  `reason` varchar(255) NOT NULL,
  `validity` date DEFAULT NULL,
  PRIMARY KEY (`objid`),
  KEY `ix_state` (`state`),
  KEY `ix_txnno` (`txnno`)
) ENGINE=InnoDB DEFAULT CHARSET=utf8;
/*!40101 SET character_set_client = @saved_cs_client */;

--
-- Dumping data for table `batch_rpttaxcredit`
--

LOCK TABLES `batch_rpttaxcredit` WRITE;
/*!40000 ALTER TABLE `batch_rpttaxcredit` DISABLE KEYS */;
/*!40000 ALTER TABLE `batch_rpttaxcredit` ENABLE KEYS */;
UNLOCK TABLES;

--
-- Table structure for table `batch_rpttaxcredit_ledger`
--

DROP TABLE IF EXISTS `batch_rpttaxcredit_ledger`;
/*!40101 SET @saved_cs_client     = @@character_set_client */;
/*!40101 SET character_set_client = utf8 */;
CREATE TABLE `batch_rpttaxcredit_ledger` (
  `objid` varchar(50) NOT NULL,
  `parentid` varchar(50) NOT NULL,
  `state` varchar(25) NOT NULL,
  `error` varchar(255) DEFAULT NULL,
  `barangayid` varchar(50) NOT NULL,
  PRIMARY KEY (`objid`),
  KEY `ix_parentid` (`parentid`),
  KEY `ix_state` (`state`),
  KEY `ix_barangayid` (`barangayid`),
  CONSTRAINT `fk_rpttaxcredit_rptledger_parent` FOREIGN KEY (`parentid`) REFERENCES `batch_rpttaxcredit` (`objid`),
  CONSTRAINT `fk_rpttaxcredit_rptledger_rptledger` FOREIGN KEY (`objid`) REFERENCES `rptledger` (`objid`)
) ENGINE=InnoDB DEFAULT CHARSET=utf8;
/*!40101 SET character_set_client = @saved_cs_client */;

--
-- Dumping data for table `batch_rpttaxcredit_ledger`
--

LOCK TABLES `batch_rpttaxcredit_ledger` WRITE;
/*!40000 ALTER TABLE `batch_rpttaxcredit_ledger` DISABLE KEYS */;
/*!40000 ALTER TABLE `batch_rpttaxcredit_ledger` ENABLE KEYS */;
UNLOCK TABLES;

--
-- Table structure for table `batch_rpttaxcredit_ledger_posted`
--

DROP TABLE IF EXISTS `batch_rpttaxcredit_ledger_posted`;
/*!40101 SET @saved_cs_client     = @@character_set_client */;
/*!40101 SET character_set_client = utf8 */;
CREATE TABLE `batch_rpttaxcredit_ledger_posted` (
  `objid` varchar(50) NOT NULL,
  `parentid` varchar(50) NOT NULL,
  `barangayid` varchar(50) NOT NULL,
  PRIMARY KEY (`objid`),
  KEY `ix_parentid` (`parentid`),
  KEY `ix_barangayid` (`barangayid`),
  CONSTRAINT `fk_rpttaxcredit_rptledger_posted_parent` FOREIGN KEY (`parentid`) REFERENCES `batch_rpttaxcredit` (`objid`),
  CONSTRAINT `fk_rpttaxcredit_rptledger_posted_rptledger` FOREIGN KEY (`objid`) REFERENCES `rptledger` (`objid`)
) ENGINE=InnoDB DEFAULT CHARSET=utf8;
/*!40101 SET character_set_client = @saved_cs_client */;

--
-- Dumping data for table `batch_rpttaxcredit_ledger_posted`
--

LOCK TABLES `batch_rpttaxcredit_ledger_posted` WRITE;
/*!40000 ALTER TABLE `batch_rpttaxcredit_ledger_posted` DISABLE KEYS */;
/*!40000 ALTER TABLE `batch_rpttaxcredit_ledger_posted` ENABLE KEYS */;
UNLOCK TABLES;

--
-- Table structure for table `batchcapture_collection`
--

DROP TABLE IF EXISTS `batchcapture_collection`;
/*!40101 SET @saved_cs_client     = @@character_set_client */;
/*!40101 SET character_set_client = utf8 */;
CREATE TABLE `batchcapture_collection` (
  `objid` varchar(50) NOT NULL,
  `state` varchar(20) NOT NULL,
  `txndate` datetime NOT NULL,
  `defaultreceiptdate` datetime NOT NULL,
  `txnmode` varchar(10) NOT NULL,
  `stub` int(11) NOT NULL,
  `formno` varchar(50) NOT NULL,
  `formtype` varchar(10) NOT NULL,
  `controlid` varchar(50) NOT NULL,
  `serieslength` int(11) NOT NULL,
  `prefix` varchar(10) DEFAULT NULL,
  `suffix` varchar(10) DEFAULT NULL,
  `startseries` int(11) NOT NULL,
  `endseries` int(11) NOT NULL,
  `totalamount` decimal(16,2) NOT NULL,
  `totalcash` decimal(16,2) NOT NULL,
  `totalnoncash` decimal(16,2) NOT NULL,
  `collectiontype_objid` varchar(50) DEFAULT NULL,
  `collectiontype_name` varchar(100) DEFAULT NULL,
  `collector_objid` varchar(50) DEFAULT NULL,
  `collector_name` varchar(100) DEFAULT NULL,
  `collector_title` varchar(50) DEFAULT NULL,
  `capturedby_objid` varchar(50) DEFAULT NULL,
  `capturedby_name` varchar(100) DEFAULT NULL,
  `capturedby_title` varchar(50) DEFAULT NULL,
  `org_objid` varchar(50) NOT NULL,
  `org_name` varchar(50) NOT NULL,
  `postedby_objid` varchar(50) DEFAULT NULL,
  `postedby_name` varchar(100) DEFAULT NULL,
  `postedby_date` datetime DEFAULT NULL,
  PRIMARY KEY (`objid`),
  KEY `ix_state` (`state`),
  KEY `ix_txndate` (`txndate`),
  KEY `ix_defaultreceiptdate` (`defaultreceiptdate`),
  KEY `ix_formno` (`formno`),
  KEY `ix_controlid` (`controlid`),
  KEY `ix_collectiontype_objid` (`collectiontype_objid`),
  KEY `ix_collector_objid` (`collector_objid`),
  KEY `ix_collector_name` (`collector_name`),
  KEY `ix_capturedby_objid` (`capturedby_objid`),
  KEY `ix_org_objid` (`org_objid`),
  KEY `ix_postedby_objid` (`postedby_objid`),
  CONSTRAINT `fk_batchcapture_collection_collector_objid` FOREIGN KEY (`collector_objid`) REFERENCES `sys_user` (`objid`)
) ENGINE=InnoDB DEFAULT CHARSET=utf8;
/*!40101 SET character_set_client = @saved_cs_client */;

--
-- Dumping data for table `batchcapture_collection`
--

LOCK TABLES `batchcapture_collection` WRITE;
/*!40000 ALTER TABLE `batchcapture_collection` DISABLE KEYS */;
/*!40000 ALTER TABLE `batchcapture_collection` ENABLE KEYS */;
UNLOCK TABLES;

--
-- Table structure for table `batchcapture_collection_entry`
--

DROP TABLE IF EXISTS `batchcapture_collection_entry`;
/*!40101 SET @saved_cs_client     = @@character_set_client */;
/*!40101 SET character_set_client = utf8 */;
CREATE TABLE `batchcapture_collection_entry` (
  `objid` varchar(50) NOT NULL,
  `parentid` varchar(50) DEFAULT NULL,
  `receiptno` varchar(50) NOT NULL,
  `receiptdate` datetime NOT NULL,
  `paidby` varchar(100) NOT NULL,
  `paidbyaddress` varchar(255) NOT NULL,
  `amount` decimal(16,2) NOT NULL,
  `totalcash` decimal(16,2) NOT NULL,
  `totalnoncash` decimal(16,2) NOT NULL,
  `series` int(11) NOT NULL,
  `collectiontype_objid` varchar(50) DEFAULT NULL,
  `collectiontype_name` varchar(100) DEFAULT NULL,
  `remarks` varchar(255) DEFAULT NULL,
  `particulars` longtext,
  `voided` int(11) DEFAULT NULL,
  `paymentitems` longtext,
  PRIMARY KEY (`objid`),
  KEY `ix_parentid` (`parentid`),
  KEY `ix_receiptno` (`receiptno`),
  KEY `ix_receiptdate` (`receiptdate`),
  KEY `ix_collectiontype_objid` (`collectiontype_objid`),
  CONSTRAINT `fk_batchcapture_collection_entry_collectiontype_objid` FOREIGN KEY (`collectiontype_objid`) REFERENCES `collectiontype` (`objid`),
  CONSTRAINT `fk_batchcapture_collection_entry_parentid` FOREIGN KEY (`parentid`) REFERENCES `batchcapture_collection` (`objid`)
) ENGINE=InnoDB DEFAULT CHARSET=utf8;
/*!40101 SET character_set_client = @saved_cs_client */;

--
-- Dumping data for table `batchcapture_collection_entry`
--

LOCK TABLES `batchcapture_collection_entry` WRITE;
/*!40000 ALTER TABLE `batchcapture_collection_entry` DISABLE KEYS */;
/*!40000 ALTER TABLE `batchcapture_collection_entry` ENABLE KEYS */;
UNLOCK TABLES;

--
-- Table structure for table `batchcapture_collection_entry_item`
--

DROP TABLE IF EXISTS `batchcapture_collection_entry_item`;
/*!40101 SET @saved_cs_client     = @@character_set_client */;
/*!40101 SET character_set_client = utf8 */;
CREATE TABLE `batchcapture_collection_entry_item` (
  `objid` varchar(50) NOT NULL,
  `parentid` varchar(50) DEFAULT NULL,
  `item_objid` varchar(50) DEFAULT NULL,
  `item_code` varchar(50) DEFAULT NULL,
  `item_title` varchar(255) DEFAULT NULL,
  `fund_objid` varchar(100) DEFAULT NULL,
  `fund_code` varchar(50) DEFAULT NULL,
  `fund_title` varchar(50) DEFAULT NULL,
  `amount` decimal(16,2) DEFAULT NULL,
  PRIMARY KEY (`objid`),
  KEY `ix_parentid` (`parentid`),
  KEY `ix_item_objid` (`item_objid`),
  KEY `ix_fund_objid` (`fund_objid`),
  CONSTRAINT `fk_batchcapture_collection_entry_item_fund` FOREIGN KEY (`fund_objid`) REFERENCES `fund` (`objid`),
  CONSTRAINT `fk_batchcapture_collection_entry_item_itemaccount` FOREIGN KEY (`item_objid`) REFERENCES `itemaccount` (`objid`),
  CONSTRAINT `fk_batchcapture_collection_entry_item_parentid` FOREIGN KEY (`parentid`) REFERENCES `batchcapture_collection_entry` (`objid`)
) ENGINE=InnoDB DEFAULT CHARSET=utf8;
/*!40101 SET character_set_client = @saved_cs_client */;

--
-- Dumping data for table `batchcapture_collection_entry_item`
--

LOCK TABLES `batchcapture_collection_entry_item` WRITE;
/*!40000 ALTER TABLE `batchcapture_collection_entry_item` DISABLE KEYS */;
/*!40000 ALTER TABLE `batchcapture_collection_entry_item` ENABLE KEYS */;
UNLOCK TABLES;

--
-- Table structure for table `batchgr`
--

DROP TABLE IF EXISTS `batchgr`;
/*!40101 SET @saved_cs_client     = @@character_set_client */;
/*!40101 SET character_set_client = utf8 */;
CREATE TABLE `batchgr` (
  `objid` varchar(50) NOT NULL,
  `state` varchar(25) NOT NULL,
  `ry` int(255) NOT NULL,
  `lgu_objid` varchar(50) NOT NULL,
  `barangay_objid` varchar(50) NOT NULL,
  `rputype` varchar(15) DEFAULT NULL,
  `classification_objid` varchar(50) DEFAULT NULL,
  `section` varchar(10) DEFAULT NULL,
  `memoranda` varchar(100) DEFAULT NULL,
  `txntype_objid` varchar(50) DEFAULT NULL,
  `txnno` varchar(25) DEFAULT NULL,
  `txndate` datetime DEFAULT NULL,
  `effectivityyear` int(11) DEFAULT NULL,
  `effectivityqtr` int(11) DEFAULT NULL,
  `originlgu_objid` varchar(50) DEFAULT NULL,
  PRIMARY KEY (`objid`),
  KEY `ix_barangay_objid` (`barangay_objid`) USING BTREE,
  KEY `ix_state` (`state`) USING BTREE,
  KEY `fk_lgu_objid` (`lgu_objid`) USING BTREE,
  KEY `ix_ry` (`ry`) USING BTREE,
  KEY `ix_txnno` (`txnno`) USING BTREE,
  KEY `ix_classificationid` (`classification_objid`) USING BTREE,
  KEY `ix_section` (`section`) USING BTREE,
  CONSTRAINT `batchgr_ibfk_1` FOREIGN KEY (`barangay_objid`) REFERENCES `sys_org` (`objid`),
  CONSTRAINT `batchgr_ibfk_2` FOREIGN KEY (`classification_objid`) REFERENCES `propertyclassification` (`objid`),
  CONSTRAINT `batchgr_ibfk_3` FOREIGN KEY (`lgu_objid`) REFERENCES `sys_org` (`objid`),
  CONSTRAINT `fk_batchgr_barangayid` FOREIGN KEY (`barangay_objid`) REFERENCES `sys_org` (`objid`),
  CONSTRAINT `fk_batchgr_classificationid` FOREIGN KEY (`classification_objid`) REFERENCES `propertyclassification` (`objid`),
  CONSTRAINT `fk_batchgr_lguid` FOREIGN KEY (`lgu_objid`) REFERENCES `sys_org` (`objid`)
) ENGINE=InnoDB DEFAULT CHARSET=utf8;
/*!40101 SET character_set_client = @saved_cs_client */;

--
-- Dumping data for table `batchgr`
--

LOCK TABLES `batchgr` WRITE;
/*!40000 ALTER TABLE `batchgr` DISABLE KEYS */;
/*!40000 ALTER TABLE `batchgr` ENABLE KEYS */;
UNLOCK TABLES;

--
-- Table structure for table `batchgr_item`
--

DROP TABLE IF EXISTS `batchgr_item`;
/*!40101 SET @saved_cs_client     = @@character_set_client */;
/*!40101 SET character_set_client = utf8 */;
CREATE TABLE `batchgr_item` (
  `objid` varchar(50) NOT NULL,
  `parent_objid` varchar(50) NOT NULL,
  `state` varchar(50) NOT NULL,
  `rputype` varchar(15) NOT NULL,
  `tdno` varchar(50) NOT NULL,
  `fullpin` varchar(50) NOT NULL,
  `pin` varchar(50) NOT NULL,
  `suffix` int(255) NOT NULL,
  `newfaasid` varchar(50) DEFAULT NULL,
  `error` text,
  `subsuffix` int(11) DEFAULT NULL,
  PRIMARY KEY (`objid`),
  KEY `fk_batchgr_item_batchgr` (`parent_objid`) USING BTREE,
  KEY `fk_batchgr_item_newfaasid` (`newfaasid`) USING BTREE,
  KEY `fk_batchgr_item_tdno` (`tdno`) USING BTREE,
  KEY `fk_batchgr_item_pin` (`pin`) USING BTREE,
  CONSTRAINT `batchgr_item_ibfk_1` FOREIGN KEY (`parent_objid`) REFERENCES `batchgr` (`objid`),
  CONSTRAINT `batchgr_item_ibfk_2` FOREIGN KEY (`objid`) REFERENCES `faas` (`objid`),
  CONSTRAINT `batchgr_item_ibfk_3` FOREIGN KEY (`newfaasid`) REFERENCES `faas` (`objid`),
  CONSTRAINT `batchgr_item_ibfk_4` FOREIGN KEY (`objid`) REFERENCES `faas` (`objid`),
  CONSTRAINT `fk_batchgr_item_faas` FOREIGN KEY (`objid`) REFERENCES `faas` (`objid`)
) ENGINE=InnoDB DEFAULT CHARSET=utf8;
/*!40101 SET character_set_client = @saved_cs_client */;

--
-- Dumping data for table `batchgr_item`
--

LOCK TABLES `batchgr_item` WRITE;
/*!40000 ALTER TABLE `batchgr_item` DISABLE KEYS */;
/*!40000 ALTER TABLE `batchgr_item` ENABLE KEYS */;
UNLOCK TABLES;

--
-- Table structure for table `batchgr_task`
--

DROP TABLE IF EXISTS `batchgr_task`;
/*!40101 SET @saved_cs_client     = @@character_set_client */;
/*!40101 SET character_set_client = utf8 */;
CREATE TABLE `batchgr_task` (
  `objid` varchar(50) NOT NULL,
  `refid` varchar(50) DEFAULT NULL,
  `parentprocessid` varchar(50) DEFAULT NULL,
  `state` varchar(50) DEFAULT NULL,
  `startdate` datetime DEFAULT NULL,
  `enddate` datetime DEFAULT NULL,
  `assignee_objid` varchar(50) DEFAULT NULL,
  `assignee_name` varchar(100) DEFAULT NULL,
  `assignee_title` varchar(80) DEFAULT NULL,
  `actor_objid` varchar(50) DEFAULT NULL,
  `actor_name` varchar(100) DEFAULT NULL,
  `actor_title` varchar(80) DEFAULT NULL,
  `message` varchar(255) DEFAULT NULL,
  `signature` longtext,
  `returnedby` varchar(100) DEFAULT NULL,
  PRIMARY KEY (`objid`),
  KEY `ix_assignee_objid` (`assignee_objid`),
  KEY `ix_refid` (`refid`),
  CONSTRAINT `fk_batchgr_task_batchgr` FOREIGN KEY (`refid`) REFERENCES `batchgr` (`objid`)
) ENGINE=InnoDB DEFAULT CHARSET=utf8;
/*!40101 SET character_set_client = @saved_cs_client */;

--
-- Dumping data for table `batchgr_task`
--

LOCK TABLES `batchgr_task` WRITE;
/*!40000 ALTER TABLE `batchgr_task` DISABLE KEYS */;
/*!40000 ALTER TABLE `batchgr_task` ENABLE KEYS */;
UNLOCK TABLES;

--
-- Table structure for table `billitem_txntype`
--

DROP TABLE IF EXISTS `billitem_txntype`;
/*!40101 SET @saved_cs_client     = @@character_set_client */;
/*!40101 SET character_set_client = utf8 */;
CREATE TABLE `billitem_txntype` (
  `objid` varchar(50) NOT NULL,
  `title` varchar(150) DEFAULT NULL,
  `category` varchar(100) DEFAULT NULL,
  PRIMARY KEY (`objid`),
  KEY `ix_title` (`title`),
  KEY `ix_category` (`category`)
) ENGINE=InnoDB DEFAULT CHARSET=utf8;
/*!40101 SET character_set_client = @saved_cs_client */;

--
-- Dumping data for table `billitem_txntype`
--

LOCK TABLES `billitem_txntype` WRITE;
/*!40000 ALTER TABLE `billitem_txntype` DISABLE KEYS */;
/*!40000 ALTER TABLE `billitem_txntype` ENABLE KEYS */;
UNLOCK TABLES;

--
-- Table structure for table `bldgadditionalitem`
--

DROP TABLE IF EXISTS `bldgadditionalitem`;
/*!40101 SET @saved_cs_client     = @@character_set_client */;
/*!40101 SET character_set_client = utf8 */;
CREATE TABLE `bldgadditionalitem` (
  `objid` varchar(50) NOT NULL,
  `bldgrysettingid` varchar(50) NOT NULL,
  `code` varchar(10) NOT NULL,
  `name` varchar(100) NOT NULL,
  `unit` varchar(25) NOT NULL,
  `expr` varchar(100) NOT NULL,
  `previd` varchar(50) DEFAULT NULL,
  `type` varchar(50) DEFAULT NULL,
  `addareatobldgtotalarea` int(11) DEFAULT NULL,
  `idx` int(11) DEFAULT NULL,
  PRIMARY KEY (`objid`),
  UNIQUE KEY `UQ_settingid_code` (`bldgrysettingid`,`code`),
  UNIQUE KEY `UQ_settingid_name` (`bldgrysettingid`,`name`),
  KEY `bldgrysettingid` (`bldgrysettingid`),
  KEY `ix_previd` (`previd`),
  CONSTRAINT `bldgadditionalitem_ibfk_1` FOREIGN KEY (`previd`) REFERENCES `bldgadditionalitem` (`objid`),
  CONSTRAINT `bldgadditionalitem_ibfk_2` FOREIGN KEY (`bldgrysettingid`) REFERENCES `bldgrysetting` (`objid`)
) ENGINE=InnoDB DEFAULT CHARSET=utf8;
/*!40101 SET character_set_client = @saved_cs_client */;

--
-- Dumping data for table `bldgadditionalitem`
--

LOCK TABLES `bldgadditionalitem` WRITE;
/*!40000 ALTER TABLE `bldgadditionalitem` DISABLE KEYS */;
/*!40000 ALTER TABLE `bldgadditionalitem` ENABLE KEYS */;
UNLOCK TABLES;

--
-- Table structure for table `bldgassesslevel`
--

DROP TABLE IF EXISTS `bldgassesslevel`;
/*!40101 SET @saved_cs_client     = @@character_set_client */;
/*!40101 SET character_set_client = utf8 */;
CREATE TABLE `bldgassesslevel` (
  `objid` varchar(50) NOT NULL,
  `bldgrysettingid` varchar(50) NOT NULL,
  `classification_objid` varchar(50) DEFAULT NULL,
  `code` varchar(10) NOT NULL,
  `name` varchar(50) NOT NULL,
  `fixrate` int(11) NOT NULL,
  `rate` decimal(10,2) NOT NULL,
  `previd` varchar(50) DEFAULT NULL,
  PRIMARY KEY (`objid`),
  UNIQUE KEY `ux_bldgassesslevel_code` (`bldgrysettingid`,`code`),
  UNIQUE KEY `ux_bldgassesslevel_name` (`bldgrysettingid`,`name`),
  KEY `FK_bldgassesslevel_bldgrysettingid` (`bldgrysettingid`),
  KEY `FK_bldgassesslevel_propertyclassification` (`classification_objid`),
  KEY `ix_previd` (`previd`),
  CONSTRAINT `bldgassesslevel_ibfk_1` FOREIGN KEY (`bldgrysettingid`) REFERENCES `bldgrysetting` (`objid`),
  CONSTRAINT `bldgassesslevel_ibfk_2` FOREIGN KEY (`classification_objid`) REFERENCES `propertyclassification` (`objid`)
) ENGINE=InnoDB DEFAULT CHARSET=utf8;
/*!40101 SET character_set_client = @saved_cs_client */;

--
-- Dumping data for table `bldgassesslevel`
--

LOCK TABLES `bldgassesslevel` WRITE;
/*!40000 ALTER TABLE `bldgassesslevel` DISABLE KEYS */;
/*!40000 ALTER TABLE `bldgassesslevel` ENABLE KEYS */;
UNLOCK TABLES;

--
-- Table structure for table `bldgassesslevelrange`
--

DROP TABLE IF EXISTS `bldgassesslevelrange`;
/*!40101 SET @saved_cs_client     = @@character_set_client */;
/*!40101 SET character_set_client = utf8 */;
CREATE TABLE `bldgassesslevelrange` (
  `objid` varchar(50) NOT NULL,
  `bldgassesslevelid` varchar(50) NOT NULL,
  `bldgrysettingid` varchar(50) NOT NULL,
  `mvfrom` decimal(16,2) NOT NULL,
  `mvto` decimal(16,2) NOT NULL,
  `rate` decimal(16,2) NOT NULL,
  PRIMARY KEY (`objid`),
  UNIQUE KEY `ux_bldgassesslevelrange_mvfrom` (`bldgassesslevelid`,`mvfrom`),
  KEY `bldgassesslevelid` (`bldgassesslevelid`),
  KEY `FK_bldgassesslevelrange_bldgrysetting` (`bldgrysettingid`),
  CONSTRAINT `bldgassesslevelrange_ibfk_1` FOREIGN KEY (`bldgassesslevelid`) REFERENCES `bldgassesslevel` (`objid`),
  CONSTRAINT `bldgassesslevelrange_ibfk_2` FOREIGN KEY (`bldgrysettingid`) REFERENCES `bldgrysetting` (`objid`)
) ENGINE=InnoDB DEFAULT CHARSET=utf8;
/*!40101 SET character_set_client = @saved_cs_client */;

--
-- Dumping data for table `bldgassesslevelrange`
--

LOCK TABLES `bldgassesslevelrange` WRITE;
/*!40000 ALTER TABLE `bldgassesslevelrange` DISABLE KEYS */;
/*!40000 ALTER TABLE `bldgassesslevelrange` ENABLE KEYS */;
UNLOCK TABLES;

--
-- Table structure for table `bldgfloor`
--

DROP TABLE IF EXISTS `bldgfloor`;
/*!40101 SET @saved_cs_client     = @@character_set_client */;
/*!40101 SET character_set_client = utf8 */;
CREATE TABLE `bldgfloor` (
  `objid` varchar(50) NOT NULL,
  `bldguseid` varchar(50) NOT NULL,
  `bldgrpuid` varchar(50) NOT NULL,
  `floorno` varchar(5) NOT NULL,
  `area` decimal(16,2) NOT NULL,
  `storeyrate` decimal(16,2) NOT NULL,
  `basevalue` decimal(16,2) NOT NULL,
  `unitvalue` decimal(16,2) NOT NULL,
  `basemarketvalue` decimal(16,2) NOT NULL,
  `adjustment` decimal(16,2) NOT NULL,
  `marketvalue` decimal(16,2) NOT NULL,
  PRIMARY KEY (`objid`),
  KEY `FK_bldgfloor_bldgrpu` (`bldgrpuid`),
  KEY `FK_bldgfloor_bldguse` (`bldguseid`),
  CONSTRAINT `bldgfloor_ibfk_1` FOREIGN KEY (`bldgrpuid`) REFERENCES `bldgrpu` (`objid`),
  CONSTRAINT `bldgfloor_ibfk_2` FOREIGN KEY (`bldguseid`) REFERENCES `bldguse` (`objid`)
) ENGINE=InnoDB DEFAULT CHARSET=utf8;
/*!40101 SET character_set_client = @saved_cs_client */;

--
-- Dumping data for table `bldgfloor`
--

LOCK TABLES `bldgfloor` WRITE;
/*!40000 ALTER TABLE `bldgfloor` DISABLE KEYS */;
/*!40000 ALTER TABLE `bldgfloor` ENABLE KEYS */;
UNLOCK TABLES;

--
-- Table structure for table `bldgflooradditional`
--

DROP TABLE IF EXISTS `bldgflooradditional`;
/*!40101 SET @saved_cs_client     = @@character_set_client */;
/*!40101 SET character_set_client = utf8 */;
CREATE TABLE `bldgflooradditional` (
  `objid` varchar(50) NOT NULL,
  `bldgfloorid` varchar(50) NOT NULL,
  `bldgrpuid` varchar(50) NOT NULL,
  `additionalitem_objid` varchar(50) NOT NULL,
  `amount` decimal(16,2) NOT NULL,
  `expr` text NOT NULL,
  `depreciate` int(11) DEFAULT NULL,
  PRIMARY KEY (`objid`),
  KEY `FK_bldgflooradditional_additionalitem` (`additionalitem_objid`),
  KEY `FK_bldgflooradditional_bldgfloor` (`bldgfloorid`),
  KEY `FK_bldgflooradditional_bldgrpu` (`bldgrpuid`),
  CONSTRAINT `bldgflooradditional_ibfk_1` FOREIGN KEY (`additionalitem_objid`) REFERENCES `bldgadditionalitem` (`objid`),
  CONSTRAINT `bldgflooradditional_ibfk_2` FOREIGN KEY (`bldgfloorid`) REFERENCES `bldgfloor` (`objid`),
  CONSTRAINT `bldgflooradditional_ibfk_3` FOREIGN KEY (`bldgrpuid`) REFERENCES `bldgrpu` (`objid`)
) ENGINE=InnoDB DEFAULT CHARSET=utf8;
/*!40101 SET character_set_client = @saved_cs_client */;

--
-- Dumping data for table `bldgflooradditional`
--

LOCK TABLES `bldgflooradditional` WRITE;
/*!40000 ALTER TABLE `bldgflooradditional` DISABLE KEYS */;
/*!40000 ALTER TABLE `bldgflooradditional` ENABLE KEYS */;
UNLOCK TABLES;

--
-- Table structure for table `bldgflooradditionalparam`
--

DROP TABLE IF EXISTS `bldgflooradditionalparam`;
/*!40101 SET @saved_cs_client     = @@character_set_client */;
/*!40101 SET character_set_client = utf8 */;
CREATE TABLE `bldgflooradditionalparam` (
  `objid` varchar(50) NOT NULL,
  `bldgflooradditionalid` varchar(50) NOT NULL,
  `bldgrpuid` varchar(50) NOT NULL,
  `param_objid` varchar(50) NOT NULL,
  `intvalue` int(11) DEFAULT NULL,
  `decimalvalue` decimal(16,2) DEFAULT NULL,
  PRIMARY KEY (`objid`),
  KEY `FK_bldgflooradditionalparam_bldgflooradditional` (`bldgflooradditionalid`),
  KEY `FK_bldgflooradditionalparam_bldgrpu` (`bldgrpuid`),
  KEY `FK_bldgflooradditionalparam_param` (`param_objid`),
  CONSTRAINT `bldgflooradditionalparam_ibfk_1` FOREIGN KEY (`bldgflooradditionalid`) REFERENCES `bldgflooradditional` (`objid`),
  CONSTRAINT `bldgflooradditionalparam_ibfk_2` FOREIGN KEY (`bldgrpuid`) REFERENCES `bldgrpu` (`objid`),
  CONSTRAINT `bldgflooradditionalparam_ibfk_3` FOREIGN KEY (`param_objid`) REFERENCES `rptparameter` (`objid`)
) ENGINE=InnoDB DEFAULT CHARSET=utf8;
/*!40101 SET character_set_client = @saved_cs_client */;

--
-- Dumping data for table `bldgflooradditionalparam`
--

LOCK TABLES `bldgflooradditionalparam` WRITE;
/*!40000 ALTER TABLE `bldgflooradditionalparam` DISABLE KEYS */;
/*!40000 ALTER TABLE `bldgflooradditionalparam` ENABLE KEYS */;
UNLOCK TABLES;

--
-- Table structure for table `bldgkind`
--

DROP TABLE IF EXISTS `bldgkind`;
/*!40101 SET @saved_cs_client     = @@character_set_client */;
/*!40101 SET character_set_client = utf8 */;
CREATE TABLE `bldgkind` (
  `objid` varchar(50) NOT NULL,
  `state` varchar(10) NOT NULL,
  `code` varchar(20) NOT NULL,
  `name` varchar(100) NOT NULL,
  PRIMARY KEY (`objid`),
  UNIQUE KEY `ux_bldgkind_code` (`code`),
  UNIQUE KEY `ux_bldgkind_name` (`name`),
  KEY `ix_bldgkind_state` (`state`)
) ENGINE=InnoDB DEFAULT CHARSET=utf8;
/*!40101 SET character_set_client = @saved_cs_client */;

--
-- Dumping data for table `bldgkind`
--

LOCK TABLES `bldgkind` WRITE;
/*!40000 ALTER TABLE `bldgkind` DISABLE KEYS */;
/*!40000 ALTER TABLE `bldgkind` ENABLE KEYS */;
UNLOCK TABLES;

--
-- Table structure for table `bldgkindbucc`
--

DROP TABLE IF EXISTS `bldgkindbucc`;
/*!40101 SET @saved_cs_client     = @@character_set_client */;
/*!40101 SET character_set_client = utf8 */;
CREATE TABLE `bldgkindbucc` (
  `objid` varchar(50) NOT NULL,
  `bldgrysettingid` varchar(50) NOT NULL,
  `bldgtypeid` varchar(50) NOT NULL,
  `bldgkind_objid` varchar(50) NOT NULL,
  `basevaluetype` varchar(25) NOT NULL,
  `basevalue` decimal(10,2) NOT NULL,
  `minbasevalue` decimal(10,2) NOT NULL,
  `maxbasevalue` decimal(10,2) NOT NULL,
  `gapvalue` int(11) NOT NULL,
  `minarea` decimal(10,2) NOT NULL,
  `maxarea` decimal(10,2) NOT NULL,
  `bldgclass` varchar(50) DEFAULT NULL,
  `previd` varchar(50) DEFAULT NULL,
  PRIMARY KEY (`objid`),
  KEY `bldgrysettingid` (`bldgrysettingid`),
  KEY `FK_bldgkindbucc_bldgkind` (`bldgkind_objid`),
  KEY `FK_bldgkindbucc_bldgtype` (`bldgtypeid`),
  KEY `ix_previd` (`previd`),
  CONSTRAINT `bldgkindbucc_ibfk_1` FOREIGN KEY (`bldgkind_objid`) REFERENCES `bldgkind` (`objid`),
  CONSTRAINT `bldgkindbucc_ibfk_2` FOREIGN KEY (`bldgrysettingid`) REFERENCES `bldgrysetting` (`objid`),
  CONSTRAINT `bldgkindbucc_ibfk_3` FOREIGN KEY (`bldgtypeid`) REFERENCES `bldgtype` (`objid`)
) ENGINE=InnoDB DEFAULT CHARSET=utf8;
/*!40101 SET character_set_client = @saved_cs_client */;

--
-- Dumping data for table `bldgkindbucc`
--

LOCK TABLES `bldgkindbucc` WRITE;
/*!40000 ALTER TABLE `bldgkindbucc` DISABLE KEYS */;
/*!40000 ALTER TABLE `bldgkindbucc` ENABLE KEYS */;
UNLOCK TABLES;

--
-- Table structure for table `bldgrpu`
--

DROP TABLE IF EXISTS `bldgrpu`;
/*!40101 SET @saved_cs_client     = @@character_set_client */;
/*!40101 SET character_set_client = utf8 */;
CREATE TABLE `bldgrpu` (
  `objid` varchar(50) NOT NULL,
  `landrpuid` varchar(50) DEFAULT NULL,
  `houseno` varchar(25) DEFAULT NULL,
  `psic` varchar(255) DEFAULT NULL,
  `permitno` varchar(255) DEFAULT NULL,
  `permitdate` datetime DEFAULT NULL,
  `permitissuedby` varchar(255) DEFAULT NULL,
  `bldgtype_objid` varchar(50) DEFAULT NULL,
  `bldgkindbucc_objid` varchar(50) DEFAULT NULL,
  `basevalue` decimal(16,2) NOT NULL,
  `dtcompleted` datetime DEFAULT NULL,
  `dtoccupied` datetime DEFAULT NULL,
  `floorcount` int(11) NOT NULL,
  `depreciation` decimal(16,2) NOT NULL,
  `depreciationvalue` decimal(16,2) NOT NULL,
  `totaladjustment` decimal(16,2) NOT NULL,
  `additionalinfo` text,
  `bldgage` int(11) NOT NULL,
  `percentcompleted` int(11) NOT NULL,
  `bldgassesslevel_objid` varchar(50) DEFAULT NULL,
  `assesslevel` decimal(16,2) NOT NULL,
  `condominium` int(11) NOT NULL,
  `bldgclass` varchar(15) DEFAULT NULL,
  `predominant` int(11) DEFAULT NULL,
  `effectiveage` int(11) NOT NULL,
  `condocerttitle` varchar(50) DEFAULT NULL,
  `dtcertcompletion` date DEFAULT NULL,
  `dtcertoccupancy` date DEFAULT NULL,
  `cdurating` varchar(15) DEFAULT NULL,
  `dtconstructed` date DEFAULT NULL,
  `occpermitno` varchar(25) DEFAULT NULL,
  PRIMARY KEY (`objid`),
  KEY `FK_bldgrpu_bldgassesslevel` (`bldgassesslevel_objid`),
  KEY `FK_bldgrpu_bldgkindbucc` (`bldgkindbucc_objid`),
  KEY `FK_bldgrpu_bldgtype` (`bldgtype_objid`),
  KEY `FK_bldgrpu_landrpu` (`landrpuid`),
  CONSTRAINT `bldgrpu_ibfk_1` FOREIGN KEY (`bldgassesslevel_objid`) REFERENCES `bldgassesslevel` (`objid`),
  CONSTRAINT `bldgrpu_ibfk_2` FOREIGN KEY (`bldgkindbucc_objid`) REFERENCES `bldgkindbucc` (`objid`),
  CONSTRAINT `bldgrpu_ibfk_3` FOREIGN KEY (`bldgtype_objid`) REFERENCES `bldgtype` (`objid`),
  CONSTRAINT `bldgrpu_ibfk_4` FOREIGN KEY (`landrpuid`) REFERENCES `landrpu` (`objid`),
  CONSTRAINT `bldgrpu_ibfk_5` FOREIGN KEY (`objid`) REFERENCES `rpu` (`objid`)
) ENGINE=InnoDB DEFAULT CHARSET=utf8;
/*!40101 SET character_set_client = @saved_cs_client */;

--
-- Dumping data for table `bldgrpu`
--

LOCK TABLES `bldgrpu` WRITE;
/*!40000 ALTER TABLE `bldgrpu` DISABLE KEYS */;
/*!40000 ALTER TABLE `bldgrpu` ENABLE KEYS */;
UNLOCK TABLES;

--
-- Table structure for table `bldgrpu_land`
--

DROP TABLE IF EXISTS `bldgrpu_land`;
/*!40101 SET @saved_cs_client     = @@character_set_client */;
/*!40101 SET character_set_client = utf8 */;
CREATE TABLE `bldgrpu_land` (
  `objid` varchar(50) NOT NULL DEFAULT '',
  `rpu_objid` varchar(50) NOT NULL DEFAULT '',
  `landfaas_objid` varchar(50) DEFAULT NULL,
  `landrpumaster_objid` varchar(50) DEFAULT NULL,
  PRIMARY KEY (`objid`),
  KEY `ix_bldgrpu_land_bldgrpuid` (`rpu_objid`),
  KEY `ix_bldgrpu_land_landfaasid` (`landfaas_objid`),
  KEY `ix_bldgrpu_land_landrpumasterid` (`landrpumaster_objid`),
  CONSTRAINT `FK_bldgrpu_land_bldgrpu` FOREIGN KEY (`rpu_objid`) REFERENCES `bldgrpu` (`objid`),
  CONSTRAINT `FK_bldgrpu_land_landfaas` FOREIGN KEY (`landfaas_objid`) REFERENCES `faas` (`objid`),
  CONSTRAINT `FK_bldgrpu_land_rpumaster` FOREIGN KEY (`landrpumaster_objid`) REFERENCES `rpumaster` (`objid`)
) ENGINE=InnoDB DEFAULT CHARSET=utf8;
/*!40101 SET character_set_client = @saved_cs_client */;

--
-- Dumping data for table `bldgrpu_land`
--

LOCK TABLES `bldgrpu_land` WRITE;
/*!40000 ALTER TABLE `bldgrpu_land` DISABLE KEYS */;
/*!40000 ALTER TABLE `bldgrpu_land` ENABLE KEYS */;
UNLOCK TABLES;

--
-- Table structure for table `bldgrpu_structuraltype`
--

DROP TABLE IF EXISTS `bldgrpu_structuraltype`;
/*!40101 SET @saved_cs_client     = @@character_set_client */;
/*!40101 SET character_set_client = utf8 */;
CREATE TABLE `bldgrpu_structuraltype` (
  `objid` varchar(50) NOT NULL,
  `bldgrpuid` varchar(50) NOT NULL,
  `bldgtype_objid` varchar(50) NOT NULL,
  `bldgkindbucc_objid` varchar(50) DEFAULT NULL,
  `floorcount` int(11) NOT NULL,
  `basefloorarea` decimal(16,2) NOT NULL,
  `totalfloorarea` decimal(16,2) NOT NULL,
  `basevalue` decimal(16,2) NOT NULL,
  `unitvalue` decimal(16,2) NOT NULL,
  `classification_objid` varchar(50) DEFAULT NULL,
  PRIMARY KEY (`objid`),
  KEY `FK_bldgrpu_structuraltype_bldgtype` (`bldgtype_objid`),
  KEY `FK_bldgrpu_structuraltype_bldgkindbucc` (`bldgkindbucc_objid`),
  KEY `FK_bldgrpu_structuraltype_bldgrpu` (`bldgrpuid`),
  KEY `FK_bldgrpu_structuraltype` (`classification_objid`),
  CONSTRAINT `FK_bldgrpu_structuraltype` FOREIGN KEY (`classification_objid`) REFERENCES `propertyclassification` (`objid`),
  CONSTRAINT `FK_bldgrpu_structuraltype_bldgkindbucc` FOREIGN KEY (`bldgkindbucc_objid`) REFERENCES `bldgkindbucc` (`objid`),
  CONSTRAINT `FK_bldgrpu_structuraltype_bldgrpu` FOREIGN KEY (`bldgrpuid`) REFERENCES `bldgrpu` (`objid`),
  CONSTRAINT `FK_bldgrpu_structuraltype_bldgtype` FOREIGN KEY (`bldgtype_objid`) REFERENCES `bldgtype` (`objid`)
) ENGINE=InnoDB DEFAULT CHARSET=utf8;
/*!40101 SET character_set_client = @saved_cs_client */;

--
-- Dumping data for table `bldgrpu_structuraltype`
--

LOCK TABLES `bldgrpu_structuraltype` WRITE;
/*!40000 ALTER TABLE `bldgrpu_structuraltype` DISABLE KEYS */;
/*!40000 ALTER TABLE `bldgrpu_structuraltype` ENABLE KEYS */;
UNLOCK TABLES;

--
-- Table structure for table `bldgrysetting`
--

DROP TABLE IF EXISTS `bldgrysetting`;
/*!40101 SET @saved_cs_client     = @@character_set_client */;
/*!40101 SET character_set_client = utf8 */;
CREATE TABLE `bldgrysetting` (
  `objid` varchar(50) NOT NULL,
  `state` varchar(10) NOT NULL,
  `ry` int(11) NOT NULL,
  `predominant` int(11) DEFAULT NULL,
  `depreciatecoreanditemseparately` int(11) DEFAULT NULL,
  `computedepreciationbasedonschedule` int(11) DEFAULT NULL,
  `straightdepreciation` int(11) DEFAULT NULL,
  `calcbldgagebasedondtoccupied` int(11) DEFAULT NULL,
  `appliedto` longtext,
  `previd` varchar(50) DEFAULT NULL,
  `remarks` varchar(200) DEFAULT NULL,
  `ordinanceno` varchar(25) DEFAULT NULL,
  `ordinancedate` date DEFAULT NULL,
  PRIMARY KEY (`objid`),
  KEY `ix_bldgrysetting_previd` (`previd`),
  KEY `ix_bldgrysetting_state` (`state`)
) ENGINE=InnoDB DEFAULT CHARSET=utf8;
/*!40101 SET character_set_client = @saved_cs_client */;

--
-- Dumping data for table `bldgrysetting`
--

LOCK TABLES `bldgrysetting` WRITE;
/*!40000 ALTER TABLE `bldgrysetting` DISABLE KEYS */;
/*!40000 ALTER TABLE `bldgrysetting` ENABLE KEYS */;
UNLOCK TABLES;

--
-- Table structure for table `bldgstructure`
--

DROP TABLE IF EXISTS `bldgstructure`;
/*!40101 SET @saved_cs_client     = @@character_set_client */;
/*!40101 SET character_set_client = utf8 */;
CREATE TABLE `bldgstructure` (
  `objid` varchar(50) NOT NULL,
  `bldgrpuid` varchar(50) NOT NULL,
  `structure_objid` varchar(50) NOT NULL,
  `material_objid` varchar(50) DEFAULT NULL,
  `floor` int(255) NOT NULL,
  PRIMARY KEY (`objid`),
  UNIQUE KEY `ux_bldgstructure` (`bldgrpuid`,`floor`,`structure_objid`,`material_objid`),
  KEY `FK_bldgstructure_bldgrpu` (`bldgrpuid`),
  KEY `FK_bldgstructure_material` (`material_objid`),
  KEY `FK_bldgstructure_structure` (`structure_objid`),
  CONSTRAINT `bldgstructure_ibfk_1` FOREIGN KEY (`bldgrpuid`) REFERENCES `bldgrpu` (`objid`),
  CONSTRAINT `bldgstructure_ibfk_2` FOREIGN KEY (`material_objid`) REFERENCES `material` (`objid`),
  CONSTRAINT `bldgstructure_ibfk_3` FOREIGN KEY (`structure_objid`) REFERENCES `structure` (`objid`)
) ENGINE=InnoDB DEFAULT CHARSET=utf8;
/*!40101 SET character_set_client = @saved_cs_client */;

--
-- Dumping data for table `bldgstructure`
--

LOCK TABLES `bldgstructure` WRITE;
/*!40000 ALTER TABLE `bldgstructure` DISABLE KEYS */;
/*!40000 ALTER TABLE `bldgstructure` ENABLE KEYS */;
UNLOCK TABLES;

--
-- Table structure for table `bldgtype`
--

DROP TABLE IF EXISTS `bldgtype`;
/*!40101 SET @saved_cs_client     = @@character_set_client */;
/*!40101 SET character_set_client = utf8 */;
CREATE TABLE `bldgtype` (
  `objid` varchar(50) NOT NULL,
  `bldgrysettingid` varchar(50) NOT NULL,
  `code` varchar(10) NOT NULL,
  `name` varchar(50) NOT NULL,
  `basevaluetype` varchar(10) NOT NULL,
  `residualrate` decimal(10,2) NOT NULL,
  `previd` varchar(50) DEFAULT NULL,
  `usecdu` int(11) DEFAULT NULL,
  PRIMARY KEY (`objid`),
  KEY `bldgrysettingid` (`bldgrysettingid`),
  KEY `ix_previd` (`previd`),
  CONSTRAINT `bldgtype_ibfk_1` FOREIGN KEY (`bldgrysettingid`) REFERENCES `bldgrysetting` (`objid`),
  CONSTRAINT `bldgtype_ibfk_2` FOREIGN KEY (`previd`) REFERENCES `bldgtype` (`objid`)
) ENGINE=InnoDB DEFAULT CHARSET=utf8;
/*!40101 SET character_set_client = @saved_cs_client */;

--
-- Dumping data for table `bldgtype`
--

LOCK TABLES `bldgtype` WRITE;
/*!40000 ALTER TABLE `bldgtype` DISABLE KEYS */;
/*!40000 ALTER TABLE `bldgtype` ENABLE KEYS */;
UNLOCK TABLES;

--
-- Table structure for table `bldgtype_depreciation`
--

DROP TABLE IF EXISTS `bldgtype_depreciation`;
/*!40101 SET @saved_cs_client     = @@character_set_client */;
/*!40101 SET character_set_client = utf8 */;
CREATE TABLE `bldgtype_depreciation` (
  `objid` varchar(50) NOT NULL,
  `bldgtypeid` varchar(50) NOT NULL,
  `bldgrysettingid` varchar(50) NOT NULL,
  `agefrom` int(11) NOT NULL,
  `ageto` int(11) NOT NULL,
  `rate` decimal(16,2) NOT NULL,
  `excellent` decimal(16,2) DEFAULT NULL,
  `verygood` decimal(16,2) DEFAULT NULL,
  `good` decimal(16,2) DEFAULT NULL,
  `average` decimal(16,2) DEFAULT NULL,
  `fair` decimal(16,2) DEFAULT NULL,
  `poor` decimal(16,2) DEFAULT NULL,
  `verypoor` decimal(16,2) DEFAULT NULL,
  `unsound` decimal(16,2) DEFAULT NULL,
  PRIMARY KEY (`objid`),
  KEY `FK_bldgtype_depreciation_bldgrysetting` (`bldgrysettingid`),
  KEY `ix_bldgtypeid` (`bldgtypeid`),
  CONSTRAINT `bldgtype_depreciation_ibfk_1` FOREIGN KEY (`bldgrysettingid`) REFERENCES `bldgrysetting` (`objid`),
  CONSTRAINT `bldgtype_depreciation_ibfk_2` FOREIGN KEY (`bldgtypeid`) REFERENCES `bldgtype` (`objid`)
) ENGINE=InnoDB DEFAULT CHARSET=utf8;
/*!40101 SET character_set_client = @saved_cs_client */;

--
-- Dumping data for table `bldgtype_depreciation`
--

LOCK TABLES `bldgtype_depreciation` WRITE;
/*!40000 ALTER TABLE `bldgtype_depreciation` DISABLE KEYS */;
/*!40000 ALTER TABLE `bldgtype_depreciation` ENABLE KEYS */;
UNLOCK TABLES;

--
-- Table structure for table `bldgtype_storeyadjustment`
--

DROP TABLE IF EXISTS `bldgtype_storeyadjustment`;
/*!40101 SET @saved_cs_client     = @@character_set_client */;
/*!40101 SET character_set_client = utf8 */;
CREATE TABLE `bldgtype_storeyadjustment` (
  `objid` varchar(50) NOT NULL,
  `bldgtypeid` varchar(50) NOT NULL,
  `bldgrysettingid` varchar(50) NOT NULL,
  `floorno` varchar(10) NOT NULL,
  `rate` decimal(16,2) NOT NULL,
  `previd` varchar(50) DEFAULT NULL,
  PRIMARY KEY (`objid`),
  KEY `bldgtypeid` (`bldgtypeid`),
  KEY `FK_bldgtype_storeyadjustment` (`previd`),
  KEY `FK_bldgtype_storeyadjustment_bldgrysetting` (`bldgrysettingid`),
  CONSTRAINT `bldgtype_storeyadjustment_ibfk_1` FOREIGN KEY (`previd`) REFERENCES `bldgtype_storeyadjustment` (`objid`),
  CONSTRAINT `bldgtype_storeyadjustment_ibfk_2` FOREIGN KEY (`bldgrysettingid`) REFERENCES `bldgrysetting` (`objid`),
  CONSTRAINT `bldgtype_storeyadjustment_ibfk_3` FOREIGN KEY (`bldgtypeid`) REFERENCES `bldgtype` (`objid`)
) ENGINE=InnoDB DEFAULT CHARSET=utf8;
/*!40101 SET character_set_client = @saved_cs_client */;

--
-- Dumping data for table `bldgtype_storeyadjustment`
--

LOCK TABLES `bldgtype_storeyadjustment` WRITE;
/*!40000 ALTER TABLE `bldgtype_storeyadjustment` DISABLE KEYS */;
/*!40000 ALTER TABLE `bldgtype_storeyadjustment` ENABLE KEYS */;
UNLOCK TABLES;

--
-- Table structure for table `bldguse`
--

DROP TABLE IF EXISTS `bldguse`;
/*!40101 SET @saved_cs_client     = @@character_set_client */;
/*!40101 SET character_set_client = utf8 */;
CREATE TABLE `bldguse` (
  `objid` varchar(50) NOT NULL,
  `bldgrpuid` varchar(50) NOT NULL,
  `structuraltype_objid` varchar(50) DEFAULT NULL,
  `actualuse_objid` varchar(50) NOT NULL,
  `basevalue` decimal(16,2) NOT NULL,
  `area` decimal(16,2) NOT NULL,
  `basemarketvalue` decimal(16,2) NOT NULL,
  `depreciationvalue` decimal(16,2) NOT NULL,
  `adjustment` decimal(16,2) NOT NULL,
  `marketvalue` decimal(16,2) NOT NULL,
  `assesslevel` decimal(16,2) DEFAULT NULL,
  `assessedvalue` decimal(16,2) DEFAULT NULL,
  `addlinfo` varchar(255) DEFAULT NULL,
  `adjfordepreciation` decimal(16,2) DEFAULT NULL,
  `taxable` int(11) DEFAULT NULL,
  PRIMARY KEY (`objid`),
  KEY `FK_bldguse_bldgassesslevel` (`actualuse_objid`),
  KEY `FK_bldguse_bldgrpu` (`bldgrpuid`),
  KEY `FK_bldguse_structuraltype` (`structuraltype_objid`),
  CONSTRAINT `bldguse_ibfk_1` FOREIGN KEY (`actualuse_objid`) REFERENCES `bldgassesslevel` (`objid`),
  CONSTRAINT `bldguse_ibfk_2` FOREIGN KEY (`bldgrpuid`) REFERENCES `bldgrpu` (`objid`),
  CONSTRAINT `FK_bldguse_structuraltype` FOREIGN KEY (`structuraltype_objid`) REFERENCES `bldgrpu_structuraltype` (`objid`)
) ENGINE=InnoDB DEFAULT CHARSET=utf8;
/*!40101 SET character_set_client = @saved_cs_client */;

--
-- Dumping data for table `bldguse`
--

LOCK TABLES `bldguse` WRITE;
/*!40000 ALTER TABLE `bldguse` DISABLE KEYS */;
/*!40000 ALTER TABLE `bldguse` ENABLE KEYS */;
UNLOCK TABLES;

--
-- Table structure for table `bpexpirydate`
--

DROP TABLE IF EXISTS `bpexpirydate`;
/*!40101 SET @saved_cs_client     = @@character_set_client */;
/*!40101 SET character_set_client = utf8 */;
CREATE TABLE `bpexpirydate` (
  `year` int(11) NOT NULL,
  `qtr` int(11) NOT NULL,
  `expirydate` date DEFAULT NULL,
  `reason` text,
  PRIMARY KEY (`year`,`qtr`)
) ENGINE=InnoDB DEFAULT CHARSET=utf8;
/*!40101 SET character_set_client = @saved_cs_client */;

--
-- Dumping data for table `bpexpirydate`
--

LOCK TABLES `bpexpirydate` WRITE;
/*!40000 ALTER TABLE `bpexpirydate` DISABLE KEYS */;
/*!40000 ALTER TABLE `bpexpirydate` ENABLE KEYS */;
UNLOCK TABLES;

--
-- Table structure for table `brgy_taxaccount_mapping`
--

DROP TABLE IF EXISTS `brgy_taxaccount_mapping`;
/*!40101 SET @saved_cs_client     = @@character_set_client */;
/*!40101 SET character_set_client = utf8 */;
CREATE TABLE `brgy_taxaccount_mapping` (
  `barangayid` varchar(50) NOT NULL,
  `basicadvacct_objid` varchar(50) DEFAULT NULL,
  `basicprevacct_objid` varchar(50) DEFAULT NULL,
  `basicprevintacct_objid` varchar(50) DEFAULT NULL,
  `basicprioracct_objid` varchar(50) DEFAULT NULL,
  `basicpriorintacct_objid` varchar(50) DEFAULT NULL,
  `basiccurracct_objid` varchar(50) DEFAULT NULL,
  `basiccurrintacct_objid` varchar(50) DEFAULT NULL,
  PRIMARY KEY (`barangayid`)
) ENGINE=InnoDB DEFAULT CHARSET=utf8;
/*!40101 SET character_set_client = @saved_cs_client */;

--
-- Dumping data for table `brgy_taxaccount_mapping`
--

LOCK TABLES `brgy_taxaccount_mapping` WRITE;
/*!40000 ALTER TABLE `brgy_taxaccount_mapping` DISABLE KEYS */;
/*!40000 ALTER TABLE `brgy_taxaccount_mapping` ENABLE KEYS */;
UNLOCK TABLES;

--
-- Table structure for table `brgyshare`
--

DROP TABLE IF EXISTS `brgyshare`;
/*!40101 SET @saved_cs_client     = @@character_set_client */;
/*!40101 SET character_set_client = utf8 */;
CREATE TABLE `brgyshare` (
  `objid` varchar(50) NOT NULL,
  `state` varchar(25) NOT NULL,
  `txnno` varchar(15) DEFAULT NULL,
  `txndate` datetime DEFAULT NULL,
  `year` int(11) DEFAULT NULL,
  `month` int(11) DEFAULT NULL,
  `totalshare` decimal(16,2) NOT NULL,
  `createdbyid` varchar(50) DEFAULT NULL,
  `createdby` varchar(150) NOT NULL,
  `createdbytitle` varchar(50) NOT NULL,
  `postedbyid` varchar(50) DEFAULT NULL,
  `postedby` varchar(150) DEFAULT NULL,
  `postedbytitle` varchar(50) DEFAULT NULL,
  `sharetype` varchar(50) DEFAULT NULL,
  PRIMARY KEY (`objid`),
  KEY `ix_brgyshare_state` (`state`),
  KEY `ix_brgyshare_yq` (`year`),
  KEY `ix_brgyshare_yqm` (`year`,`month`),
  KEY `ix_brgyshare_yr` (`year`)
) ENGINE=InnoDB DEFAULT CHARSET=utf8;
/*!40101 SET character_set_client = @saved_cs_client */;

--
-- Dumping data for table `brgyshare`
--

LOCK TABLES `brgyshare` WRITE;
/*!40000 ALTER TABLE `brgyshare` DISABLE KEYS */;
/*!40000 ALTER TABLE `brgyshare` ENABLE KEYS */;
UNLOCK TABLES;

--
-- Table structure for table `brgyshare_account_mapping`
--

DROP TABLE IF EXISTS `brgyshare_account_mapping`;
/*!40101 SET @saved_cs_client     = @@character_set_client */;
/*!40101 SET character_set_client = utf8 */;
CREATE TABLE `brgyshare_account_mapping` (
  `barangayid` varchar(50) NOT NULL,
  `acct_objid` varchar(50) NOT NULL,
  `penaltyacct_objid` varchar(50) DEFAULT NULL,
  PRIMARY KEY (`barangayid`)
) ENGINE=InnoDB DEFAULT CHARSET=utf8;
/*!40101 SET character_set_client = @saved_cs_client */;

--
-- Dumping data for table `brgyshare_account_mapping`
--

LOCK TABLES `brgyshare_account_mapping` WRITE;
/*!40000 ALTER TABLE `brgyshare_account_mapping` DISABLE KEYS */;
/*!40000 ALTER TABLE `brgyshare_account_mapping` ENABLE KEYS */;
UNLOCK TABLES;

--
-- Table structure for table `brgyshareitem`
--

DROP TABLE IF EXISTS `brgyshareitem`;
/*!40101 SET @saved_cs_client     = @@character_set_client */;
/*!40101 SET character_set_client = utf8 */;
CREATE TABLE `brgyshareitem` (
  `objid` varchar(50) NOT NULL,
  `brgyshareid` varchar(50) NOT NULL,
  `barangayid` varchar(50) NOT NULL,
  `basic` decimal(16,2) NOT NULL,
  `basicint` decimal(16,2) NOT NULL,
  `basicdisc` decimal(16,2) NOT NULL,
  `basicshare` decimal(16,2) NOT NULL,
  `basicintshare` decimal(16,2) NOT NULL,
  `commonshare` decimal(16,2) DEFAULT NULL,
  `basiccurrent` decimal(16,2) DEFAULT NULL,
  `basicprevious` decimal(16,2) DEFAULT NULL,
  `basiccollection` decimal(16,2) DEFAULT NULL,
  `basicintcollection` decimal(16,2) DEFAULT NULL,
  PRIMARY KEY (`objid`),
  KEY `brgyshareid` (`brgyshareid`),
  CONSTRAINT `brgyshareitem_ibfk_1` FOREIGN KEY (`brgyshareid`) REFERENCES `brgyshare` (`objid`)
) ENGINE=InnoDB DEFAULT CHARSET=utf8;
/*!40101 SET character_set_client = @saved_cs_client */;

--
-- Dumping data for table `brgyshareitem`
--

LOCK TABLES `brgyshareitem` WRITE;
/*!40000 ALTER TABLE `brgyshareitem` DISABLE KEYS */;
/*!40000 ALTER TABLE `brgyshareitem` ENABLE KEYS */;
UNLOCK TABLES;

--
-- Table structure for table `business`
--

DROP TABLE IF EXISTS `business`;
/*!40101 SET @saved_cs_client     = @@character_set_client */;
/*!40101 SET character_set_client = utf8 */;
CREATE TABLE `business` (
  `objid` varchar(50) NOT NULL,
  `state` varchar(15) NOT NULL,
  `owner_name` varchar(255) NOT NULL,
  `owner_objid` varchar(50) NOT NULL,
  `owner_address_text` varchar(255) DEFAULT NULL,
  `owner_address_objid` varchar(50) DEFAULT NULL,
  `businessname` varchar(255) DEFAULT NULL,
  `tradename` varchar(255) NOT NULL,
  `address_text` varchar(255) DEFAULT NULL,
  `address_objid` varchar(50) DEFAULT NULL,
  `orgtype` varchar(50) DEFAULT NULL,
  `yearstarted` int(11) DEFAULT NULL,
  `activeyear` int(11) DEFAULT NULL,
  `pin` varchar(50) DEFAULT NULL,
  `taxcredit` decimal(18,2) DEFAULT NULL,
  `currentapplicationid` varchar(50) DEFAULT NULL,
  `currentpermitid` varchar(50) DEFAULT NULL,
  `bin` varchar(50) DEFAULT NULL,
  `activeqtr` int(11) DEFAULT NULL,
  `appcount` int(11) DEFAULT NULL,
  `mobileno` varchar(50) DEFAULT NULL,
  `phoneno` varchar(50) DEFAULT NULL,
  `email` varchar(50) DEFAULT NULL,
  `apptype` varchar(50) DEFAULT NULL,
  `oldbin` varchar(50) DEFAULT NULL,
  `permit_objid` varchar(50) DEFAULT NULL,
  `permittype` varchar(50) DEFAULT NULL,
  `expirydate` date DEFAULT NULL,
  `officetype` varchar(25) DEFAULT NULL,
  `purpose` varchar(50) DEFAULT NULL,
  `nextrenewaldate` date DEFAULT NULL,
  `lockid` varchar(50) DEFAULT NULL,
  PRIMARY KEY (`objid`),
  UNIQUE KEY `uix_businessname` (`businessname`),
  UNIQUE KEY `uix_bin` (`bin`),
  KEY `ix_state` (`state`),
  KEY `ix_owner_objid` (`owner_objid`),
  KEY `ix_owner_name` (`owner_name`),
  KEY `ix_owner_address_objid` (`owner_address_objid`),
  KEY `ix_tradename` (`tradename`),
  KEY `ix_address_objid` (`address_objid`),
  KEY `ix_bin` (`bin`),
  KEY `ix_currentapplicationid` (`currentapplicationid`),
  KEY `ix_currentpermitid` (`currentpermitid`),
  KEY `ix_yearstarted` (`yearstarted`),
  KEY `ix_activeyear` (`activeyear`),
  CONSTRAINT `FK_business_business_address` FOREIGN KEY (`address_objid`) REFERENCES `business_address` (`objid`),
  CONSTRAINT `FK_business_business_application` FOREIGN KEY (`currentapplicationid`) REFERENCES `business_application` (`objid`)
) ENGINE=InnoDB DEFAULT CHARSET=utf8;
/*!40101 SET character_set_client = @saved_cs_client */;

--
-- Dumping data for table `business`
--

LOCK TABLES `business` WRITE;
/*!40000 ALTER TABLE `business` DISABLE KEYS */;
/*!40000 ALTER TABLE `business` ENABLE KEYS */;
UNLOCK TABLES;

--
-- Table structure for table `business_active_info`
--

DROP TABLE IF EXISTS `business_active_info`;
/*!40101 SET @saved_cs_client     = @@character_set_client */;
/*!40101 SET character_set_client = utf8 */;
CREATE TABLE `business_active_info` (
  `objid` varchar(50) NOT NULL DEFAULT '',
  `businessid` varchar(50) NOT NULL,
  `type` varchar(50) DEFAULT NULL,
  `attribute_objid` varchar(50) NOT NULL,
  `attribute_name` varchar(50) NOT NULL,
  `lob_objid` varchar(50) DEFAULT NULL,
  `lob_name` varchar(100) DEFAULT NULL,
  `decimalvalue` decimal(16,2) DEFAULT NULL,
  `intvalue` int(11) DEFAULT NULL,
  `stringvalue` varchar(255) DEFAULT NULL,
  `boolvalue` int(11) DEFAULT NULL,
  `phase` int(11) DEFAULT NULL,
  `level` int(11) DEFAULT NULL,
  PRIMARY KEY (`objid`),
  KEY `ix_businessid` (`businessid`),
  KEY `ix_attribute_objid` (`attribute_objid`),
  KEY `ix_attribute_name` (`attribute_name`),
  KEY `ix_lob_objid` (`lob_objid`),
  KEY `ix_lob_name` (`lob_name`),
  CONSTRAINT `FK_business_active_info_business` FOREIGN KEY (`businessid`) REFERENCES `business` (`objid`),
  CONSTRAINT `FK_business_active_info_lob` FOREIGN KEY (`lob_objid`) REFERENCES `lob` (`objid`)
) ENGINE=InnoDB DEFAULT CHARSET=utf8;
/*!40101 SET character_set_client = @saved_cs_client */;

--
-- Dumping data for table `business_active_info`
--

LOCK TABLES `business_active_info` WRITE;
/*!40000 ALTER TABLE `business_active_info` DISABLE KEYS */;
/*!40000 ALTER TABLE `business_active_info` ENABLE KEYS */;
UNLOCK TABLES;

--
-- Table structure for table `business_active_lob`
--

DROP TABLE IF EXISTS `business_active_lob`;
/*!40101 SET @saved_cs_client     = @@character_set_client */;
/*!40101 SET character_set_client = utf8 */;
CREATE TABLE `business_active_lob` (
  `objid` varchar(50) NOT NULL,
  `businessid` varchar(50) NOT NULL,
  `lobid` varchar(50) NOT NULL,
  `name` varchar(100) NOT NULL,
  PRIMARY KEY (`objid`),
  KEY `ix_businessid` (`businessid`),
  KEY `ix_lobid` (`lobid`),
  CONSTRAINT `FK_business_active_lob_business` FOREIGN KEY (`businessid`) REFERENCES `business` (`objid`),
  CONSTRAINT `FK_business_active_lob_lob` FOREIGN KEY (`lobid`) REFERENCES `lob` (`objid`)
) ENGINE=InnoDB DEFAULT CHARSET=utf8;
/*!40101 SET character_set_client = @saved_cs_client */;

--
-- Dumping data for table `business_active_lob`
--

LOCK TABLES `business_active_lob` WRITE;
/*!40000 ALTER TABLE `business_active_lob` DISABLE KEYS */;
/*!40000 ALTER TABLE `business_active_lob` ENABLE KEYS */;
UNLOCK TABLES;

--
-- Table structure for table `business_active_lob_history`
--

DROP TABLE IF EXISTS `business_active_lob_history`;
/*!40101 SET @saved_cs_client     = @@character_set_client */;
/*!40101 SET character_set_client = utf8 */;
CREATE TABLE `business_active_lob_history` (
  `objid` varchar(50) NOT NULL,
  `businessid` varchar(50) DEFAULT NULL,
  `activeyear` int(11) DEFAULT NULL,
  `lobid` varchar(50) DEFAULT NULL,
  `name` varchar(255) DEFAULT NULL,
  PRIMARY KEY (`objid`),
  KEY `ix_businessid` (`businessid`) USING BTREE,
  KEY `ix_activeyear` (`activeyear`) USING BTREE,
  KEY `ix_lobid` (`lobid`) USING BTREE,
  CONSTRAINT `fk_business_active_lob_history_businessid` FOREIGN KEY (`businessid`) REFERENCES `business` (`objid`),
  CONSTRAINT `fk_business_active_lob_history_lobid` FOREIGN KEY (`lobid`) REFERENCES `lob` (`objid`)
) ENGINE=InnoDB DEFAULT CHARSET=utf8;
/*!40101 SET character_set_client = @saved_cs_client */;

--
-- Dumping data for table `business_active_lob_history`
--

LOCK TABLES `business_active_lob_history` WRITE;
/*!40000 ALTER TABLE `business_active_lob_history` DISABLE KEYS */;
/*!40000 ALTER TABLE `business_active_lob_history` ENABLE KEYS */;
UNLOCK TABLES;

--
-- Table structure for table `business_active_lob_history_forprocess`
--

DROP TABLE IF EXISTS `business_active_lob_history_forprocess`;
/*!40101 SET @saved_cs_client     = @@character_set_client */;
/*!40101 SET character_set_client = utf8 */;
CREATE TABLE `business_active_lob_history_forprocess` (
  `businessid` varchar(50) NOT NULL,
  PRIMARY KEY (`businessid`)
) ENGINE=InnoDB DEFAULT CHARSET=utf8;
/*!40101 SET character_set_client = @saved_cs_client */;

--
-- Dumping data for table `business_active_lob_history_forprocess`
--

LOCK TABLES `business_active_lob_history_forprocess` WRITE;
/*!40000 ALTER TABLE `business_active_lob_history_forprocess` DISABLE KEYS */;
/*!40000 ALTER TABLE `business_active_lob_history_forprocess` ENABLE KEYS */;
UNLOCK TABLES;

--
-- Table structure for table `business_address`
--

DROP TABLE IF EXISTS `business_address`;
/*!40101 SET @saved_cs_client     = @@character_set_client */;
/*!40101 SET character_set_client = utf8 */;
CREATE TABLE `business_address` (
  `objid` varchar(50) NOT NULL DEFAULT '',
  `businessid` varchar(50) DEFAULT NULL,
  `type` varchar(50) DEFAULT NULL,
  `addresstype` varchar(50) DEFAULT NULL,
  `barangay_objid` varchar(50) DEFAULT NULL,
  `barangay_name` varchar(100) DEFAULT NULL,
  `city` varchar(50) DEFAULT NULL,
  `province` varchar(50) DEFAULT NULL,
  `municipality` varchar(50) DEFAULT NULL,
  `bldgno` varchar(50) DEFAULT NULL,
  `bldgname` varchar(50) DEFAULT NULL,
  `unitno` varchar(50) DEFAULT NULL,
  `street` varchar(100) DEFAULT NULL,
  `subdivision` varchar(100) DEFAULT NULL,
  `pin` varchar(50) DEFAULT NULL,
  `monthlyrent` decimal(18,2) DEFAULT NULL,
  `lessor_objid` varchar(50) DEFAULT NULL,
  `lessor_name` varchar(255) DEFAULT NULL,
  `lessor_address_text` varchar(255) DEFAULT NULL,
  `rentedaddressid` varchar(50) DEFAULT NULL,
  `ownedaddressid` varchar(50) DEFAULT NULL,
  `lessor_address_objid` varchar(50) DEFAULT NULL,
  PRIMARY KEY (`objid`),
  KEY `ix_businessid` (`businessid`),
  KEY `ix_barangay_objid` (`barangay_objid`),
  KEY `ix_lessor_objid` (`lessor_objid`),
  KEY `ix_rentedaddressid` (`rentedaddressid`),
  KEY `ix_ownedaddressid` (`ownedaddressid`),
  KEY `ix_lessor_address_objid` (`lessor_address_objid`),
  CONSTRAINT `FK_business_address_ownerid` FOREIGN KEY (`ownedaddressid`) REFERENCES `business_lessor` (`objid`),
  CONSTRAINT `FK_business_address_rentedaddressid` FOREIGN KEY (`rentedaddressid`) REFERENCES `business_lessor` (`objid`)
) ENGINE=InnoDB DEFAULT CHARSET=utf8;
/*!40101 SET character_set_client = @saved_cs_client */;

--
-- Dumping data for table `business_address`
--

LOCK TABLES `business_address` WRITE;
/*!40000 ALTER TABLE `business_address` DISABLE KEYS */;
/*!40000 ALTER TABLE `business_address` ENABLE KEYS */;
UNLOCK TABLES;

--
-- Table structure for table `business_application`
--

DROP TABLE IF EXISTS `business_application`;
/*!40101 SET @saved_cs_client     = @@character_set_client */;
/*!40101 SET character_set_client = utf8 */;
CREATE TABLE `business_application` (
  `objid` varchar(50) NOT NULL,
  `business_objid` varchar(50) DEFAULT NULL,
  `state` varchar(50) DEFAULT NULL,
  `appno` varchar(50) DEFAULT NULL,
  `apptype` varchar(25) DEFAULT NULL,
  `dtfiled` date DEFAULT NULL,
  `ownername` varchar(255) DEFAULT NULL,
  `owneraddress` varchar(255) DEFAULT NULL,
  `tradename` varchar(255) DEFAULT NULL,
  `businessaddress` varchar(255) DEFAULT NULL,
  `txndate` datetime DEFAULT NULL,
  `yearstarted` int(11) DEFAULT NULL,
  `appyear` int(11) DEFAULT NULL,
  `appqtr` int(11) DEFAULT NULL,
  `txnmode` varchar(25) DEFAULT NULL,
  `assessor_objid` varchar(50) DEFAULT NULL,
  `assessor_name` varchar(255) DEFAULT NULL,
  `assessor_title` varchar(50) DEFAULT NULL,
  `createdby_objid` varchar(50) DEFAULT NULL,
  `createdby_name` varchar(255) DEFAULT NULL,
  `approver_objid` varchar(50) DEFAULT NULL,
  `approver_name` varchar(255) DEFAULT NULL,
  `approver_title` varchar(50) DEFAULT NULL,
  `dtreleased` datetime DEFAULT NULL,
  `totals_tax` decimal(18,2) DEFAULT NULL,
  `totals_regfee` decimal(18,2) DEFAULT NULL,
  `totals_othercharge` decimal(18,2) DEFAULT NULL,
  `totals_total` decimal(18,2) DEFAULT NULL,
  `remarks` varchar(255) DEFAULT NULL,
  `permit_objid` varchar(50) DEFAULT NULL,
  `parentapplicationid` varchar(50) DEFAULT NULL,
  `nextbilldate` date DEFAULT NULL,
  PRIMARY KEY (`objid`),
  UNIQUE KEY `uix_appno` (`appno`),
  KEY `ix_business_objid` (`business_objid`),
  KEY `ix_state` (`state`),
  KEY `ix_dtfiled` (`dtfiled`),
  KEY `ix_ownername` (`ownername`),
  KEY `ix_owneraddress` (`owneraddress`),
  KEY `ix_tradename` (`tradename`),
  KEY `ix_txndate` (`txndate`),
  KEY `ix_appyear` (`appyear`),
  KEY `ix_businessaddress` (`businessaddress`),
  KEY `ix_assessor_objid` (`assessor_objid`),
  KEY `ix_createdby_objid` (`createdby_objid`),
  KEY `ix_approver_objid` (`approver_objid`),
  KEY `ix_dtreleased` (`dtreleased`),
  KEY `ix_permit_objid` (`permit_objid`),
  KEY `ix_parentapplicationid` (`parentapplicationid`),
  KEY `ix_nextbilldate` (`nextbilldate`),
  CONSTRAINT `FK_business_application_business` FOREIGN KEY (`business_objid`) REFERENCES `business` (`objid`),
  CONSTRAINT `FK_business_application_parent` FOREIGN KEY (`parentapplicationid`) REFERENCES `business_application` (`objid`)
) ENGINE=InnoDB DEFAULT CHARSET=utf8;
/*!40101 SET character_set_client = @saved_cs_client */;

--
-- Dumping data for table `business_application`
--

LOCK TABLES `business_application` WRITE;
/*!40000 ALTER TABLE `business_application` DISABLE KEYS */;
/*!40000 ALTER TABLE `business_application` ENABLE KEYS */;
UNLOCK TABLES;

--
-- Table structure for table `business_application_info`
--

DROP TABLE IF EXISTS `business_application_info`;
/*!40101 SET @saved_cs_client     = @@character_set_client */;
/*!40101 SET character_set_client = utf8 */;
CREATE TABLE `business_application_info` (
  `objid` varchar(50) NOT NULL DEFAULT '',
  `businessid` varchar(50) NOT NULL,
  `applicationid` varchar(50) DEFAULT NULL,
  `activeyear` int(11) DEFAULT NULL,
  `type` varchar(50) DEFAULT NULL,
  `attribute_objid` varchar(50) NOT NULL,
  `attribute_name` varchar(50) NOT NULL,
  `lob_objid` varchar(50) DEFAULT NULL,
  `lob_name` varchar(100) DEFAULT NULL,
  `decimalvalue` decimal(16,2) DEFAULT NULL,
  `intvalue` int(11) DEFAULT NULL,
  `stringvalue` varchar(255) DEFAULT NULL,
  `boolvalue` int(11) DEFAULT NULL,
  `phase` int(11) DEFAULT NULL,
  `level` int(11) DEFAULT NULL,
  PRIMARY KEY (`objid`),
  KEY `ix_businessid` (`businessid`),
  KEY `ix_applicationid` (`applicationid`),
  KEY `ix_activeyear` (`activeyear`),
  KEY `ix_attribute_objid` (`attribute_objid`),
  KEY `ix_lob_objid` (`lob_objid`),
  CONSTRAINT `FK_business_info_business` FOREIGN KEY (`businessid`) REFERENCES `business` (`objid`),
  CONSTRAINT `FK_business_info_business_application` FOREIGN KEY (`applicationid`) REFERENCES `business_application` (`objid`),
  CONSTRAINT `FK_business_info_business_lob` FOREIGN KEY (`lob_objid`) REFERENCES `lob` (`objid`)
) ENGINE=InnoDB DEFAULT CHARSET=utf8;
/*!40101 SET character_set_client = @saved_cs_client */;

--
-- Dumping data for table `business_application_info`
--

LOCK TABLES `business_application_info` WRITE;
/*!40000 ALTER TABLE `business_application_info` DISABLE KEYS */;
/*!40000 ALTER TABLE `business_application_info` ENABLE KEYS */;
UNLOCK TABLES;

--
-- Table structure for table `business_application_lob`
--

DROP TABLE IF EXISTS `business_application_lob`;
/*!40101 SET @saved_cs_client     = @@character_set_client */;
/*!40101 SET character_set_client = utf8 */;
CREATE TABLE `business_application_lob` (
  `objid` varchar(50) NOT NULL,
  `businessid` varchar(50) NOT NULL,
  `applicationid` varchar(50) DEFAULT NULL,
  `activeyear` int(11) NOT NULL,
  `lobid` varchar(50) NOT NULL,
  `name` varchar(100) NOT NULL,
  `assessmenttype` varchar(50) NOT NULL,
  PRIMARY KEY (`objid`),
  KEY `ix_businessid` (`businessid`),
  KEY `ix_applicationid` (`applicationid`),
  KEY `ix_activeyear` (`activeyear`),
  KEY `ix_lobid` (`lobid`),
  KEY `ix_name` (`name`),
  CONSTRAINT `fk_business_application_lob_application` FOREIGN KEY (`applicationid`) REFERENCES `business_application` (`objid`),
  CONSTRAINT `fk_business_application_lob_business` FOREIGN KEY (`businessid`) REFERENCES `business` (`objid`),
  CONSTRAINT `fk_business_application_lob_lob` FOREIGN KEY (`lobid`) REFERENCES `lob` (`objid`)
) ENGINE=InnoDB DEFAULT CHARSET=utf8;
/*!40101 SET character_set_client = @saved_cs_client */;

--
-- Dumping data for table `business_application_lob`
--

LOCK TABLES `business_application_lob` WRITE;
/*!40000 ALTER TABLE `business_application_lob` DISABLE KEYS */;
/*!40000 ALTER TABLE `business_application_lob` ENABLE KEYS */;
UNLOCK TABLES;

--
-- Table structure for table `business_application_task`
--

DROP TABLE IF EXISTS `business_application_task`;
/*!40101 SET @saved_cs_client     = @@character_set_client */;
/*!40101 SET character_set_client = utf8 */;
CREATE TABLE `business_application_task` (
  `objid` varchar(50) NOT NULL DEFAULT '',
  `refid` varchar(50) DEFAULT NULL,
  `parentprocessid` varchar(50) DEFAULT NULL,
  `state` varchar(50) DEFAULT NULL,
  `startdate` datetime DEFAULT NULL,
  `enddate` datetime DEFAULT NULL,
  `assignee_objid` varchar(50) DEFAULT NULL,
  `assignee_name` varchar(100) DEFAULT NULL,
  `actor_objid` varchar(50) DEFAULT NULL,
  `actor_name` varchar(100) DEFAULT NULL,
  `message` varchar(255) DEFAULT NULL,
  PRIMARY KEY (`objid`),
  KEY `ix_refid` (`refid`),
  KEY `ix_parentprocessid` (`parentprocessid`),
  KEY `ix_startdate` (`startdate`),
  KEY `ix_enddate` (`enddate`),
  KEY `ix_assignee_objid` (`assignee_objid`),
  KEY `ix_actor_objid` (`actor_objid`),
  CONSTRAINT `fk_business_application_task_application` FOREIGN KEY (`refid`) REFERENCES `business_application` (`objid`)
) ENGINE=InnoDB DEFAULT CHARSET=utf8;
/*!40101 SET character_set_client = @saved_cs_client */;

--
-- Dumping data for table `business_application_task`
--

LOCK TABLES `business_application_task` WRITE;
/*!40000 ALTER TABLE `business_application_task` DISABLE KEYS */;
/*!40000 ALTER TABLE `business_application_task` ENABLE KEYS */;
UNLOCK TABLES;

--
-- Table structure for table `business_application_task_lock`
--

DROP TABLE IF EXISTS `business_application_task_lock`;
/*!40101 SET @saved_cs_client     = @@character_set_client */;
/*!40101 SET character_set_client = utf8 */;
CREATE TABLE `business_application_task_lock` (
  `refid` varchar(50) NOT NULL,
  `state` varchar(50) NOT NULL,
  PRIMARY KEY (`refid`,`state`),
  KEY `ix_refid` (`refid`),
  CONSTRAINT `fk_business_application_task_lock_refid` FOREIGN KEY (`refid`) REFERENCES `business_application` (`objid`)
) ENGINE=InnoDB DEFAULT CHARSET=utf8;
/*!40101 SET character_set_client = @saved_cs_client */;

--
-- Dumping data for table `business_application_task_lock`
--

LOCK TABLES `business_application_task_lock` WRITE;
/*!40000 ALTER TABLE `business_application_task_lock` DISABLE KEYS */;
/*!40000 ALTER TABLE `business_application_task_lock` ENABLE KEYS */;
UNLOCK TABLES;

--
-- Table structure for table `business_application_workitem`
--

DROP TABLE IF EXISTS `business_application_workitem`;
/*!40101 SET @saved_cs_client     = @@character_set_client */;
/*!40101 SET character_set_client = utf8 */;
CREATE TABLE `business_application_workitem` (
  `objid` varchar(50) NOT NULL DEFAULT '',
  `refid` varchar(50) DEFAULT NULL,
  `taskid` varchar(50) DEFAULT NULL,
  `workitemid` varchar(50) DEFAULT NULL,
  `startdate` datetime DEFAULT NULL,
  `enddate` datetime DEFAULT NULL,
  `assignee_objid` varchar(50) DEFAULT NULL,
  `assignee_name` varchar(100) DEFAULT NULL,
  `actor_objid` varchar(50) DEFAULT NULL,
  `actor_name` varchar(100) DEFAULT NULL,
  `remarks` varchar(255) DEFAULT NULL,
  `message` varchar(255) DEFAULT NULL,
  `action` varchar(50) DEFAULT NULL,
  PRIMARY KEY (`objid`),
  KEY `ix_refid` (`refid`),
  KEY `ix_taskid` (`taskid`),
  KEY `ix_workitemid` (`workitemid`),
  KEY `ix_startdate` (`startdate`),
  KEY `ix_enddate` (`enddate`),
  KEY `ix_assignee_objid` (`assignee_objid`),
  KEY `ix_actor_objid` (`actor_objid`),
  CONSTRAINT `fk_business_application_workitem_task` FOREIGN KEY (`taskid`) REFERENCES `business_application_task` (`objid`)
) ENGINE=InnoDB DEFAULT CHARSET=utf8;
/*!40101 SET character_set_client = @saved_cs_client */;

--
-- Dumping data for table `business_application_workitem`
--

LOCK TABLES `business_application_workitem` WRITE;
/*!40000 ALTER TABLE `business_application_workitem` DISABLE KEYS */;
/*!40000 ALTER TABLE `business_application_workitem` ENABLE KEYS */;
UNLOCK TABLES;

--
-- Table structure for table `business_billing`
--

DROP TABLE IF EXISTS `business_billing`;
/*!40101 SET @saved_cs_client     = @@character_set_client */;
/*!40101 SET character_set_client = utf8 */;
CREATE TABLE `business_billing` (
  `objid` varchar(50) NOT NULL,
  `applicationid` varchar(50) DEFAULT NULL,
  `businessid` varchar(50) DEFAULT NULL,
  `billdate` datetime DEFAULT NULL,
  `apptype` varchar(50) DEFAULT NULL,
  `appyear` int(11) DEFAULT NULL,
  `expirydate` datetime DEFAULT NULL,
  `amount` decimal(18,2) DEFAULT NULL,
  `surcharge` decimal(18,2) DEFAULT NULL,
  `interest` decimal(18,2) DEFAULT NULL,
  PRIMARY KEY (`objid`),
  UNIQUE KEY `ix_applicationid` (`applicationid`),
  KEY `ix_businessid` (`businessid`),
  KEY `ix_billdate` (`billdate`),
  KEY `ix_appyear` (`appyear`),
  KEY `ix_expirydate` (`expirydate`),
  CONSTRAINT `FK_business_billing_applicationid` FOREIGN KEY (`applicationid`) REFERENCES `business_application` (`objid`),
  CONSTRAINT `FK_business_billing_businessid` FOREIGN KEY (`businessid`) REFERENCES `business` (`objid`)
) ENGINE=InnoDB DEFAULT CHARSET=utf8;
/*!40101 SET character_set_client = @saved_cs_client */;

--
-- Dumping data for table `business_billing`
--

LOCK TABLES `business_billing` WRITE;
/*!40000 ALTER TABLE `business_billing` DISABLE KEYS */;
/*!40000 ALTER TABLE `business_billing` ENABLE KEYS */;
UNLOCK TABLES;

--
-- Table structure for table `business_billing_item`
--

DROP TABLE IF EXISTS `business_billing_item`;
/*!40101 SET @saved_cs_client     = @@character_set_client */;
/*!40101 SET character_set_client = utf8 */;
CREATE TABLE `business_billing_item` (
  `objid` varchar(50) NOT NULL,
  `parentid` varchar(50) DEFAULT NULL,
  `receivableid` varchar(50) DEFAULT NULL,
  `account_objid` varchar(50) DEFAULT NULL,
  `account_title` varchar(255) DEFAULT NULL,
  `qtr` int(11) DEFAULT NULL,
  `duedate` datetime DEFAULT NULL,
  `amount` decimal(18,2) DEFAULT NULL,
  `surcharge` decimal(18,2) DEFAULT NULL,
  `interest` decimal(18,2) DEFAULT NULL,
  `discount` decimal(18,2) DEFAULT NULL,
  `lob_objid` varchar(50) DEFAULT NULL,
  `lob_assessmenttype` varchar(50) DEFAULT NULL,
  `taxfeetype` varchar(50) DEFAULT NULL,
  `paypriority` int(11) DEFAULT NULL,
  `sortorder` int(11) DEFAULT NULL,
  PRIMARY KEY (`objid`),
  KEY `ix_parentid` (`parentid`),
  KEY `ix_receivableid` (`receivableid`),
  KEY `ix_account_objid` (`account_objid`),
  KEY `ix_duedate` (`duedate`),
  KEY `ix_lob_objid` (`lob_objid`),
  CONSTRAINT `fk_business_billing_item_parent` FOREIGN KEY (`parentid`) REFERENCES `business_billing` (`objid`)
) ENGINE=InnoDB DEFAULT CHARSET=utf8;
/*!40101 SET character_set_client = @saved_cs_client */;

--
-- Dumping data for table `business_billing_item`
--

LOCK TABLES `business_billing_item` WRITE;
/*!40000 ALTER TABLE `business_billing_item` DISABLE KEYS */;
/*!40000 ALTER TABLE `business_billing_item` ENABLE KEYS */;
UNLOCK TABLES;

--
-- Table structure for table `business_billitem_txntype`
--

DROP TABLE IF EXISTS `business_billitem_txntype`;
/*!40101 SET @saved_cs_client     = @@character_set_client */;
/*!40101 SET character_set_client = utf8 */;
CREATE TABLE `business_billitem_txntype` (
  `objid` varchar(50) NOT NULL,
  `title` varchar(255) DEFAULT NULL,
  `category` varchar(50) DEFAULT NULL,
  `acctid` varchar(50) DEFAULT NULL,
  `feetype` varchar(50) DEFAULT NULL,
  `domain` varchar(100) DEFAULT NULL,
  `role` varchar(100) DEFAULT NULL,
  PRIMARY KEY (`objid`),
  KEY `ix_acctid` (`acctid`)
) ENGINE=InnoDB DEFAULT CHARSET=utf8;
/*!40101 SET character_set_client = @saved_cs_client */;

--
-- Dumping data for table `business_billitem_txntype`
--

LOCK TABLES `business_billitem_txntype` WRITE;
/*!40000 ALTER TABLE `business_billitem_txntype` DISABLE KEYS */;
/*!40000 ALTER TABLE `business_billitem_txntype` ENABLE KEYS */;
UNLOCK TABLES;

--
-- Table structure for table `business_change_log`
--

DROP TABLE IF EXISTS `business_change_log`;
/*!40101 SET @saved_cs_client     = @@character_set_client */;
/*!40101 SET character_set_client = utf8 */;
CREATE TABLE `business_change_log` (
  `objid` varchar(50) NOT NULL,
  `businessid` varchar(50) NOT NULL,
  `applicationid` varchar(50) NOT NULL,
  `entryno` varchar(50) NOT NULL,
  `dtfiled` datetime NOT NULL,
  `filedby_objid` varchar(50) NOT NULL,
  `filedby_name` varchar(100) NOT NULL,
  `changetype` varchar(50) NOT NULL,
  `reason` varchar(255) NOT NULL,
  `particulars` text,
  PRIMARY KEY (`objid`),
  KEY `ix_businessid` (`businessid`),
  KEY `ix_applicationid` (`applicationid`),
  KEY `ix_entryno` (`entryno`),
  KEY `ix_dtfiled` (`dtfiled`),
  KEY `ix_filedby_objid` (`filedby_objid`),
  CONSTRAINT `FK_business_change_log_applicationid` FOREIGN KEY (`applicationid`) REFERENCES `business_application` (`objid`),
  CONSTRAINT `FK_business_change_log_businessid` FOREIGN KEY (`businessid`) REFERENCES `business` (`objid`)
) ENGINE=InnoDB DEFAULT CHARSET=utf8;
/*!40101 SET character_set_client = @saved_cs_client */;

--
-- Dumping data for table `business_change_log`
--

LOCK TABLES `business_change_log` WRITE;
/*!40000 ALTER TABLE `business_change_log` DISABLE KEYS */;
/*!40000 ALTER TABLE `business_change_log` ENABLE KEYS */;
UNLOCK TABLES;

--
-- Table structure for table `business_closure`
--

DROP TABLE IF EXISTS `business_closure`;
/*!40101 SET @saved_cs_client     = @@character_set_client */;
/*!40101 SET character_set_client = utf8 */;
CREATE TABLE `business_closure` (
  `objid` varchar(50) NOT NULL,
  `businessid` varchar(50) NOT NULL,
  `dtcreated` datetime NOT NULL,
  `createdby_objid` varchar(50) NOT NULL,
  `createdby_name` varchar(150) NOT NULL,
  `dtceased` date NOT NULL,
  `dtissued` datetime NOT NULL,
  `remarks` text,
  PRIMARY KEY (`objid`),
  UNIQUE KEY `uix_businessid` (`businessid`),
  KEY `ix_createdby_objid` (`createdby_objid`),
  KEY `ix_dtceased` (`dtceased`),
  KEY `ix_dtcreated` (`dtcreated`),
  KEY `ix_dtissued` (`dtissued`),
  CONSTRAINT `fk_business_closure_businessid` FOREIGN KEY (`businessid`) REFERENCES `business` (`objid`)
) ENGINE=InnoDB DEFAULT CHARSET=utf8;
/*!40101 SET character_set_client = @saved_cs_client */;

--
-- Dumping data for table `business_closure`
--

LOCK TABLES `business_closure` WRITE;
/*!40000 ALTER TABLE `business_closure` DISABLE KEYS */;
/*!40000 ALTER TABLE `business_closure` ENABLE KEYS */;
UNLOCK TABLES;

--
-- Table structure for table `business_compromise`
--

DROP TABLE IF EXISTS `business_compromise`;
/*!40101 SET @saved_cs_client     = @@character_set_client */;
/*!40101 SET character_set_client = utf8 */;
CREATE TABLE `business_compromise` (
  `objid` varchar(50) NOT NULL,
  `businessid` varchar(50) DEFAULT NULL,
  `txntype` varchar(50) DEFAULT NULL,
  `dtfiled` datetime DEFAULT NULL,
  `dtexpiry` datetime DEFAULT NULL,
  `description` varchar(255) DEFAULT NULL,
  `createdby_objid` varchar(50) DEFAULT NULL,
  `createdby_name` varchar(255) DEFAULT NULL,
  `approver_objid` varchar(50) DEFAULT NULL,
  `approver_name` varchar(255) DEFAULT NULL,
  PRIMARY KEY (`objid`),
  KEY `ix_businessid` (`businessid`),
  KEY `ix_txntype` (`txntype`),
  KEY `ix_dtfiled` (`dtfiled`),
  KEY `ix_dtexpiry` (`dtexpiry`),
  KEY `ix_createdby_objid` (`createdby_objid`),
  KEY `ix_approver_objid` (`approver_objid`),
  CONSTRAINT `fk_business_compromise_business` FOREIGN KEY (`businessid`) REFERENCES `business` (`objid`)
) ENGINE=InnoDB DEFAULT CHARSET=utf8;
/*!40101 SET character_set_client = @saved_cs_client */;

--
-- Dumping data for table `business_compromise`
--

LOCK TABLES `business_compromise` WRITE;
/*!40000 ALTER TABLE `business_compromise` DISABLE KEYS */;
/*!40000 ALTER TABLE `business_compromise` ENABLE KEYS */;
UNLOCK TABLES;

--
-- Table structure for table `business_lessor`
--

DROP TABLE IF EXISTS `business_lessor`;
/*!40101 SET @saved_cs_client     = @@character_set_client */;
/*!40101 SET character_set_client = utf8 */;
CREATE TABLE `business_lessor` (
  `objid` varchar(50) NOT NULL,
  `government` int(11) DEFAULT NULL,
  `lessor_orgtype` varchar(50) DEFAULT NULL,
  `lessor_objid` varchar(50) DEFAULT NULL,
  `lessor_name` varchar(100) DEFAULT NULL,
  `lessor_address_text` varchar(255) DEFAULT NULL,
  `lessor_address_objid` varchar(50) DEFAULT NULL,
  `bldgno` varchar(50) DEFAULT NULL,
  `bldgname` varchar(50) DEFAULT NULL,
  `street` varchar(100) DEFAULT NULL,
  `subdivision` varchar(100) DEFAULT NULL,
  `barangay_objid` varchar(50) DEFAULT NULL,
  `barangay_name` varchar(100) DEFAULT NULL,
  `pin` varchar(50) DEFAULT NULL,
  PRIMARY KEY (`objid`),
  KEY `ix_lessor_objid` (`lessor_objid`),
  KEY `ix_lessor_address_objid` (`lessor_address_objid`),
  KEY `ix_bldgno` (`bldgno`),
  KEY `ix_bldgname` (`bldgname`),
  KEY `ix_barangay_objid` (`barangay_objid`)
) ENGINE=InnoDB DEFAULT CHARSET=utf8;
/*!40101 SET character_set_client = @saved_cs_client */;

--
-- Dumping data for table `business_lessor`
--

LOCK TABLES `business_lessor` WRITE;
/*!40000 ALTER TABLE `business_lessor` DISABLE KEYS */;
/*!40000 ALTER TABLE `business_lessor` ENABLE KEYS */;
UNLOCK TABLES;

--
-- Table structure for table `business_payment`
--

DROP TABLE IF EXISTS `business_payment`;
/*!40101 SET @saved_cs_client     = @@character_set_client */;
/*!40101 SET character_set_client = utf8 */;
CREATE TABLE `business_payment` (
  `objid` varchar(50) NOT NULL,
  `businessid` varchar(50) DEFAULT NULL,
  `appyear` int(11) DEFAULT NULL,
  `applicationid` varchar(50) DEFAULT NULL,
  `refid` varchar(50) DEFAULT NULL,
  `reftype` varchar(50) DEFAULT NULL,
  `refno` varchar(50) DEFAULT NULL,
  `refdate` date DEFAULT NULL,
  `amount` decimal(18,2) DEFAULT NULL,
  `remarks` varchar(255) DEFAULT NULL,
  `voided` int(11) DEFAULT NULL,
  `paymentmode` varchar(50) DEFAULT NULL,
  `taxcredit` decimal(16,2) DEFAULT NULL,
  PRIMARY KEY (`objid`),
  KEY `ix_businessid` (`businessid`),
  KEY `ix_appyear` (`appyear`),
  KEY `ix_applicationid` (`applicationid`),
  KEY `ix_refid` (`refid`),
  KEY `ix_refno` (`refno`),
  KEY `ix_refdate` (`refdate`),
  CONSTRAINT `fk_business_payment_application` FOREIGN KEY (`applicationid`) REFERENCES `business_application` (`objid`),
  CONSTRAINT `fk_business_payment_business` FOREIGN KEY (`businessid`) REFERENCES `business` (`objid`)
) ENGINE=InnoDB DEFAULT CHARSET=utf8;
/*!40101 SET character_set_client = @saved_cs_client */;

--
-- Dumping data for table `business_payment`
--

LOCK TABLES `business_payment` WRITE;
/*!40000 ALTER TABLE `business_payment` DISABLE KEYS */;
/*!40000 ALTER TABLE `business_payment` ENABLE KEYS */;
UNLOCK TABLES;

--
-- Table structure for table `business_payment_item`
--

DROP TABLE IF EXISTS `business_payment_item`;
/*!40101 SET @saved_cs_client     = @@character_set_client */;
/*!40101 SET character_set_client = utf8 */;
CREATE TABLE `business_payment_item` (
  `objid` varchar(50) NOT NULL,
  `parentid` varchar(50) DEFAULT NULL,
  `receivableid` varchar(50) DEFAULT NULL,
  `amount` decimal(16,2) DEFAULT NULL,
  `discount` decimal(16,2) DEFAULT NULL,
  `account_objid` varchar(50) DEFAULT NULL,
  `account_code` varchar(50) DEFAULT NULL,
  `account_title` varchar(100) DEFAULT NULL,
  `lob_objid` varchar(50) DEFAULT NULL,
  `lob_name` varchar(255) DEFAULT NULL,
  `remarks` varchar(255) DEFAULT NULL,
  `txntype` varchar(50) DEFAULT NULL,
  `sortorder` int(11) DEFAULT NULL,
  `surcharge` decimal(16,2) DEFAULT NULL,
  `interest` decimal(16,2) DEFAULT NULL,
  `qtr` int(11) DEFAULT NULL,
  `partial` int(11) DEFAULT NULL,
  PRIMARY KEY (`objid`),
  KEY `ix_parentid` (`parentid`),
  KEY `ix_receivableid` (`receivableid`),
  KEY `ix_account_objid` (`account_objid`),
  KEY `ix_lob_objid` (`lob_objid`),
  CONSTRAINT `fk_business_payment_item_parent` FOREIGN KEY (`parentid`) REFERENCES `business_payment` (`objid`)
) ENGINE=InnoDB DEFAULT CHARSET=utf8;
/*!40101 SET character_set_client = @saved_cs_client */;

--
-- Dumping data for table `business_payment_item`
--

LOCK TABLES `business_payment_item` WRITE;
/*!40000 ALTER TABLE `business_payment_item` DISABLE KEYS */;
/*!40000 ALTER TABLE `business_payment_item` ENABLE KEYS */;
UNLOCK TABLES;

--
-- Table structure for table `business_permit`
--

DROP TABLE IF EXISTS `business_permit`;
/*!40101 SET @saved_cs_client     = @@character_set_client */;
/*!40101 SET character_set_client = utf8 */;
CREATE TABLE `business_permit` (
  `objid` varchar(50) NOT NULL,
  `businessid` varchar(50) DEFAULT NULL,
  `applicationid` varchar(50) DEFAULT NULL,
  `state` varchar(20) DEFAULT NULL,
  `permitno` varchar(20) DEFAULT NULL,
  `activeyear` int(11) DEFAULT NULL,
  `version` int(11) DEFAULT NULL,
  `permittype` varchar(20) DEFAULT NULL,
  `dtissued` date DEFAULT NULL,
  `issuedby_objid` varchar(50) DEFAULT NULL,
  `issuedby_name` varchar(255) DEFAULT NULL,
  `expirydate` date DEFAULT NULL,
  `remarks` varchar(255) DEFAULT NULL,
  `plateno` varchar(50) DEFAULT NULL,
  PRIMARY KEY (`objid`),
  UNIQUE KEY `uix_businessid_activeyear_version` (`businessid`,`activeyear`,`version`),
  UNIQUE KEY `uix_permitno` (`permitno`),
  KEY `ix_businessid` (`businessid`),
  KEY `ix_applicationid` (`applicationid`),
  KEY `ix_activeyear` (`activeyear`),
  KEY `ix_dtissued` (`dtissued`),
  KEY `ix_issuedby_objid` (`issuedby_objid`),
  KEY `ix_expirydate` (`expirydate`),
  KEY `ix_plateno` (`plateno`),
  CONSTRAINT `fk_business_permit_application` FOREIGN KEY (`applicationid`) REFERENCES `business_application` (`objid`),
  CONSTRAINT `fk_business_permit_business` FOREIGN KEY (`businessid`) REFERENCES `business` (`objid`)
) ENGINE=InnoDB DEFAULT CHARSET=utf8;
/*!40101 SET character_set_client = @saved_cs_client */;

--
-- Dumping data for table `business_permit`
--

LOCK TABLES `business_permit` WRITE;
/*!40000 ALTER TABLE `business_permit` DISABLE KEYS */;
/*!40000 ALTER TABLE `business_permit` ENABLE KEYS */;
UNLOCK TABLES;

--
-- Table structure for table `business_permit_lob`
--

DROP TABLE IF EXISTS `business_permit_lob`;
/*!40101 SET @saved_cs_client     = @@character_set_client */;
/*!40101 SET character_set_client = utf8 */;
CREATE TABLE `business_permit_lob` (
  `objid` varchar(50) NOT NULL,
  `parentid` varchar(50) DEFAULT NULL,
  `lobid` varchar(50) DEFAULT NULL,
  `name` varchar(255) NOT NULL,
  `txndate` datetime DEFAULT NULL,
  PRIMARY KEY (`objid`),
  KEY `ix_parentid` (`parentid`),
  KEY `ix_lobid` (`lobid`),
  KEY `ix_name` (`name`),
  CONSTRAINT `fk_business_permit_lob_lobid` FOREIGN KEY (`lobid`) REFERENCES `lob` (`objid`),
  CONSTRAINT `fk_business_permit_lob_parentid` FOREIGN KEY (`parentid`) REFERENCES `business_permit` (`objid`)
) ENGINE=InnoDB DEFAULT CHARSET=utf8;
/*!40101 SET character_set_client = @saved_cs_client */;

--
-- Dumping data for table `business_permit_lob`
--

LOCK TABLES `business_permit_lob` WRITE;
/*!40000 ALTER TABLE `business_permit_lob` DISABLE KEYS */;
/*!40000 ALTER TABLE `business_permit_lob` ENABLE KEYS */;
UNLOCK TABLES;

--
-- Table structure for table `business_permit_type`
--

DROP TABLE IF EXISTS `business_permit_type`;
/*!40101 SET @saved_cs_client     = @@character_set_client */;
/*!40101 SET character_set_client = utf8 */;
CREATE TABLE `business_permit_type` (
  `objid` varchar(10) NOT NULL,
  `title` varchar(100) DEFAULT NULL,
  `options` varchar(255) DEFAULT NULL,
  `indexno` int(11) DEFAULT NULL,
  `handler` varchar(50) DEFAULT NULL,
  PRIMARY KEY (`objid`)
) ENGINE=InnoDB DEFAULT CHARSET=utf8;
/*!40101 SET character_set_client = @saved_cs_client */;

--
-- Dumping data for table `business_permit_type`
--

LOCK TABLES `business_permit_type` WRITE;
/*!40000 ALTER TABLE `business_permit_type` DISABLE KEYS */;
/*!40000 ALTER TABLE `business_permit_type` ENABLE KEYS */;
UNLOCK TABLES;

--
-- Table structure for table `business_receivable`
--

DROP TABLE IF EXISTS `business_receivable`;
/*!40101 SET @saved_cs_client     = @@character_set_client */;
/*!40101 SET character_set_client = utf8 */;
CREATE TABLE `business_receivable` (
  `objid` varchar(50) NOT NULL,
  `businessid` varchar(50) DEFAULT NULL,
  `applicationid` varchar(50) DEFAULT NULL,
  `iyear` int(11) DEFAULT NULL,
  `account_objid` varchar(50) DEFAULT NULL,
  `account_title` varchar(100) DEFAULT NULL,
  `lob_objid` varchar(50) DEFAULT NULL,
  `lob_name` varchar(100) DEFAULT NULL,
  `amount` decimal(16,2) NOT NULL,
  `amtpaid` decimal(16,2) NOT NULL,
  `discount` decimal(16,2) NOT NULL,
  `taxcredit` decimal(16,2) DEFAULT NULL,
  `refid` varchar(50) DEFAULT NULL,
  `reftype` varchar(50) DEFAULT NULL,
  `remarks` varchar(255) DEFAULT NULL,
  `department` varchar(50) DEFAULT NULL,
  `taxfeetype` varchar(50) DEFAULT NULL,
  `qtr` int(11) DEFAULT NULL,
  `surcharge` decimal(16,2) DEFAULT NULL,
  `interest` decimal(16,2) DEFAULT NULL,
  `assessmenttype` varchar(50) DEFAULT NULL,
  `lastqtrpaid` int(11) DEFAULT NULL,
  `partial` int(11) DEFAULT NULL,
  PRIMARY KEY (`objid`),
  KEY `ix_businessid` (`businessid`),
  KEY `ix_applicationid` (`applicationid`),
  KEY `ix_account_objid` (`account_objid`),
  KEY `ix_lob_objid` (`lob_objid`),
  CONSTRAINT `fk_business_receivable_application` FOREIGN KEY (`applicationid`) REFERENCES `business_application` (`objid`),
  CONSTRAINT `fk_business_receivable_business` FOREIGN KEY (`businessid`) REFERENCES `business` (`objid`),
  CONSTRAINT `fk_business_receivable_lob_objid` FOREIGN KEY (`lob_objid`) REFERENCES `lob` (`objid`)
) ENGINE=InnoDB DEFAULT CHARSET=utf8;
/*!40101 SET character_set_client = @saved_cs_client */;

--
-- Dumping data for table `business_receivable`
--

LOCK TABLES `business_receivable` WRITE;
/*!40000 ALTER TABLE `business_receivable` DISABLE KEYS */;
/*!40000 ALTER TABLE `business_receivable` ENABLE KEYS */;
UNLOCK TABLES;

--
-- Table structure for table `business_receivable_detail`
--

DROP TABLE IF EXISTS `business_receivable_detail`;
/*!40101 SET @saved_cs_client     = @@character_set_client */;
/*!40101 SET character_set_client = utf8 */;
CREATE TABLE `business_receivable_detail` (
  `objid` varchar(50) NOT NULL,
  `receivableid` varchar(50) DEFAULT NULL,
  `qtr` int(11) DEFAULT NULL,
  `duedate` datetime DEFAULT NULL,
  `amount` decimal(18,2) DEFAULT NULL,
  `surcharge` decimal(18,2) DEFAULT NULL,
  `interest` decimal(18,2) DEFAULT NULL,
  `discount` decimal(18,2) DEFAULT NULL,
  `paypriority` int(11) DEFAULT NULL,
  `sortorder` int(11) DEFAULT NULL,
  PRIMARY KEY (`objid`),
  KEY `ix_receivableid` (`receivableid`),
  KEY `ix_duedate` (`duedate`)
) ENGINE=InnoDB DEFAULT CHARSET=utf8;
/*!40101 SET character_set_client = @saved_cs_client */;

--
-- Dumping data for table `business_receivable_detail`
--

LOCK TABLES `business_receivable_detail` WRITE;
/*!40000 ALTER TABLE `business_receivable_detail` DISABLE KEYS */;
/*!40000 ALTER TABLE `business_receivable_detail` ENABLE KEYS */;
UNLOCK TABLES;

--
-- Table structure for table `business_recurringfee`
--

DROP TABLE IF EXISTS `business_recurringfee`;
/*!40101 SET @saved_cs_client     = @@character_set_client */;
/*!40101 SET character_set_client = utf8 */;
CREATE TABLE `business_recurringfee` (
  `objid` varchar(50) NOT NULL DEFAULT '',
  `businessid` varchar(50) DEFAULT NULL,
  `state` varchar(20) DEFAULT NULL,
  `account_objid` varchar(50) DEFAULT NULL,
  `account_title` varchar(100) DEFAULT NULL,
  `amount` decimal(16,2) NOT NULL,
  `remarks` varchar(255) DEFAULT NULL,
  `department` varchar(50) DEFAULT NULL,
  `user_objid` varchar(50) DEFAULT NULL,
  `user_name` varchar(150) DEFAULT NULL,
  `txntype_objid` varchar(50) DEFAULT NULL,
  PRIMARY KEY (`objid`),
  UNIQUE KEY `uix_businessid_acctid` (`businessid`,`account_objid`),
  KEY `ix_businessid` (`businessid`),
  KEY `ix_account_objid` (`account_objid`),
  KEY `ix_txntype_objid` (`txntype_objid`),
  CONSTRAINT `fk_business_recurringfee_business` FOREIGN KEY (`businessid`) REFERENCES `business` (`objid`),
  CONSTRAINT `fk_business_recurringfee_txntype_objid` FOREIGN KEY (`txntype_objid`) REFERENCES `business_billitem_txntype` (`objid`)
) ENGINE=InnoDB DEFAULT CHARSET=utf8;
/*!40101 SET character_set_client = @saved_cs_client */;

--
-- Dumping data for table `business_recurringfee`
--

LOCK TABLES `business_recurringfee` WRITE;
/*!40000 ALTER TABLE `business_recurringfee` DISABLE KEYS */;
/*!40000 ALTER TABLE `business_recurringfee` ENABLE KEYS */;
UNLOCK TABLES;

--
-- Table structure for table `business_redflag`
--

DROP TABLE IF EXISTS `business_redflag`;
/*!40101 SET @saved_cs_client     = @@character_set_client */;
/*!40101 SET character_set_client = utf8 */;
CREATE TABLE `business_redflag` (
  `objid` varchar(50) NOT NULL,
  `businessid` varchar(50) DEFAULT NULL,
  `message` varchar(255) DEFAULT NULL,
  `dtfiled` datetime DEFAULT NULL,
  `filedby_objid` varchar(50) DEFAULT NULL,
  `filedby_name` varchar(255) DEFAULT NULL,
  `resolved` int(11) DEFAULT NULL,
  `remarks` varchar(255) DEFAULT NULL,
  `blockaction` varchar(50) DEFAULT NULL,
  `effectivedate` date DEFAULT NULL,
  `resolvedby_objid` varchar(50) DEFAULT NULL,
  `resolvedby_name` varchar(100) DEFAULT NULL,
  `caseno` varchar(50) DEFAULT NULL,
  PRIMARY KEY (`objid`),
  KEY `ix_businessid` (`businessid`),
  KEY `ix_dtfiled` (`dtfiled`),
  KEY `ix_filedby_objid` (`filedby_objid`),
  KEY `ix_effectivedate` (`effectivedate`),
  KEY `ix_resolvedby_objid` (`resolvedby_objid`),
  CONSTRAINT `fk_business_redflag_business` FOREIGN KEY (`businessid`) REFERENCES `business` (`objid`)
) ENGINE=InnoDB DEFAULT CHARSET=utf8;
/*!40101 SET character_set_client = @saved_cs_client */;

--
-- Dumping data for table `business_redflag`
--

LOCK TABLES `business_redflag` WRITE;
/*!40000 ALTER TABLE `business_redflag` DISABLE KEYS */;
/*!40000 ALTER TABLE `business_redflag` ENABLE KEYS */;
UNLOCK TABLES;

--
-- Table structure for table `business_requirement`
--

DROP TABLE IF EXISTS `business_requirement`;
/*!40101 SET @saved_cs_client     = @@character_set_client */;
/*!40101 SET character_set_client = utf8 */;
CREATE TABLE `business_requirement` (
  `objid` varchar(50) NOT NULL,
  `businessid` varchar(50) DEFAULT NULL,
  `applicationid` varchar(50) DEFAULT NULL,
  `refid` varchar(50) DEFAULT NULL,
  `reftype` varchar(50) DEFAULT NULL,
  `refno` varchar(50) DEFAULT NULL,
  `issuedby` varchar(100) DEFAULT NULL,
  `dtissued` date DEFAULT NULL,
  `placeissued` varchar(100) DEFAULT NULL,
  `title` varchar(50) DEFAULT NULL,
  `remarks` varchar(255) DEFAULT NULL,
  `status` varchar(25) DEFAULT NULL,
  `step` varchar(50) DEFAULT NULL,
  `completedby_objid` varchar(50) DEFAULT NULL,
  `completedby_name` varchar(50) DEFAULT NULL,
  `dtcompleted` datetime DEFAULT NULL,
  `completed` int(11) DEFAULT NULL,
  `expirydate` date DEFAULT NULL,
  PRIMARY KEY (`objid`),
  KEY `ix_businessid` (`businessid`),
  KEY `ix_applicationid` (`applicationid`),
  KEY `ix_refid` (`refid`),
  KEY `ix_refno` (`refno`),
  KEY `ix_dtissued` (`dtissued`),
  KEY `ix_completedby_objid` (`completedby_objid`),
  KEY `ix_dtcompleted` (`dtcompleted`),
  CONSTRAINT `fk_business_requirement_application` FOREIGN KEY (`applicationid`) REFERENCES `business_application` (`objid`),
  CONSTRAINT `fk_business_requirement_business` FOREIGN KEY (`businessid`) REFERENCES `business` (`objid`)
) ENGINE=InnoDB DEFAULT CHARSET=utf8;
/*!40101 SET character_set_client = @saved_cs_client */;

--
-- Dumping data for table `business_requirement`
--

LOCK TABLES `business_requirement` WRITE;
/*!40000 ALTER TABLE `business_requirement` DISABLE KEYS */;
/*!40000 ALTER TABLE `business_requirement` ENABLE KEYS */;
UNLOCK TABLES;

--
-- Table structure for table `business_sms`
--

DROP TABLE IF EXISTS `business_sms`;
/*!40101 SET @saved_cs_client     = @@character_set_client */;
/*!40101 SET character_set_client = utf8 */;
CREATE TABLE `business_sms` (
  `objid` varchar(50) NOT NULL,
  `businessid` varchar(50) DEFAULT NULL,
  `traceid` varchar(50) DEFAULT NULL,
  `phoneno` varchar(50) DEFAULT NULL,
  `logdate` datetime DEFAULT NULL,
  `message` varchar(255) DEFAULT NULL,
  `amount` decimal(10,2) DEFAULT NULL,
  `amtpaid` decimal(10,2) DEFAULT NULL,
  `action` varchar(50) DEFAULT NULL,
  PRIMARY KEY (`objid`)
) ENGINE=InnoDB DEFAULT CHARSET=utf8;
/*!40101 SET character_set_client = @saved_cs_client */;

--
-- Dumping data for table `business_sms`
--

LOCK TABLES `business_sms` WRITE;
/*!40000 ALTER TABLE `business_sms` DISABLE KEYS */;
/*!40000 ALTER TABLE `business_sms` ENABLE KEYS */;
UNLOCK TABLES;

--
-- Table structure for table `business_taxcredit`
--

DROP TABLE IF EXISTS `business_taxcredit`;
/*!40101 SET @saved_cs_client     = @@character_set_client */;
/*!40101 SET character_set_client = utf8 */;
CREATE TABLE `business_taxcredit` (
  `objid` varchar(50) NOT NULL DEFAULT '',
  `businessid` varchar(50) DEFAULT NULL,
  `currentlineno` int(11) DEFAULT NULL,
  `totaldr` decimal(18,2) DEFAULT NULL,
  `totalcr` decimal(18,2) DEFAULT NULL,
  `balance` decimal(18,2) DEFAULT NULL,
  PRIMARY KEY (`objid`)
) ENGINE=InnoDB DEFAULT CHARSET=utf8;
/*!40101 SET character_set_client = @saved_cs_client */;

--
-- Dumping data for table `business_taxcredit`
--

LOCK TABLES `business_taxcredit` WRITE;
/*!40000 ALTER TABLE `business_taxcredit` DISABLE KEYS */;
/*!40000 ALTER TABLE `business_taxcredit` ENABLE KEYS */;
UNLOCK TABLES;

--
-- Table structure for table `business_taxcredit_item`
--

DROP TABLE IF EXISTS `business_taxcredit_item`;
/*!40101 SET @saved_cs_client     = @@character_set_client */;
/*!40101 SET character_set_client = utf8 */;
CREATE TABLE `business_taxcredit_item` (
  `objid` varchar(50) NOT NULL,
  `parentid` varchar(50) DEFAULT NULL,
  `lineno` int(11) DEFAULT NULL,
  `particulars` varchar(100) DEFAULT NULL,
  `refid` varchar(50) DEFAULT NULL,
  `refdate` date DEFAULT NULL,
  `refno` varchar(50) DEFAULT NULL,
  `reftype` varchar(20) DEFAULT NULL,
  `dr` decimal(18,2) DEFAULT NULL,
  `cr` decimal(18,2) DEFAULT NULL,
  PRIMARY KEY (`objid`),
  KEY `parentid` (`parentid`),
  CONSTRAINT `FK_business_taxcredit_detail_business_taxcredit` FOREIGN KEY (`parentid`) REFERENCES `business_taxcredit` (`objid`)
) ENGINE=InnoDB DEFAULT CHARSET=utf8;
/*!40101 SET character_set_client = @saved_cs_client */;

--
-- Dumping data for table `business_taxcredit_item`
--

LOCK TABLES `business_taxcredit_item` WRITE;
/*!40000 ALTER TABLE `business_taxcredit_item` DISABLE KEYS */;
/*!40000 ALTER TABLE `business_taxcredit_item` ENABLE KEYS */;
UNLOCK TABLES;

--
-- Table structure for table `business_taxincentive`
--

DROP TABLE IF EXISTS `business_taxincentive`;
/*!40101 SET @saved_cs_client     = @@character_set_client */;
/*!40101 SET character_set_client = utf8 */;
CREATE TABLE `business_taxincentive` (
  `objid` varchar(50) NOT NULL,
  `businessid` varchar(50) DEFAULT NULL,
  `txntype` varchar(50) DEFAULT NULL,
  `dtfiled` datetime DEFAULT NULL,
  `dtexpiry` datetime DEFAULT NULL,
  `title` varchar(50) DEFAULT NULL,
  `description` varchar(255) DEFAULT NULL,
  `approver_objid` varchar(50) DEFAULT NULL,
  `approver_name` varchar(255) DEFAULT NULL,
  `createdby_objid` varchar(50) DEFAULT NULL,
  `createdby_name` varchar(255) DEFAULT NULL,
  PRIMARY KEY (`objid`)
) ENGINE=InnoDB DEFAULT CHARSET=utf8;
/*!40101 SET character_set_client = @saved_cs_client */;

--
-- Dumping data for table `business_taxincentive`
--

LOCK TABLES `business_taxincentive` WRITE;
/*!40000 ALTER TABLE `business_taxincentive` DISABLE KEYS */;
/*!40000 ALTER TABLE `business_taxincentive` ENABLE KEYS */;
UNLOCK TABLES;

--
-- Table structure for table `businessrequirementtype`
--

DROP TABLE IF EXISTS `businessrequirementtype`;
/*!40101 SET @saved_cs_client     = @@character_set_client */;
/*!40101 SET character_set_client = utf8 */;
CREATE TABLE `businessrequirementtype` (
  `objid` varchar(50) NOT NULL,
  `code` varchar(50) DEFAULT NULL,
  `title` varchar(255) DEFAULT NULL,
  `type` varchar(50) DEFAULT NULL,
  `handler` varchar(50) DEFAULT NULL,
  `system` int(11) DEFAULT NULL,
  `agency` varchar(50) DEFAULT NULL,
  `sortindex` int(11) DEFAULT NULL,
  `verifier` varchar(255) DEFAULT NULL,
  PRIMARY KEY (`objid`),
  UNIQUE KEY `uix_code` (`code`),
  UNIQUE KEY `uix_title` (`title`)
) ENGINE=InnoDB DEFAULT CHARSET=utf8;
/*!40101 SET character_set_client = @saved_cs_client */;

--
-- Dumping data for table `businessrequirementtype`
--

LOCK TABLES `businessrequirementtype` WRITE;
/*!40000 ALTER TABLE `businessrequirementtype` DISABLE KEYS */;
INSERT INTO `businessrequirementtype` VALUES ('BC','BC','BARANGAY CLEARANCE',NULL,NULL,NULL,'BARANGAY',NULL,NULL),('BIR','BIR','BIR CLEARANCE',NULL,NULL,NULL,'BIR',NULL,NULL),('CDA','CDA','CDA',NULL,NULL,NULL,'CDA',NULL,NULL),('CTC','CTC','COMMUNITY TAX CERTIFICATE',NULL,NULL,NULL,'TREASURY OFFICE',NULL,NULL),('DTI','DTI','DEPARTMENT OF TRADE & INDUSTRY','DOC',NULL,NULL,'DEPARTMENT OF TRADE & INDUSTRY',0,NULL),('FSIC','FSIC','FIRE SAFETY INSPECTION CLEARANCE',NULL,NULL,NULL,'BFP',NULL,NULL),('HDMF','HDMF','HDMF CLEARANCE',NULL,NULL,NULL,'PAG-IBIG',NULL,NULL),('OP','OP','OCCUPANCY PERMIT',NULL,NULL,NULL,'ENGINEERING',NULL,NULL),('PC','PC','POLICE CLEARANCE',NULL,NULL,NULL,'PNP',NULL,NULL),('PH','PH','PHILHEALTH CLEARANCE',NULL,NULL,NULL,'PHILHEALTH',NULL,NULL),('RPT','RPT','RPT CLEARANCE',NULL,NULL,NULL,'ASSESSOR\'S OFFICE',NULL,NULL),('SEC','SEC','SECURITY AND EXCHANGE COMMISION',NULL,NULL,NULL,'SECURITY AND EXCHANGE COMMISION',0,NULL),('SP','SP','SANITARY PERMIT',NULL,NULL,NULL,'HEALTH',NULL,NULL),('SSS','SSS','SSS CLEARANCE',NULL,NULL,NULL,'SSS',NULL,NULL),('TIN','TIN','TAX IDENTIFICATION NUMBER',NULL,NULL,NULL,'BIR',0,NULL),('ZC','ZC','ZONING CLEARANCE',NULL,NULL,NULL,'MPDC',NULL,NULL);
/*!40000 ALTER TABLE `businessrequirementtype` ENABLE KEYS */;
UNLOCK TABLES;

--
-- Table structure for table `businessvariable`
--

DROP TABLE IF EXISTS `businessvariable`;
/*!40101 SET @saved_cs_client     = @@character_set_client */;
/*!40101 SET character_set_client = utf8 */;
CREATE TABLE `businessvariable` (
  `objid` varchar(50) NOT NULL,
  `state` varchar(10) NOT NULL,
  `name` varchar(50) NOT NULL,
  `datatype` varchar(20) NOT NULL,
  `caption` varchar(50) NOT NULL,
  `description` varchar(100) DEFAULT NULL,
  `arrayvalues` longtext,
  `system` int(11) DEFAULT NULL,
  `sortorder` int(11) DEFAULT NULL,
  `category` varchar(100) DEFAULT NULL,
  `handler` varchar(50) DEFAULT NULL,
  PRIMARY KEY (`objid`),
  UNIQUE KEY `uix_name` (`name`)
) ENGINE=InnoDB DEFAULT CHARSET=utf8;
/*!40101 SET character_set_client = @saved_cs_client */;

--
-- Dumping data for table `businessvariable`
--

LOCK TABLES `businessvariable` WRITE;
/*!40000 ALTER TABLE `businessvariable` DISABLE KEYS */;
INSERT INTO `businessvariable` VALUES ('AREA_SQM','DRAFT','AREA_SQM','decimal','BUSINESS AREA IN SQ METERS',NULL,NULL,1,0,'BUSINESS AREA',NULL),('ASSET_SIZE','DRAFT','ASSET_SIZE','decimal','ASSET SIZE',NULL,NULL,1,0,NULL,NULL),('BUSINESS_CHARACTERISTIC','DRAFT','BUSINESS_CHARACTERISTIC','string','BUSINESS CHARACTERISTIC',NULL,NULL,1,0,NULL,NULL),('CAPITAL','DRAFT','CAPITAL','decimal','CAPITAL',NULL,NULL,1,0,NULL,NULL),('DECLARED_CAPITAL','DRAFT','DECLARED_CAPITAL','decimal','DECLARED CAPITAL',NULL,NULL,1,0,NULL,NULL),('DECLARED_GROSS','DRAFT','DECLARED_GROSS','decimal','DECLARED GROSS',NULL,NULL,1,0,NULL,NULL),('GROSS','DRAFT','GROSS','decimal','GROSS',NULL,NULL,1,0,NULL,NULL),('NUM_EMPLOYEE','DRAFT','NUM_EMPLOYEE','integer','NO. OF EMPLOYEES',NULL,NULL,1,0,'EMPLOYEE INFO',NULL),('NUM_EMPLOYEE_FEMALE','DRAFT','NUM_EMPLOYEE_FEMALE','integer','NO. OF FEMALE EMPLOYEES',NULL,NULL,1,0,'EMPLOYEE INFO',NULL),('NUM_EMPLOYEE_MALE','DRAFT','NUM_EMPLOYEE_MALE','integer','NO. OF MALE EMPLOYEES',NULL,NULL,1,0,'EMPLOYEE INFO',NULL),('NUM_EMPLOYEE_RESIDENT','DRAFT','NUM_EMPLOYEE_RESIDENT','integer','NO. OF RESIDENT EMPLOYEES',NULL,NULL,1,0,'EMPLOYEE RESIDING IN LGU',NULL),('NUM_UNIT','DRAFT','NUM_UNIT','integer','NO. OF UNITS',NULL,NULL,1,0,NULL,NULL);
/*!40000 ALTER TABLE `businessvariable` ENABLE KEYS */;
UNLOCK TABLES;

--
-- Table structure for table `cancelannotation`
--

DROP TABLE IF EXISTS `cancelannotation`;
/*!40101 SET @saved_cs_client     = @@character_set_client */;
/*!40101 SET character_set_client = utf8 */;
CREATE TABLE `cancelannotation` (
  `objid` varchar(50) NOT NULL,
  `state` varchar(15) NOT NULL,
  `txnno` varchar(10) DEFAULT NULL,
  `txndate` datetime DEFAULT NULL,
  `annotationid` varchar(50) NOT NULL,
  `fileno` varchar(20) NOT NULL,
  `remarks` text NOT NULL,
  `orno` varchar(10) DEFAULT NULL,
  `ordate` datetime DEFAULT NULL,
  `oramount` decimal(16,2) NOT NULL,
  `signedby` varchar(150) NOT NULL,
  `signedbytitle` varchar(50) NOT NULL,
  `dtsigned` datetime DEFAULT NULL,
  PRIMARY KEY (`objid`),
  KEY `FK_cancelannotation_faasannotation` (`annotationid`),
  KEY `ix_cancelannotation_fileno` (`fileno`),
  KEY `ix_cancelannotation_txnno` (`txnno`),
  CONSTRAINT `cancelannotation_ibfk_1` FOREIGN KEY (`annotationid`) REFERENCES `faasannotation` (`objid`)
) ENGINE=InnoDB DEFAULT CHARSET=utf8;
/*!40101 SET character_set_client = @saved_cs_client */;

--
-- Dumping data for table `cancelannotation`
--

LOCK TABLES `cancelannotation` WRITE;
/*!40000 ALTER TABLE `cancelannotation` DISABLE KEYS */;
/*!40000 ALTER TABLE `cancelannotation` ENABLE KEYS */;
UNLOCK TABLES;

--
-- Table structure for table `cancelledfaas`
--

DROP TABLE IF EXISTS `cancelledfaas`;
/*!40101 SET @saved_cs_client     = @@character_set_client */;
/*!40101 SET character_set_client = utf8 */;
CREATE TABLE `cancelledfaas` (
  `objid` varchar(50) NOT NULL,
  `state` varchar(15) NOT NULL,
  `txndate` datetime NOT NULL,
  `faasid` varchar(50) NOT NULL,
  `reason_objid` varchar(50) DEFAULT NULL,
  `remarks` text,
  `online` int(11) DEFAULT NULL,
  `lguid` varchar(50) DEFAULT NULL,
  `lasttaxyear` int(11) DEFAULT NULL,
  `txnno` varchar(25) DEFAULT NULL,
  `originlguid` varchar(50) DEFAULT NULL,
  `cancelledbytdnos` varchar(500) DEFAULT NULL,
  `cancelledbypins` varchar(500) DEFAULT NULL,
  PRIMARY KEY (`objid`),
  KEY `FK_cancelledfaas_faas` (`faasid`),
  KEY `FK_cancelledfaas_reason` (`reason_objid`),
  KEY `ix_cancelledfaas_txnno` (`txnno`),
  CONSTRAINT `cancelledfaas_ibfk_1` FOREIGN KEY (`faasid`) REFERENCES `faas` (`objid`),
  CONSTRAINT `cancelledfaas_ibfk_2` FOREIGN KEY (`reason_objid`) REFERENCES `canceltdreason` (`objid`)
) ENGINE=InnoDB DEFAULT CHARSET=utf8;
/*!40101 SET character_set_client = @saved_cs_client */;

--
-- Dumping data for table `cancelledfaas`
--

LOCK TABLES `cancelledfaas` WRITE;
/*!40000 ALTER TABLE `cancelledfaas` DISABLE KEYS */;
/*!40000 ALTER TABLE `cancelledfaas` ENABLE KEYS */;
UNLOCK TABLES;

--
-- Table structure for table `cancelledfaas_signatory`
--

DROP TABLE IF EXISTS `cancelledfaas_signatory`;
/*!40101 SET @saved_cs_client     = @@character_set_client */;
/*!40101 SET character_set_client = utf8 */;
CREATE TABLE `cancelledfaas_signatory` (
  `objid` varchar(50) NOT NULL,
  `taxmapper_objid` varchar(50) DEFAULT NULL,
  `taxmapper_name` varchar(100) DEFAULT NULL,
  `taxmapper_title` varchar(50) DEFAULT NULL,
  `taxmapper_dtsigned` datetime DEFAULT NULL,
  `taxmapper_taskid` varchar(50) DEFAULT NULL,
  `taxmapperchief_objid` varchar(50) DEFAULT NULL,
  `taxmapperchief_name` varchar(100) DEFAULT NULL,
  `taxmapperchief_title` varchar(50) DEFAULT NULL,
  `taxmapperchief_dtsigned` datetime DEFAULT NULL,
  `taxmapperchief_taskid` varchar(50) DEFAULT NULL,
  `appraiser_objid` varchar(50) DEFAULT NULL,
  `appraiser_name` varchar(150) DEFAULT NULL,
  `appraiser_title` varchar(50) DEFAULT NULL,
  `appraiser_dtsigned` datetime DEFAULT NULL,
  `appraiser_taskid` varchar(50) DEFAULT NULL,
  `appraiserchief_objid` varchar(50) DEFAULT NULL,
  `appraiserchief_name` varchar(100) DEFAULT NULL,
  `appraiserchief_title` varchar(50) DEFAULT NULL,
  `appraiserchief_dtsigned` datetime DEFAULT NULL,
  `appraiserchief_taskid` varchar(50) DEFAULT NULL,
  `recommender_objid` varchar(50) DEFAULT NULL,
  `recommender_name` varchar(100) DEFAULT NULL,
  `recommender_title` varchar(50) DEFAULT NULL,
  `recommender_dtsigned` datetime DEFAULT NULL,
  `recommender_taskid` varchar(50) DEFAULT NULL,
  `provtaxmapper_objid` varchar(50) DEFAULT NULL,
  `provtaxmapper_name` varchar(100) DEFAULT NULL,
  `provtaxmapper_title` varchar(50) DEFAULT NULL,
  `provtaxmapper_dtsigned` datetime DEFAULT NULL,
  `provtaxmapper_taskid` varchar(50) DEFAULT NULL,
  `provtaxmapperchief_objid` varchar(50) DEFAULT NULL,
  `provtaxmapperchief_name` varchar(100) DEFAULT NULL,
  `provtaxmapperchief_title` varchar(50) DEFAULT NULL,
  `provtaxmapperchief_dtsigned` datetime DEFAULT NULL,
  `provtaxmapperchief_taskid` varchar(50) DEFAULT NULL,
  `provappraiser_objid` varchar(50) DEFAULT NULL,
  `provappraiser_name` varchar(100) DEFAULT NULL,
  `provappraiser_title` varchar(50) DEFAULT NULL,
  `provappraiser_dtsigned` datetime DEFAULT NULL,
  `provappraiser_taskid` varchar(50) DEFAULT NULL,
  `provappraiserchief_objid` varchar(50) DEFAULT NULL,
  `provappraiserchief_name` varchar(100) DEFAULT NULL,
  `provappraiserchief_title` varchar(50) DEFAULT NULL,
  `provappraiserchief_dtsigned` datetime DEFAULT NULL,
  `provappraiserchief_taskid` varchar(50) DEFAULT NULL,
  `approver_objid` varchar(50) DEFAULT NULL,
  `approver_name` varchar(100) DEFAULT NULL,
  `approver_title` varchar(50) DEFAULT NULL,
  `approver_dtsigned` datetime DEFAULT NULL,
  `approver_taskid` varchar(50) DEFAULT NULL,
  `provapprover_objid` varchar(50) DEFAULT NULL,
  `provapprover_name` varchar(100) DEFAULT NULL,
  `provapprover_title` varchar(50) DEFAULT NULL,
  `provapprover_dtsigned` datetime DEFAULT NULL,
  `provapprover_taskid` varchar(50) DEFAULT NULL,
  `provrecommender_objid` varchar(50) DEFAULT NULL,
  `provrecommender_name` varchar(100) DEFAULT NULL,
  `provrecommender_title` varchar(50) DEFAULT NULL,
  `provrecommender_dtsigned` datetime DEFAULT NULL,
  `provrecommender_taskid` varchar(50) DEFAULT NULL,
  `reviewer_objid` varchar(50) DEFAULT NULL,
  `reviewer_name` varchar(100) DEFAULT NULL,
  `reviewer_title` varchar(75) DEFAULT NULL,
  `reviewer_dtsigned` datetime DEFAULT NULL,
  `reviewer_taskid` varchar(50) DEFAULT NULL,
  `assessor_name` varchar(100) DEFAULT NULL,
  `assessor_title` varchar(100) DEFAULT NULL,
  PRIMARY KEY (`objid`),
  CONSTRAINT `FK_cancelledfaas_signatory_cancelled_faas` FOREIGN KEY (`objid`) REFERENCES `cancelledfaas` (`objid`)
) ENGINE=InnoDB DEFAULT CHARSET=utf8;
/*!40101 SET character_set_client = @saved_cs_client */;

--
-- Dumping data for table `cancelledfaas_signatory`
--

LOCK TABLES `cancelledfaas_signatory` WRITE;
/*!40000 ALTER TABLE `cancelledfaas_signatory` DISABLE KEYS */;
/*!40000 ALTER TABLE `cancelledfaas_signatory` ENABLE KEYS */;
UNLOCK TABLES;

--
-- Table structure for table `cancelledfaas_task`
--

DROP TABLE IF EXISTS `cancelledfaas_task`;
/*!40101 SET @saved_cs_client     = @@character_set_client */;
/*!40101 SET character_set_client = utf8 */;
CREATE TABLE `cancelledfaas_task` (
  `objid` varchar(50) NOT NULL DEFAULT '',
  `refid` varchar(50) DEFAULT NULL,
  `parentprocessid` varchar(50) DEFAULT NULL,
  `state` varchar(50) DEFAULT NULL,
  `startdate` datetime DEFAULT NULL,
  `enddate` datetime DEFAULT NULL,
  `assignee_objid` varchar(50) DEFAULT NULL,
  `assignee_name` varchar(100) DEFAULT NULL,
  `assignee_title` varchar(80) DEFAULT NULL,
  `actor_objid` varchar(50) DEFAULT NULL,
  `actor_name` varchar(100) DEFAULT NULL,
  `actor_title` varchar(80) DEFAULT NULL,
  `message` varchar(255) DEFAULT NULL,
  `signature` text,
  `returnedby` varchar(100) DEFAULT NULL,
  PRIMARY KEY (`objid`),
  KEY `ix_refid` (`refid`),
  KEY `ix_assignee_objid` (`assignee_objid`),
  CONSTRAINT `FK_cancelledfaas_task_cancelledfaas` FOREIGN KEY (`refid`) REFERENCES `cancelledfaas` (`objid`)
) ENGINE=InnoDB DEFAULT CHARSET=utf8;
/*!40101 SET character_set_client = @saved_cs_client */;

--
-- Dumping data for table `cancelledfaas_task`
--

LOCK TABLES `cancelledfaas_task` WRITE;
/*!40000 ALTER TABLE `cancelledfaas_task` DISABLE KEYS */;
/*!40000 ALTER TABLE `cancelledfaas_task` ENABLE KEYS */;
UNLOCK TABLES;

--
-- Table structure for table `canceltdreason`
--

DROP TABLE IF EXISTS `canceltdreason`;
/*!40101 SET @saved_cs_client     = @@character_set_client */;
/*!40101 SET character_set_client = utf8 */;
CREATE TABLE `canceltdreason` (
  `objid` varchar(50) NOT NULL,
  `state` varchar(10) NOT NULL,
  `code` varchar(20) NOT NULL,
  `name` varchar(100) NOT NULL,
  `description` varchar(150) DEFAULT NULL,
  PRIMARY KEY (`objid`),
  UNIQUE KEY `ux_canceltdreason_code` (`code`),
  UNIQUE KEY `ux_canceltdreason_name` (`name`),
  KEY `ix_canceltdreason_state` (`state`)
) ENGINE=InnoDB DEFAULT CHARSET=utf8;
/*!40101 SET character_set_client = @saved_cs_client */;

--
-- Dumping data for table `canceltdreason`
--

LOCK TABLES `canceltdreason` WRITE;
/*!40000 ALTER TABLE `canceltdreason` DISABLE KEYS */;
/*!40000 ALTER TABLE `canceltdreason` ENABLE KEYS */;
UNLOCK TABLES;

--
-- Table structure for table `cash_treasury_ledger`
--

DROP TABLE IF EXISTS `cash_treasury_ledger`;
/*!40101 SET @saved_cs_client     = @@character_set_client */;
/*!40101 SET character_set_client = utf8 */;
CREATE TABLE `cash_treasury_ledger` (
  `objid` varchar(150) NOT NULL,
  `jevid` varchar(150) DEFAULT NULL,
  `itemacctid` varchar(50) DEFAULT NULL,
  `dr` decimal(16,4) DEFAULT NULL,
  `cr` decimal(16,4) DEFAULT NULL,
  PRIMARY KEY (`objid`),
  KEY `ix_jevid` (`jevid`),
  KEY `ix_itemacctid` (`itemacctid`),
  CONSTRAINT `cash_treasury_ledger_jevid` FOREIGN KEY (`jevid`) REFERENCES `jev` (`objid`)
) ENGINE=InnoDB DEFAULT CHARSET=utf8;
/*!40101 SET character_set_client = @saved_cs_client */;

--
-- Dumping data for table `cash_treasury_ledger`
--

LOCK TABLES `cash_treasury_ledger` WRITE;
/*!40000 ALTER TABLE `cash_treasury_ledger` DISABLE KEYS */;
/*!40000 ALTER TABLE `cash_treasury_ledger` ENABLE KEYS */;
UNLOCK TABLES;

--
-- Table structure for table `cashbook_revolving_fund`
--

DROP TABLE IF EXISTS `cashbook_revolving_fund`;
/*!40101 SET @saved_cs_client     = @@character_set_client */;
/*!40101 SET character_set_client = utf8 */;
CREATE TABLE `cashbook_revolving_fund` (
  `objid` varchar(50) NOT NULL,
  `state` varchar(25) NOT NULL,
  `dtfiled` datetime NOT NULL,
  `filedby_objid` varchar(50) NOT NULL,
  `filedby_name` varchar(150) NOT NULL,
  `issueto_objid` varchar(50) NOT NULL,
  `issueto_name` varchar(150) NOT NULL,
  `controldate` date NOT NULL,
  `amount` decimal(16,2) NOT NULL,
  `remarks` varchar(255) NOT NULL,
  `fund_objid` varchar(100) NOT NULL,
  `fund_title` varchar(255) NOT NULL,
  PRIMARY KEY (`objid`),
  KEY `ix_state` (`state`),
  KEY `ix_dtfiled` (`dtfiled`),
  KEY `ix_filedby_objid` (`filedby_objid`),
  KEY `ix_filedby_name` (`filedby_name`),
  KEY `ix_issueto_objid` (`issueto_objid`),
  KEY `ix_issueto_name` (`issueto_name`),
  KEY `ix_controldate` (`controldate`),
  KEY `ix_fund_objid` (`fund_objid`),
  KEY `ix_fund_title` (`fund_title`)
) ENGINE=InnoDB DEFAULT CHARSET=utf8;
/*!40101 SET character_set_client = @saved_cs_client */;

--
-- Dumping data for table `cashbook_revolving_fund`
--

LOCK TABLES `cashbook_revolving_fund` WRITE;
/*!40000 ALTER TABLE `cashbook_revolving_fund` DISABLE KEYS */;
/*!40000 ALTER TABLE `cashbook_revolving_fund` ENABLE KEYS */;
UNLOCK TABLES;

--
-- Table structure for table `cashreceipt`
--

DROP TABLE IF EXISTS `cashreceipt`;
/*!40101 SET @saved_cs_client     = @@character_set_client */;
/*!40101 SET character_set_client = utf8 */;
CREATE TABLE `cashreceipt` (
  `objid` varchar(50) NOT NULL,
  `state` varchar(10) NOT NULL,
  `txndate` datetime NOT NULL,
  `receiptno` varchar(50) NOT NULL,
  `receiptdate` datetime NOT NULL,
  `txnmode` varchar(10) NOT NULL,
  `payer_objid` varchar(50) DEFAULT NULL,
  `payer_name` varchar(800) DEFAULT NULL,
  `paidby` varchar(800) NOT NULL,
  `paidbyaddress` varchar(800) NOT NULL,
  `amount` decimal(16,4) DEFAULT NULL,
  `collector_objid` varchar(50) NOT NULL,
  `collector_name` varchar(100) NOT NULL,
  `collector_title` varchar(50) NOT NULL,
  `totalcash` decimal(16,4) DEFAULT NULL,
  `totalnoncash` decimal(16,4) DEFAULT NULL,
  `cashchange` decimal(16,2) NOT NULL,
  `totalcredit` decimal(16,2) NOT NULL,
  `org_objid` varchar(50) NOT NULL,
  `org_name` varchar(50) NOT NULL,
  `formno` varchar(50) NOT NULL,
  `series` int(11) NOT NULL,
  `controlid` varchar(50) NOT NULL,
  `collectiontype_objid` varchar(50) DEFAULT NULL,
  `collectiontype_name` varchar(100) DEFAULT NULL,
  `user_objid` varchar(50) DEFAULT NULL,
  `user_name` varchar(100) DEFAULT NULL,
  `remarks` varchar(200) DEFAULT NULL,
  `subcollector_objid` varchar(50) DEFAULT NULL,
  `subcollector_name` varchar(100) DEFAULT NULL,
  `subcollector_title` varchar(50) DEFAULT NULL,
  `formtype` varchar(25) DEFAULT NULL,
  `stub` varchar(25) DEFAULT NULL,
  `remittanceid` varchar(50) DEFAULT NULL,
  `subcollector_remittanceid` varchar(50) DEFAULT NULL,
  PRIMARY KEY (`objid`),
  UNIQUE KEY `uix_receiptno` (`receiptno`),
  KEY `ix_state` (`state`),
  KEY `ix_txndate` (`txndate`),
  KEY `ix_receiptdate` (`receiptdate`),
  KEY `ix_payer_objid` (`payer_objid`),
  KEY `ix_collectorid` (`collector_objid`),
  KEY `ix_collectorname` (`collector_name`),
  KEY `ix_org_objid` (`org_objid`),
  KEY `ix_formno` (`formno`),
  KEY `ix_controlid` (`controlid`),
  KEY `ix_collectiontype_objid` (`collectiontype_objid`),
  KEY `ix_user_objid` (`user_objid`),
  KEY `ix_subcollector_objid` (`subcollector_objid`),
  KEY `ix_remittanceid` (`remittanceid`),
  KEY `ix_subcollector_remittanceid` (`subcollector_remittanceid`),
  KEY `ix_paidby` (`paidby`(255)),
  KEY `ix_payer_name` (`payer_name`(255)),
  KEY `ix_formtype` (`formtype`),
  CONSTRAINT `fk_cashreceipt_collectiontype` FOREIGN KEY (`collectiontype_objid`) REFERENCES `collectiontype` (`objid`),
  CONSTRAINT `fk_cashreceipt_collector` FOREIGN KEY (`collector_objid`) REFERENCES `sys_user` (`objid`),
  CONSTRAINT `fk_cashreceipt_remittanceid` FOREIGN KEY (`remittanceid`) REFERENCES `remittance` (`objid`),
  CONSTRAINT `fk_cashreceipt_subcollector_remittanceid` FOREIGN KEY (`subcollector_remittanceid`) REFERENCES `subcollector_remittance` (`objid`)
) ENGINE=InnoDB DEFAULT CHARSET=utf8;
/*!40101 SET character_set_client = @saved_cs_client */;

--
-- Dumping data for table `cashreceipt`
--

LOCK TABLES `cashreceipt` WRITE;
/*!40000 ALTER TABLE `cashreceipt` DISABLE KEYS */;
/*!40000 ALTER TABLE `cashreceipt` ENABLE KEYS */;
UNLOCK TABLES;

--
-- Table structure for table `cashreceipt_burial`
--

DROP TABLE IF EXISTS `cashreceipt_burial`;
/*!40101 SET @saved_cs_client     = @@character_set_client */;
/*!40101 SET character_set_client = utf8 */;
CREATE TABLE `cashreceipt_burial` (
  `objid` varchar(50) NOT NULL,
  `tocitymuni` varchar(100) DEFAULT NULL,
  `toprovince` varchar(100) DEFAULT NULL,
  `permissiontype` varchar(15) DEFAULT NULL,
  `name` varchar(100) DEFAULT NULL,
  `nationality` varchar(15) DEFAULT NULL,
  `age` int(11) DEFAULT NULL,
  `sex` varchar(10) DEFAULT NULL,
  `dtdeath` varchar(15) DEFAULT NULL,
  `deathcause` varchar(50) DEFAULT NULL,
  `cemetery` varchar(50) DEFAULT NULL,
  `infectious` varchar(50) DEFAULT NULL,
  `embalmed` varchar(50) DEFAULT NULL,
  `disposition` varchar(50) DEFAULT NULL,
  PRIMARY KEY (`objid`)
) ENGINE=InnoDB DEFAULT CHARSET=utf8;
/*!40101 SET character_set_client = @saved_cs_client */;

--
-- Dumping data for table `cashreceipt_burial`
--

LOCK TABLES `cashreceipt_burial` WRITE;
/*!40000 ALTER TABLE `cashreceipt_burial` DISABLE KEYS */;
/*!40000 ALTER TABLE `cashreceipt_burial` ENABLE KEYS */;
UNLOCK TABLES;

--
-- Table structure for table `cashreceipt_cancelseries`
--

DROP TABLE IF EXISTS `cashreceipt_cancelseries`;
/*!40101 SET @saved_cs_client     = @@character_set_client */;
/*!40101 SET character_set_client = utf8 */;
CREATE TABLE `cashreceipt_cancelseries` (
  `objid` varchar(50) NOT NULL,
  `receiptid` varchar(50) NOT NULL,
  `txndate` datetime NOT NULL,
  `postedby_objid` varchar(50) DEFAULT NULL,
  `postedby_name` varchar(100) DEFAULT NULL,
  `reason` varchar(255) DEFAULT NULL,
  `controlid` varchar(50) DEFAULT NULL,
  PRIMARY KEY (`objid`),
  UNIQUE KEY `uix_receiptid` (`receiptid`),
  KEY `ix_receiptid` (`receiptid`),
  KEY `ix_txndate` (`txndate`),
  KEY `ix_postedby_objid` (`postedby_objid`),
  KEY `ix_controlid` (`controlid`),
  CONSTRAINT `fk_cashreceipt_cancelseries_receiptid` FOREIGN KEY (`receiptid`) REFERENCES `cashreceipt` (`objid`)
) ENGINE=InnoDB DEFAULT CHARSET=utf8;
/*!40101 SET character_set_client = @saved_cs_client */;

--
-- Dumping data for table `cashreceipt_cancelseries`
--

LOCK TABLES `cashreceipt_cancelseries` WRITE;
/*!40000 ALTER TABLE `cashreceipt_cancelseries` DISABLE KEYS */;
/*!40000 ALTER TABLE `cashreceipt_cancelseries` ENABLE KEYS */;
UNLOCK TABLES;

--
-- Table structure for table `cashreceipt_cashticket`
--

DROP TABLE IF EXISTS `cashreceipt_cashticket`;
/*!40101 SET @saved_cs_client     = @@character_set_client */;
/*!40101 SET character_set_client = utf8 */;
CREATE TABLE `cashreceipt_cashticket` (
  `objid` varchar(50) NOT NULL,
  `qtyissued` int(11) DEFAULT NULL,
  PRIMARY KEY (`objid`),
  CONSTRAINT `fk_cashreceipt_cashticket_objid` FOREIGN KEY (`objid`) REFERENCES `cashreceipt` (`objid`)
) ENGINE=InnoDB DEFAULT CHARSET=utf8;
/*!40101 SET character_set_client = @saved_cs_client */;

--
-- Dumping data for table `cashreceipt_cashticket`
--

LOCK TABLES `cashreceipt_cashticket` WRITE;
/*!40000 ALTER TABLE `cashreceipt_cashticket` DISABLE KEYS */;
/*!40000 ALTER TABLE `cashreceipt_cashticket` ENABLE KEYS */;
UNLOCK TABLES;

--
-- Table structure for table `cashreceipt_changelog`
--

DROP TABLE IF EXISTS `cashreceipt_changelog`;
/*!40101 SET @saved_cs_client     = @@character_set_client */;
/*!40101 SET character_set_client = utf8 */;
CREATE TABLE `cashreceipt_changelog` (
  `objid` varchar(50) NOT NULL,
  `receiptid` varchar(50) NOT NULL,
  `dtfiled` datetime NOT NULL,
  `filedby_objid` varchar(50) NOT NULL,
  `filedby_name` varchar(150) NOT NULL,
  `action` varchar(255) NOT NULL,
  `remarks` varchar(255) NOT NULL,
  `oldvalue` text NOT NULL,
  `newvalue` text NOT NULL,
  PRIMARY KEY (`objid`),
  KEY `ix_receiptid` (`receiptid`),
  KEY `ix_dtfiled` (`dtfiled`),
  KEY `ix_filedby_objid` (`filedby_objid`),
  KEY `ix_filedby_name` (`filedby_name`),
  KEY `ix_action` (`action`),
  CONSTRAINT `fk_cashreceipt_changelog_receiptid` FOREIGN KEY (`receiptid`) REFERENCES `cashreceipt` (`objid`)
) ENGINE=InnoDB DEFAULT CHARSET=utf8;
/*!40101 SET character_set_client = @saved_cs_client */;

--
-- Dumping data for table `cashreceipt_changelog`
--

LOCK TABLES `cashreceipt_changelog` WRITE;
/*!40000 ALTER TABLE `cashreceipt_changelog` DISABLE KEYS */;
/*!40000 ALTER TABLE `cashreceipt_changelog` ENABLE KEYS */;
UNLOCK TABLES;

--
-- Table structure for table `cashreceipt_ctc_corporate`
--

DROP TABLE IF EXISTS `cashreceipt_ctc_corporate`;
/*!40101 SET @saved_cs_client     = @@character_set_client */;
/*!40101 SET character_set_client = utf8 */;
CREATE TABLE `cashreceipt_ctc_corporate` (
  `objid` varchar(50) NOT NULL,
  `payer_tin` varchar(50) DEFAULT NULL,
  `payer_orgtype` varchar(50) DEFAULT NULL,
  `payer_nature` varchar(50) DEFAULT NULL,
  `payer_dtregistered` datetime DEFAULT NULL,
  `payer_placeregistered` varchar(100) DEFAULT NULL,
  `additional_remarks` varchar(100) DEFAULT NULL,
  `realpropertyav` decimal(16,2) NOT NULL,
  `businessgross` decimal(16,2) NOT NULL,
  `basictax` decimal(16,2) NOT NULL,
  `propertyavtax` decimal(16,2) NOT NULL,
  `businessgrosstax` decimal(16,2) NOT NULL,
  `totaltax` decimal(16,2) NOT NULL,
  `interest` decimal(16,2) NOT NULL,
  `amountdue` decimal(16,2) NOT NULL,
  PRIMARY KEY (`objid`),
  CONSTRAINT `fk_cashreceipt_ctc_corporate_cashreceipt` FOREIGN KEY (`objid`) REFERENCES `cashreceipt` (`objid`)
) ENGINE=InnoDB DEFAULT CHARSET=utf8;
/*!40101 SET character_set_client = @saved_cs_client */;

--
-- Dumping data for table `cashreceipt_ctc_corporate`
--

LOCK TABLES `cashreceipt_ctc_corporate` WRITE;
/*!40000 ALTER TABLE `cashreceipt_ctc_corporate` DISABLE KEYS */;
/*!40000 ALTER TABLE `cashreceipt_ctc_corporate` ENABLE KEYS */;
UNLOCK TABLES;

--
-- Table structure for table `cashreceipt_ctc_individual`
--

DROP TABLE IF EXISTS `cashreceipt_ctc_individual`;
/*!40101 SET @saved_cs_client     = @@character_set_client */;
/*!40101 SET character_set_client = utf8 */;
CREATE TABLE `cashreceipt_ctc_individual` (
  `objid` varchar(50) NOT NULL,
  `payer_profession` varchar(50) DEFAULT NULL,
  `payer_citizenship` varchar(50) DEFAULT NULL,
  `payer_civilstatus` varchar(25) DEFAULT NULL,
  `payer_height` varchar(25) DEFAULT NULL,
  `payer_weight` varchar(25) DEFAULT NULL,
  `additional_remarks` varchar(100) DEFAULT NULL,
  `businessgross` decimal(16,2) NOT NULL,
  `annualsalary` decimal(16,2) NOT NULL,
  `propertyincome` decimal(16,2) NOT NULL,
  `basictax` decimal(16,2) NOT NULL,
  `salarytax` decimal(16,2) NOT NULL,
  `businessgrosstax` decimal(16,2) NOT NULL,
  `propertyincometax` decimal(16,2) NOT NULL,
  `additionaltax` decimal(16,2) NOT NULL,
  `totaltax` decimal(16,2) NOT NULL,
  `interest` decimal(16,2) NOT NULL,
  `amountdue` decimal(16,2) NOT NULL,
  `interestdue` decimal(16,2) NOT NULL,
  `barangay_objid` varchar(50) DEFAULT NULL,
  `barangay_name` varchar(50) DEFAULT NULL,
  `brgytaxshare` decimal(16,2) NOT NULL,
  `brgyinterestshare` decimal(16,2) NOT NULL,
  PRIMARY KEY (`objid`),
  CONSTRAINT `fk_cashreceipt_ctc_individual_cashreceipt` FOREIGN KEY (`objid`) REFERENCES `cashreceipt` (`objid`)
) ENGINE=InnoDB DEFAULT CHARSET=utf8;
/*!40101 SET character_set_client = @saved_cs_client */;

--
-- Dumping data for table `cashreceipt_ctc_individual`
--

LOCK TABLES `cashreceipt_ctc_individual` WRITE;
/*!40000 ALTER TABLE `cashreceipt_ctc_individual` DISABLE KEYS */;
/*!40000 ALTER TABLE `cashreceipt_ctc_individual` ENABLE KEYS */;
UNLOCK TABLES;

--
-- Table structure for table `cashreceipt_group`
--

DROP TABLE IF EXISTS `cashreceipt_group`;
/*!40101 SET @saved_cs_client     = @@character_set_client */;
/*!40101 SET character_set_client = utf8 */;
CREATE TABLE `cashreceipt_group` (
  `objid` varchar(50) NOT NULL,
  `txndate` datetime NOT NULL,
  `controlid` varchar(50) NOT NULL,
  `amount` decimal(16,2) NOT NULL,
  `totalcash` decimal(16,2) NOT NULL,
  `totalnoncash` decimal(16,2) NOT NULL,
  `cashchange` decimal(16,2) NOT NULL,
  PRIMARY KEY (`objid`),
  KEY `ix_controlid` (`controlid`),
  KEY `ix_txndate` (`txndate`)
) ENGINE=InnoDB DEFAULT CHARSET=utf8;
/*!40101 SET character_set_client = @saved_cs_client */;

--
-- Dumping data for table `cashreceipt_group`
--

LOCK TABLES `cashreceipt_group` WRITE;
/*!40000 ALTER TABLE `cashreceipt_group` DISABLE KEYS */;
/*!40000 ALTER TABLE `cashreceipt_group` ENABLE KEYS */;
UNLOCK TABLES;

--
-- Table structure for table `cashreceipt_groupitem`
--

DROP TABLE IF EXISTS `cashreceipt_groupitem`;
/*!40101 SET @saved_cs_client     = @@character_set_client */;
/*!40101 SET character_set_client = utf8 */;
CREATE TABLE `cashreceipt_groupitem` (
  `objid` varchar(50) NOT NULL,
  `parentid` varchar(50) NOT NULL,
  PRIMARY KEY (`objid`),
  KEY `ix_parentid` (`parentid`),
  CONSTRAINT `fk_cashreceipt_groupitem_objid` FOREIGN KEY (`objid`) REFERENCES `cashreceipt` (`objid`),
  CONSTRAINT `fk_cashreceipt_groupitem_parentid` FOREIGN KEY (`parentid`) REFERENCES `cashreceipt_group` (`objid`)
) ENGINE=InnoDB DEFAULT CHARSET=utf8;
/*!40101 SET character_set_client = @saved_cs_client */;

--
-- Dumping data for table `cashreceipt_groupitem`
--

LOCK TABLES `cashreceipt_groupitem` WRITE;
/*!40000 ALTER TABLE `cashreceipt_groupitem` DISABLE KEYS */;
/*!40000 ALTER TABLE `cashreceipt_groupitem` ENABLE KEYS */;
UNLOCK TABLES;

--
-- Table structure for table `cashreceipt_largecattleownership`
--

DROP TABLE IF EXISTS `cashreceipt_largecattleownership`;
/*!40101 SET @saved_cs_client     = @@character_set_client */;
/*!40101 SET character_set_client = utf8 */;
CREATE TABLE `cashreceipt_largecattleownership` (
  `objid` varchar(50) NOT NULL,
  `ownerof` varchar(200) DEFAULT NULL,
  `sex` varchar(10) DEFAULT NULL,
  `age` int(11) DEFAULT NULL,
  `municipalitybrand` varchar(20) DEFAULT NULL,
  `ownerbrand` varchar(20) DEFAULT NULL,
  PRIMARY KEY (`objid`),
  CONSTRAINT `fk_cashreceipt_largecattleownership_cashreceipt` FOREIGN KEY (`objid`) REFERENCES `cashreceipt` (`objid`)
) ENGINE=InnoDB DEFAULT CHARSET=utf8;
/*!40101 SET character_set_client = @saved_cs_client */;

--
-- Dumping data for table `cashreceipt_largecattleownership`
--

LOCK TABLES `cashreceipt_largecattleownership` WRITE;
/*!40000 ALTER TABLE `cashreceipt_largecattleownership` DISABLE KEYS */;
/*!40000 ALTER TABLE `cashreceipt_largecattleownership` ENABLE KEYS */;
UNLOCK TABLES;

--
-- Table structure for table `cashreceipt_largecattletransfer`
--

DROP TABLE IF EXISTS `cashreceipt_largecattletransfer`;
/*!40101 SET @saved_cs_client     = @@character_set_client */;
/*!40101 SET character_set_client = utf8 */;
CREATE TABLE `cashreceipt_largecattletransfer` (
  `objid` varchar(50) NOT NULL DEFAULT '',
  `purchasedby` varchar(200) DEFAULT NULL,
  `price` decimal(16,2) DEFAULT NULL,
  `citymuni` varchar(100) DEFAULT NULL,
  `province` varchar(100) DEFAULT NULL,
  `sex` varchar(10) DEFAULT NULL,
  `age` int(11) DEFAULT NULL,
  `municipalitybrand` varchar(20) DEFAULT NULL,
  `ownerbrand` varchar(20) DEFAULT NULL,
  `certificateno` varchar(30) DEFAULT NULL,
  `issuedate` date DEFAULT NULL,
  `issuedcitymuni` varchar(100) DEFAULT NULL,
  `issuedprovince` varchar(100) DEFAULT NULL,
  `attestedby` varchar(100) DEFAULT NULL,
  `treasurer` varchar(100) DEFAULT NULL,
  PRIMARY KEY (`objid`),
  CONSTRAINT `fk_cashreceipt_largecattletransfer_cashreceipt` FOREIGN KEY (`objid`) REFERENCES `cashreceipt` (`objid`)
) ENGINE=InnoDB DEFAULT CHARSET=utf8;
/*!40101 SET character_set_client = @saved_cs_client */;

--
-- Dumping data for table `cashreceipt_largecattletransfer`
--

LOCK TABLES `cashreceipt_largecattletransfer` WRITE;
/*!40000 ALTER TABLE `cashreceipt_largecattletransfer` DISABLE KEYS */;
/*!40000 ALTER TABLE `cashreceipt_largecattletransfer` ENABLE KEYS */;
UNLOCK TABLES;

--
-- Table structure for table `cashreceipt_marriage`
--

DROP TABLE IF EXISTS `cashreceipt_marriage`;
/*!40101 SET @saved_cs_client     = @@character_set_client */;
/*!40101 SET character_set_client = utf8 */;
CREATE TABLE `cashreceipt_marriage` (
  `objid` varchar(50) NOT NULL,
  `groomname` varchar(100) DEFAULT NULL,
  `groomaddress` varchar(100) DEFAULT NULL,
  `groomageyear` int(11) DEFAULT NULL,
  `groomagemonth` int(11) DEFAULT NULL,
  `bridename` varchar(100) DEFAULT NULL,
  `brideaddress` varchar(100) DEFAULT NULL,
  `brideageyear` int(11) DEFAULT NULL,
  `brideagemonth` int(11) DEFAULT NULL,
  `registerno` varchar(30) DEFAULT NULL,
  `attachments` varchar(200) DEFAULT NULL,
  `lcrofficer` varchar(100) DEFAULT NULL,
  `lcrofficertitle` varchar(50) DEFAULT NULL,
  PRIMARY KEY (`objid`),
  CONSTRAINT `fk_cashreceipt_marriage_cashreceipt` FOREIGN KEY (`objid`) REFERENCES `cashreceipt` (`objid`)
) ENGINE=InnoDB DEFAULT CHARSET=utf8;
/*!40101 SET character_set_client = @saved_cs_client */;

--
-- Dumping data for table `cashreceipt_marriage`
--

LOCK TABLES `cashreceipt_marriage` WRITE;
/*!40000 ALTER TABLE `cashreceipt_marriage` DISABLE KEYS */;
/*!40000 ALTER TABLE `cashreceipt_marriage` ENABLE KEYS */;
UNLOCK TABLES;

--
-- Table structure for table `cashreceipt_plugin`
--

DROP TABLE IF EXISTS `cashreceipt_plugin`;
/*!40101 SET @saved_cs_client     = @@character_set_client */;
/*!40101 SET character_set_client = utf8 */;
CREATE TABLE `cashreceipt_plugin` (
  `objid` varchar(50) NOT NULL,
  `connection` varchar(255) NOT NULL,
  `servicename` varchar(255) NOT NULL,
  PRIMARY KEY (`objid`),
  UNIQUE KEY `uix_connection` (`connection`)
) ENGINE=InnoDB DEFAULT CHARSET=utf8;
/*!40101 SET character_set_client = @saved_cs_client */;

--
-- Dumping data for table `cashreceipt_plugin`
--

LOCK TABLES `cashreceipt_plugin` WRITE;
/*!40000 ALTER TABLE `cashreceipt_plugin` DISABLE KEYS */;
/*!40000 ALTER TABLE `cashreceipt_plugin` ENABLE KEYS */;
UNLOCK TABLES;

--
-- Table structure for table `cashreceipt_reprint_log`
--

DROP TABLE IF EXISTS `cashreceipt_reprint_log`;
/*!40101 SET @saved_cs_client     = @@character_set_client */;
/*!40101 SET character_set_client = utf8 */;
CREATE TABLE `cashreceipt_reprint_log` (
  `objid` varchar(50) NOT NULL,
  `receiptid` varchar(50) NOT NULL,
  `approvedby_objid` varchar(50) NOT NULL,
  `approvedby_name` varchar(150) NOT NULL,
  `dtapproved` datetime NOT NULL,
  `reason` varchar(255) NOT NULL,
  PRIMARY KEY (`objid`),
  KEY `ix_approvedby_name` (`approvedby_name`),
  KEY `ix_approvedby_objid` (`approvedby_objid`),
  KEY `ix_dtapproved` (`dtapproved`),
  KEY `ix_receiptid` (`receiptid`),
  CONSTRAINT `fk_cashreceipt_reprint_log_receiptid` FOREIGN KEY (`receiptid`) REFERENCES `cashreceipt` (`objid`)
) ENGINE=InnoDB DEFAULT CHARSET=utf8;
/*!40101 SET character_set_client = @saved_cs_client */;

--
-- Dumping data for table `cashreceipt_reprint_log`
--

LOCK TABLES `cashreceipt_reprint_log` WRITE;
/*!40000 ALTER TABLE `cashreceipt_reprint_log` DISABLE KEYS */;
/*!40000 ALTER TABLE `cashreceipt_reprint_log` ENABLE KEYS */;
UNLOCK TABLES;

--
-- Table structure for table `cashreceipt_rpt`
--

DROP TABLE IF EXISTS `cashreceipt_rpt`;
/*!40101 SET @saved_cs_client     = @@character_set_client */;
/*!40101 SET character_set_client = utf8 */;
CREATE TABLE `cashreceipt_rpt` (
  `objid` varchar(50) NOT NULL,
  `year` int(11) NOT NULL,
  `qtr` int(11) NOT NULL,
  `month` int(11) NOT NULL,
  `day` int(11) NOT NULL,
  `txntype` varchar(50) DEFAULT NULL,
  PRIMARY KEY (`objid`),
  CONSTRAINT `cashreceipt_rpt_ibfk_1` FOREIGN KEY (`objid`) REFERENCES `cashreceipt` (`objid`)
) ENGINE=InnoDB DEFAULT CHARSET=utf8;
/*!40101 SET character_set_client = @saved_cs_client */;

--
-- Dumping data for table `cashreceipt_rpt`
--

LOCK TABLES `cashreceipt_rpt` WRITE;
/*!40000 ALTER TABLE `cashreceipt_rpt` DISABLE KEYS */;
/*!40000 ALTER TABLE `cashreceipt_rpt` ENABLE KEYS */;
UNLOCK TABLES;

--
-- Table structure for table `cashreceipt_rpt_share_forposting`
--

DROP TABLE IF EXISTS `cashreceipt_rpt_share_forposting`;
/*!40101 SET @saved_cs_client     = @@character_set_client */;
/*!40101 SET character_set_client = utf8 */;
CREATE TABLE `cashreceipt_rpt_share_forposting` (
  `objid` varchar(50) NOT NULL,
  `receiptid` varchar(50) NOT NULL,
  `rptledgerid` varchar(50) NOT NULL,
  `txndate` datetime NOT NULL,
  `error` int(255) NOT NULL,
  `msg` text,
  PRIMARY KEY (`objid`),
  UNIQUE KEY `ux_receiptid_rptledgerid` (`receiptid`,`rptledgerid`),
  KEY `fk_cashreceipt_rpt_share_forposing_rptledger` (`rptledgerid`),
  KEY `fk_cashreceipt_rpt_share_forposing_cashreceipt` (`receiptid`),
  CONSTRAINT `fk_cashreceipt_rpt_share_forposing_cashreceipt` FOREIGN KEY (`receiptid`) REFERENCES `cashreceipt` (`objid`),
  CONSTRAINT `fk_cashreceipt_rpt_share_forposing_rptledger` FOREIGN KEY (`rptledgerid`) REFERENCES `rptledger` (`objid`)
) ENGINE=InnoDB DEFAULT CHARSET=utf8;
/*!40101 SET character_set_client = @saved_cs_client */;

--
-- Dumping data for table `cashreceipt_rpt_share_forposting`
--

LOCK TABLES `cashreceipt_rpt_share_forposting` WRITE;
/*!40000 ALTER TABLE `cashreceipt_rpt_share_forposting` DISABLE KEYS */;
/*!40000 ALTER TABLE `cashreceipt_rpt_share_forposting` ENABLE KEYS */;
UNLOCK TABLES;

--
-- Table structure for table `cashreceipt_share`
--

DROP TABLE IF EXISTS `cashreceipt_share`;
/*!40101 SET @saved_cs_client     = @@character_set_client */;
/*!40101 SET character_set_client = utf8 */;
CREATE TABLE `cashreceipt_share` (
  `objid` varchar(50) NOT NULL,
  `receiptid` varchar(50) NOT NULL,
  `refitem_objid` varchar(50) NOT NULL,
  `payableitem_objid` varchar(50) NOT NULL,
  `amount` decimal(16,4) NOT NULL,
  `share` decimal(16,2) DEFAULT NULL,
  `receiptitemid` varchar(50) DEFAULT NULL,
  PRIMARY KEY (`objid`),
  KEY `ix_receiptid` (`receiptid`),
  KEY `ix_refitem_objid` (`refitem_objid`),
  KEY `ix_payableitem_objid` (`payableitem_objid`),
  KEY `ix_receiptitemid` (`receiptitemid`),
  CONSTRAINT `fk_cashreceipt_share_payableitem_objid` FOREIGN KEY (`payableitem_objid`) REFERENCES `itemaccount` (`objid`),
  CONSTRAINT `fk_cashreceipt_share_receiptid` FOREIGN KEY (`receiptid`) REFERENCES `cashreceipt` (`objid`),
  CONSTRAINT `fk_cashreceipt_share_refitem_objid` FOREIGN KEY (`refitem_objid`) REFERENCES `itemaccount` (`objid`)
) ENGINE=InnoDB DEFAULT CHARSET=utf8;
/*!40101 SET character_set_client = @saved_cs_client */;

--
-- Dumping data for table `cashreceipt_share`
--

LOCK TABLES `cashreceipt_share` WRITE;
/*!40000 ALTER TABLE `cashreceipt_share` DISABLE KEYS */;
/*!40000 ALTER TABLE `cashreceipt_share` ENABLE KEYS */;
UNLOCK TABLES;

--
-- Table structure for table `cashreceipt_slaughter`
--

DROP TABLE IF EXISTS `cashreceipt_slaughter`;
/*!40101 SET @saved_cs_client     = @@character_set_client */;
/*!40101 SET character_set_client = utf8 */;
CREATE TABLE `cashreceipt_slaughter` (
  `objid` varchar(50) NOT NULL,
  `acctid` varchar(50) DEFAULT NULL,
  `acctno` varchar(50) DEFAULT NULL,
  `acctitle` varchar(100) DEFAULT NULL,
  `permitamount` decimal(18,2) DEFAULT NULL,
  `slaughterof` varchar(25) DEFAULT NULL,
  `weight` decimal(18,2) DEFAULT NULL,
  `ordinanceno` varchar(50) DEFAULT NULL,
  `ordinancedate` varchar(50) DEFAULT NULL,
  PRIMARY KEY (`objid`),
  KEY `ix_acctid` (`acctid`),
  KEY `ix_acctno` (`acctno`),
  CONSTRAINT `fk_cashreceipt_slaughter_cashreceipt` FOREIGN KEY (`objid`) REFERENCES `cashreceipt` (`objid`)
) ENGINE=InnoDB DEFAULT CHARSET=utf8;
/*!40101 SET character_set_client = @saved_cs_client */;

--
-- Dumping data for table `cashreceipt_slaughter`
--

LOCK TABLES `cashreceipt_slaughter` WRITE;
/*!40000 ALTER TABLE `cashreceipt_slaughter` DISABLE KEYS */;
/*!40000 ALTER TABLE `cashreceipt_slaughter` ENABLE KEYS */;
UNLOCK TABLES;

--
-- Table structure for table `cashreceipt_void`
--

DROP TABLE IF EXISTS `cashreceipt_void`;
/*!40101 SET @saved_cs_client     = @@character_set_client */;
/*!40101 SET character_set_client = utf8 */;
CREATE TABLE `cashreceipt_void` (
  `objid` varchar(50) NOT NULL,
  `receiptid` varchar(50) NOT NULL,
  `txndate` datetime NOT NULL,
  `postedby_objid` varchar(50) NOT NULL,
  `postedby_name` varchar(100) NOT NULL,
  `reason` varchar(255) NOT NULL,
  PRIMARY KEY (`objid`),
  UNIQUE KEY `uix_receiptid` (`receiptid`),
  KEY `ix_receiptid` (`receiptid`),
  KEY `ix_txndate` (`txndate`),
  KEY `ix_postedby_objid` (`postedby_objid`),
  CONSTRAINT `fk_cashreceipt_void_cashreceipt` FOREIGN KEY (`receiptid`) REFERENCES `cashreceipt` (`objid`)
) ENGINE=InnoDB DEFAULT CHARSET=utf8;
/*!40101 SET character_set_client = @saved_cs_client */;

--
-- Dumping data for table `cashreceipt_void`
--

LOCK TABLES `cashreceipt_void` WRITE;
/*!40000 ALTER TABLE `cashreceipt_void` DISABLE KEYS */;
/*!40000 ALTER TABLE `cashreceipt_void` ENABLE KEYS */;
UNLOCK TABLES;

--
-- Table structure for table `cashreceiptitem`
--

DROP TABLE IF EXISTS `cashreceiptitem`;
/*!40101 SET @saved_cs_client     = @@character_set_client */;
/*!40101 SET character_set_client = utf8 */;
CREATE TABLE `cashreceiptitem` (
  `objid` varchar(50) NOT NULL,
  `receiptid` varchar(50) NOT NULL,
  `item_objid` varchar(50) NOT NULL,
  `item_code` varchar(100) NOT NULL,
  `item_title` varchar(255) NOT NULL,
  `amount` decimal(16,4) NOT NULL,
  `remarks` varchar(255) DEFAULT NULL,
  `sortorder` int(11) DEFAULT '0',
  `item_fund_objid` varchar(100) NOT NULL,
  PRIMARY KEY (`objid`),
  KEY `ix_receiptid` (`receiptid`),
  KEY `ix_item_objid` (`item_objid`),
  KEY `ix_item_code` (`item_code`),
  KEY `ix_item_title` (`item_title`),
  KEY `ix_item_fund_objid` (`item_fund_objid`),
  CONSTRAINT `fk_cashreceiptitem_cashreceipt` FOREIGN KEY (`receiptid`) REFERENCES `cashreceipt` (`objid`),
  CONSTRAINT `fk_cashreceiptitem_itemaccount` FOREIGN KEY (`item_objid`) REFERENCES `itemaccount` (`objid`),
  CONSTRAINT `fk_cashreceiptitem_item_fund_objid` FOREIGN KEY (`item_fund_objid`) REFERENCES `fund` (`objid`)
) ENGINE=InnoDB DEFAULT CHARSET=utf8;
/*!40101 SET character_set_client = @saved_cs_client */;

--
-- Dumping data for table `cashreceiptitem`
--

LOCK TABLES `cashreceiptitem` WRITE;
/*!40000 ALTER TABLE `cashreceiptitem` DISABLE KEYS */;
/*!40000 ALTER TABLE `cashreceiptitem` ENABLE KEYS */;
UNLOCK TABLES;

--
-- Table structure for table `cashreceiptitem_discount`
--

DROP TABLE IF EXISTS `cashreceiptitem_discount`;
/*!40101 SET @saved_cs_client     = @@character_set_client */;
/*!40101 SET character_set_client = utf8 */;
CREATE TABLE `cashreceiptitem_discount` (
  `objid` varchar(50) NOT NULL,
  `receiptid` varchar(50) DEFAULT NULL,
  `receiptitemid` varchar(50) DEFAULT NULL,
  `acctid` varchar(50) DEFAULT NULL,
  `amount` decimal(16,2) DEFAULT NULL,
  `title` varchar(50) DEFAULT NULL,
  PRIMARY KEY (`objid`),
  KEY `ix_receiptid` (`receiptid`),
  KEY `ix_receiptitemid` (`receiptitemid`),
  KEY `ix_acctid` (`acctid`),
  CONSTRAINT `fk_cashreceiptitem_discount_cashreceipt` FOREIGN KEY (`receiptid`) REFERENCES `cashreceipt` (`objid`)
) ENGINE=InnoDB DEFAULT CHARSET=utf8;
/*!40101 SET character_set_client = @saved_cs_client */;

--
-- Dumping data for table `cashreceiptitem_discount`
--

LOCK TABLES `cashreceiptitem_discount` WRITE;
/*!40000 ALTER TABLE `cashreceiptitem_discount` DISABLE KEYS */;
/*!40000 ALTER TABLE `cashreceiptitem_discount` ENABLE KEYS */;
UNLOCK TABLES;

--
-- Table structure for table `cashreceiptitem_rpt_account`
--

DROP TABLE IF EXISTS `cashreceiptitem_rpt_account`;
/*!40101 SET @saved_cs_client     = @@character_set_client */;
/*!40101 SET character_set_client = utf8 */;
CREATE TABLE `cashreceiptitem_rpt_account` (
  `objid` varchar(50) NOT NULL,
  `rptledgerid` varchar(50) DEFAULT NULL,
  `revperiod` varchar(25) NOT NULL,
  `revtype` varchar(25) NOT NULL,
  `item_objid` varchar(50) NOT NULL,
  `amount` decimal(16,4) NOT NULL,
  `rptreceiptid` varchar(50) DEFAULT NULL,
  `sharetype` varchar(25) NOT NULL,
  `discount` decimal(16,4) DEFAULT NULL,
  PRIMARY KEY (`objid`),
  KEY `fk_cashreceiptitemrptaccount_cashreceiptrpt` (`rptreceiptid`),
  KEY `ix_cashreceiptitem_rpt_account_rptledger` (`rptledgerid`),
  KEY `ix_rptbillledgeraccount_revenueitem` (`item_objid`),
  CONSTRAINT `cashreceiptitem_rpt_account_ibfk_1` FOREIGN KEY (`item_objid`) REFERENCES `itemaccount` (`objid`),
  CONSTRAINT `cashreceiptitem_rpt_account_ibfk_2` FOREIGN KEY (`rptreceiptid`) REFERENCES `cashreceipt_rpt` (`objid`)
) ENGINE=InnoDB DEFAULT CHARSET=utf8;
/*!40101 SET character_set_client = @saved_cs_client */;

--
-- Dumping data for table `cashreceiptitem_rpt_account`
--

LOCK TABLES `cashreceiptitem_rpt_account` WRITE;
/*!40000 ALTER TABLE `cashreceiptitem_rpt_account` DISABLE KEYS */;
/*!40000 ALTER TABLE `cashreceiptitem_rpt_account` ENABLE KEYS */;
UNLOCK TABLES;

--
-- Table structure for table `cashreceiptitem_rpt_online`
--

DROP TABLE IF EXISTS `cashreceiptitem_rpt_online`;
/*!40101 SET @saved_cs_client     = @@character_set_client */;
/*!40101 SET character_set_client = utf8 */;
CREATE TABLE `cashreceiptitem_rpt_online` (
  `objid` varchar(50) NOT NULL,
  `rptledgerid` varchar(50) DEFAULT NULL,
  `rptledgerfaasid` varchar(50) DEFAULT NULL,
  `year` int(11) NOT NULL,
  `qtr` int(11) NOT NULL,
  `fromqtr` int(11) NOT NULL,
  `toqtr` int(11) NOT NULL,
  `basic` decimal(16,2) NOT NULL,
  `basicint` decimal(16,2) NOT NULL,
  `basicdisc` decimal(16,2) NOT NULL,
  `sef` decimal(16,2) NOT NULL,
  `sefint` decimal(16,2) NOT NULL,
  `sefdisc` decimal(16,2) NOT NULL,
  `firecode` decimal(10,2) DEFAULT NULL,
  `revperiod` varchar(25) DEFAULT NULL,
  `basicnet` decimal(16,2) DEFAULT NULL,
  `sefnet` decimal(16,2) DEFAULT NULL,
  `total` decimal(16,2) DEFAULT NULL,
  `rptreceiptid` varchar(50) DEFAULT NULL,
  `partialled` int(11) NOT NULL,
  `basicidle` decimal(16,2) DEFAULT '0.00',
  `rptledgeritemid` varchar(50) DEFAULT NULL,
  `basicidledisc` decimal(16,2) DEFAULT NULL,
  `basicidleint` decimal(16,2) DEFAULT NULL,
  `rptledgeritemqtrlyid` varchar(50) DEFAULT NULL,
  PRIMARY KEY (`objid`),
  KEY `rptreceiptid` (`rptreceiptid`),
  KEY `ix_cashreceiptitem_rpt_online_rptledger` (`rptledgerid`),
  KEY `ix_cashreceiptitem_rpt_online_rptledgerfaas` (`rptledgerfaasid`),
  KEY `ix_rptledgerbillitem_rptledgerfaasid` (`rptledgerfaasid`),
  KEY `ix_rptledgerbillitem_rptledgerid` (`rptledgerid`),
  KEY `FK_cashreceiptitem_rpt_online_rptledgeritem` (`rptledgeritemid`),
  KEY `FK_cashreceiptitem_rpt_online_rptledgeritemqtrly` (`rptledgeritemqtrlyid`),
  CONSTRAINT `cashreceiptitem_rpt_online_ibfk_1` FOREIGN KEY (`rptledgerid`) REFERENCES `rptledger` (`objid`),
  CONSTRAINT `cashreceiptitem_rpt_online_ibfk_2` FOREIGN KEY (`rptledgerfaasid`) REFERENCES `rptledgerfaas` (`objid`),
  CONSTRAINT `cashreceiptitem_rpt_online_ibfk_3` FOREIGN KEY (`rptreceiptid`) REFERENCES `cashreceipt_rpt` (`objid`)
) ENGINE=InnoDB DEFAULT CHARSET=utf8;
/*!40101 SET character_set_client = @saved_cs_client */;

--
-- Dumping data for table `cashreceiptitem_rpt_online`
--

LOCK TABLES `cashreceiptitem_rpt_online` WRITE;
/*!40000 ALTER TABLE `cashreceiptitem_rpt_online` DISABLE KEYS */;
/*!40000 ALTER TABLE `cashreceiptitem_rpt_online` ENABLE KEYS */;
UNLOCK TABLES;

--
-- Table structure for table `cashreceiptpayment_creditmemo`
--

DROP TABLE IF EXISTS `cashreceiptpayment_creditmemo`;
/*!40101 SET @saved_cs_client     = @@character_set_client */;
/*!40101 SET character_set_client = utf8 */;
CREATE TABLE `cashreceiptpayment_creditmemo` (
  `objid` varchar(50) NOT NULL,
  `receiptid` varchar(50) DEFAULT NULL,
  `account_objid` varchar(50) DEFAULT NULL,
  `account_code` varchar(100) DEFAULT NULL,
  `account_fund_name` varchar(50) DEFAULT NULL,
  `account_fund_objid` varchar(100) DEFAULT NULL,
  `account_bank` varchar(50) DEFAULT NULL,
  `refno` varchar(25) DEFAULT NULL,
  `refdate` datetime DEFAULT NULL,
  `amount` decimal(16,2) DEFAULT NULL,
  `particulars` varchar(255) DEFAULT NULL,
  PRIMARY KEY (`objid`),
  KEY `ix_receiptid` (`receiptid`),
  KEY `ix_account_objid` (`account_objid`),
  KEY `ix_account_fund_objid` (`account_fund_objid`),
  KEY `ix_refno` (`refno`),
  KEY `ix_refdate` (`refdate`)
) ENGINE=InnoDB DEFAULT CHARSET=utf8;
/*!40101 SET character_set_client = @saved_cs_client */;

--
-- Dumping data for table `cashreceiptpayment_creditmemo`
--

LOCK TABLES `cashreceiptpayment_creditmemo` WRITE;
/*!40000 ALTER TABLE `cashreceiptpayment_creditmemo` DISABLE KEYS */;
/*!40000 ALTER TABLE `cashreceiptpayment_creditmemo` ENABLE KEYS */;
UNLOCK TABLES;

--
-- Table structure for table `cashreceiptpayment_noncash`
--

DROP TABLE IF EXISTS `cashreceiptpayment_noncash`;
/*!40101 SET @saved_cs_client     = @@character_set_client */;
/*!40101 SET character_set_client = utf8 */;
CREATE TABLE `cashreceiptpayment_noncash` (
  `objid` varchar(50) NOT NULL,
  `receiptid` varchar(50) DEFAULT NULL,
  `_bank` varchar(50) DEFAULT NULL,
  `refno` varchar(25) DEFAULT NULL,
  `refdate` datetime DEFAULT NULL,
  `reftype` varchar(50) DEFAULT NULL,
  `amount` decimal(16,2) DEFAULT NULL,
  `particulars` varchar(255) DEFAULT NULL,
  `_bankid` varchar(50) DEFAULT NULL,
  `_deposittype` varchar(50) DEFAULT NULL,
  `account_objid` varchar(50) DEFAULT NULL,
  `account_code` varchar(50) DEFAULT NULL,
  `account_name` varchar(100) DEFAULT NULL,
  `account_fund_objid` varchar(100) DEFAULT NULL,
  `account_fund_name` varchar(50) DEFAULT NULL,
  `account_bank` varchar(100) DEFAULT NULL,
  `fund_objid` varchar(100) DEFAULT NULL,
  `refid` varchar(50) DEFAULT NULL,
  `checkid` varchar(50) DEFAULT NULL,
  `voidamount` decimal(16,4) DEFAULT NULL,
  PRIMARY KEY (`objid`),
  KEY `ix_receiptid` (`receiptid`),
  KEY `ix_bankid` (`_bankid`),
  KEY `ix_refno` (`refno`),
  KEY `ix_refdate` (`refdate`),
  KEY `ix_account_objid` (`account_objid`),
  KEY `ix_account_fund_objid` (`account_fund_objid`),
  KEY `ix_fund_objid` (`fund_objid`),
  KEY `ix_refid` (`refid`),
  KEY `ix_checkid` (`checkid`),
  CONSTRAINT `fk_cashreceiptpayment_noncash_cashreceipt` FOREIGN KEY (`receiptid`) REFERENCES `cashreceipt` (`objid`),
  CONSTRAINT `fk_cashreceiptpayment_noncash_fund_objid` FOREIGN KEY (`fund_objid`) REFERENCES `fund` (`objid`)
) ENGINE=InnoDB DEFAULT CHARSET=utf8;
/*!40101 SET character_set_client = @saved_cs_client */;

--
-- Dumping data for table `cashreceiptpayment_noncash`
--

LOCK TABLES `cashreceiptpayment_noncash` WRITE;
/*!40000 ALTER TABLE `cashreceiptpayment_noncash` DISABLE KEYS */;
/*!40000 ALTER TABLE `cashreceiptpayment_noncash` ENABLE KEYS */;
UNLOCK TABLES;

--
-- Table structure for table `cashreceipts`
--

DROP TABLE IF EXISTS `cashreceipts`;
/*!40101 SET @saved_cs_client     = @@character_set_client */;
/*!40101 SET character_set_client = utf8 */;
CREATE TABLE `cashreceipts` (
  `objid` varchar(50) NOT NULL,
  PRIMARY KEY (`objid`)
) ENGINE=InnoDB DEFAULT CHARSET=utf8;
/*!40101 SET character_set_client = @saved_cs_client */;

--
-- Dumping data for table `cashreceipts`
--

LOCK TABLES `cashreceipts` WRITE;
/*!40000 ALTER TABLE `cashreceipts` DISABLE KEYS */;
/*!40000 ALTER TABLE `cashreceipts` ENABLE KEYS */;
UNLOCK TABLES;

--
-- Table structure for table `certification`
--

DROP TABLE IF EXISTS `certification`;
/*!40101 SET @saved_cs_client     = @@character_set_client */;
/*!40101 SET character_set_client = utf8 */;
CREATE TABLE `certification` (
  `objid` varchar(50) NOT NULL,
  `txnno` varchar(25) NOT NULL,
  `txndate` datetime NOT NULL,
  `type` varchar(50) NOT NULL,
  `refid` varchar(50) DEFAULT NULL,
  `name` varchar(200) NOT NULL,
  `address` text NOT NULL,
  `requestedby` longtext NOT NULL,
  `requestedbyaddress` varchar(100) NOT NULL,
  `purpose` text,
  `certifiedby` varchar(150) NOT NULL,
  `certifiedbytitle` varchar(50) NOT NULL,
  `byauthority` varchar(150) DEFAULT NULL,
  `byauthoritytitle` varchar(50) DEFAULT NULL,
  `orno` varchar(25) DEFAULT NULL,
  `ordate` datetime DEFAULT NULL,
  `oramount` decimal(16,2) NOT NULL,
  `stampamount` decimal(16,2) NOT NULL,
  `createdbyid` varchar(50) DEFAULT NULL,
  `createdby` varchar(150) NOT NULL,
  `createdbytitle` varchar(50) NOT NULL,
  `office` varchar(50) DEFAULT NULL,
  `info` text,
  PRIMARY KEY (`objid`),
  KEY `ix_txnno` (`txnno`),
  KEY `ix_txndate` (`txndate`),
  KEY `ix_type` (`type`),
  KEY `ix_name` (`name`),
  KEY `ix_orno` (`orno`),
  KEY `ix_ordate` (`ordate`),
  KEY `ix_createdbyid` (`createdbyid`),
  KEY `ix_createdby` (`createdby`)
) ENGINE=InnoDB DEFAULT CHARSET=utf8;
/*!40101 SET character_set_client = @saved_cs_client */;

--
-- Dumping data for table `certification`
--

LOCK TABLES `certification` WRITE;
/*!40000 ALTER TABLE `certification` DISABLE KEYS */;
/*!40000 ALTER TABLE `certification` ENABLE KEYS */;
UNLOCK TABLES;

--
-- Table structure for table `checkpayment`
--

DROP TABLE IF EXISTS `checkpayment`;
/*!40101 SET @saved_cs_client     = @@character_set_client */;
/*!40101 SET character_set_client = utf8 */;
CREATE TABLE `checkpayment` (
  `objid` varchar(50) NOT NULL,
  `bankid` varchar(50) DEFAULT NULL,
  `refno` varchar(50) DEFAULT NULL,
  `refdate` date DEFAULT NULL,
  `amount` decimal(16,4) DEFAULT NULL,
  `receiptid` varchar(50) DEFAULT NULL,
  `bank_name` varchar(255) DEFAULT NULL,
  `amtused` decimal(16,4) DEFAULT NULL,
  `receivedfrom` longtext,
  `state` varchar(50) DEFAULT NULL,
  `depositvoucherid` varchar(50) DEFAULT NULL,
  `fundid` varchar(100) DEFAULT NULL,
  `depositslipid` varchar(100) DEFAULT NULL,
  `split` int(11) NOT NULL,
  `external` int(11) NOT NULL DEFAULT '0',
  `collector_objid` varchar(50) DEFAULT NULL,
  `collector_name` varchar(255) DEFAULT NULL,
  `subcollector_objid` varchar(50) DEFAULT NULL,
  `subcollector_name` varchar(255) DEFAULT NULL,
  PRIMARY KEY (`objid`),
  KEY `ix_bankid` (`bankid`),
  KEY `ix_collector_name` (`collector_name`),
  KEY `ix_collectorid` (`collector_objid`),
  KEY `ix_depositslipid` (`depositslipid`),
  KEY `ix_depositvoucherid` (`depositvoucherid`),
  KEY `ix_fundid` (`fundid`),
  KEY `ix_receiptid` (`receiptid`),
  KEY `ix_refdate` (`refdate`),
  KEY `ix_refno` (`refno`),
  KEY `ix_state` (`state`),
  KEY `ix_subcollector_objid` (`subcollector_objid`),
  CONSTRAINT `fk_checkpayment_depositslipid` FOREIGN KEY (`depositslipid`) REFERENCES `depositslip` (`objid`),
  CONSTRAINT `fk_paymentcheck_depositvoucher` FOREIGN KEY (`depositvoucherid`) REFERENCES `depositvoucher` (`objid`),
  CONSTRAINT `fk_paymentcheck_fund` FOREIGN KEY (`fundid`) REFERENCES `fund` (`objid`)
) ENGINE=InnoDB DEFAULT CHARSET=utf8;
/*!40101 SET character_set_client = @saved_cs_client */;

--
-- Dumping data for table `checkpayment`
--

LOCK TABLES `checkpayment` WRITE;
/*!40000 ALTER TABLE `checkpayment` DISABLE KEYS */;
/*!40000 ALTER TABLE `checkpayment` ENABLE KEYS */;
UNLOCK TABLES;

--
-- Table structure for table `checkpayment_deadchecks`
--

DROP TABLE IF EXISTS `checkpayment_deadchecks`;
/*!40101 SET @saved_cs_client     = @@character_set_client */;
/*!40101 SET character_set_client = utf8 */;
CREATE TABLE `checkpayment_deadchecks` (
  `objid` varchar(50) NOT NULL,
  `bankid` varchar(50) DEFAULT NULL,
  `refno` varchar(50) DEFAULT NULL,
  `refdate` date DEFAULT NULL,
  `amount` decimal(16,4) DEFAULT NULL,
  `collector_objid` varchar(50) DEFAULT NULL,
  `bank_name` varchar(255) DEFAULT NULL,
  `amtused` decimal(16,4) DEFAULT NULL,
  `receivedfrom` varchar(255) DEFAULT NULL,
  `state` varchar(50) DEFAULT NULL,
  `depositvoucherid` varchar(50) DEFAULT NULL,
  `fundid` varchar(100) DEFAULT NULL,
  `depositslipid` varchar(100) DEFAULT NULL,
  `split` int(11) NOT NULL,
  `amtdeposited` decimal(16,4) DEFAULT NULL,
  `external` int(11) DEFAULT NULL,
  `collector_name` varchar(255) DEFAULT NULL,
  `subcollector_objid` varchar(50) DEFAULT NULL,
  `subcollector_name` varchar(255) DEFAULT NULL,
  `collectorid` varchar(50) DEFAULT NULL,
  PRIMARY KEY (`objid`),
  KEY `ix_bankid` (`bankid`),
  KEY `ix_collector_name` (`collector_name`),
  KEY `ix_collectorid` (`collector_objid`),
  KEY `ix_collectorid_` (`collectorid`),
  KEY `ix_depositslipid` (`depositslipid`),
  KEY `ix_depositvoucherid` (`depositvoucherid`),
  KEY `ix_fundid` (`fundid`),
  KEY `ix_refdate` (`refdate`),
  KEY `ix_refno` (`refno`),
  KEY `ix_subcollector_objid` (`subcollector_objid`)
) ENGINE=InnoDB DEFAULT CHARSET=utf8;
/*!40101 SET character_set_client = @saved_cs_client */;

--
-- Dumping data for table `checkpayment_deadchecks`
--

LOCK TABLES `checkpayment_deadchecks` WRITE;
/*!40000 ALTER TABLE `checkpayment_deadchecks` DISABLE KEYS */;
/*!40000 ALTER TABLE `checkpayment_deadchecks` ENABLE KEYS */;
UNLOCK TABLES;

--
-- Table structure for table `checkpayment_dishonored`
--

DROP TABLE IF EXISTS `checkpayment_dishonored`;
/*!40101 SET @saved_cs_client     = @@character_set_client */;
/*!40101 SET character_set_client = utf8 */;
CREATE TABLE `checkpayment_dishonored` (
  `objid` varchar(50) NOT NULL,
  `checkpaymentid` varchar(50) NOT NULL,
  `dtfiled` datetime NOT NULL,
  `filedby_objid` varchar(50) NOT NULL,
  `filedby_name` varchar(150) NOT NULL,
  `remarks` varchar(255) NOT NULL,
  PRIMARY KEY (`objid`),
  KEY `ix_checkpaymentid` (`checkpaymentid`),
  KEY `ix_dtfiled` (`dtfiled`),
  KEY `ix_filedby_objid` (`filedby_objid`),
  KEY `ix_filedby_name` (`filedby_name`),
  CONSTRAINT `fk_checkpayment_dishonored_checkpaymentid` FOREIGN KEY (`checkpaymentid`) REFERENCES `checkpayment` (`objid`)
) ENGINE=InnoDB DEFAULT CHARSET=utf8;
/*!40101 SET character_set_client = @saved_cs_client */;

--
-- Dumping data for table `checkpayment_dishonored`
--

LOCK TABLES `checkpayment_dishonored` WRITE;
/*!40000 ALTER TABLE `checkpayment_dishonored` DISABLE KEYS */;
/*!40000 ALTER TABLE `checkpayment_dishonored` ENABLE KEYS */;
UNLOCK TABLES;

--
-- Table structure for table `citizenship`
--

DROP TABLE IF EXISTS `citizenship`;
/*!40101 SET @saved_cs_client     = @@character_set_client */;
/*!40101 SET character_set_client = utf8 */;
CREATE TABLE `citizenship` (
  `objid` varchar(50) NOT NULL DEFAULT '',
  PRIMARY KEY (`objid`)
) ENGINE=InnoDB DEFAULT CHARSET=utf8;
/*!40101 SET character_set_client = @saved_cs_client */;

--
-- Dumping data for table `citizenship`
--

LOCK TABLES `citizenship` WRITE;
/*!40000 ALTER TABLE `citizenship` DISABLE KEYS */;
INSERT INTO `citizenship` VALUES ('FILIPINO');
/*!40000 ALTER TABLE `citizenship` ENABLE KEYS */;
UNLOCK TABLES;

--
-- Table structure for table `city`
--

DROP TABLE IF EXISTS `city`;
/*!40101 SET @saved_cs_client     = @@character_set_client */;
/*!40101 SET character_set_client = utf8 */;
CREATE TABLE `city` (
  `objid` varchar(50) NOT NULL,
  `state` varchar(10) DEFAULT NULL,
  `indexno` varchar(15) DEFAULT NULL,
  `pin` varchar(15) DEFAULT NULL,
  `name` varchar(50) DEFAULT NULL,
  `previd` varchar(50) DEFAULT NULL,
  `parentid` varchar(50) DEFAULT NULL,
  `mayor_name` varchar(100) DEFAULT NULL,
  `mayor_title` varchar(50) DEFAULT NULL,
  `mayor_office` varchar(50) DEFAULT NULL,
  `assessor_name` varchar(100) DEFAULT NULL,
  `assessor_title` varchar(50) DEFAULT NULL,
  `assessor_office` varchar(50) DEFAULT NULL,
  `treasurer_name` varchar(100) DEFAULT NULL,
  `treasurer_title` varchar(50) DEFAULT NULL,
  `treasurer_office` varchar(50) DEFAULT NULL,
  `address` varchar(100) DEFAULT NULL,
  `fullname` varchar(50) DEFAULT NULL,
  PRIMARY KEY (`objid`),
  KEY `ix_indexno` (`indexno`),
  KEY `ix_pin` (`pin`),
  KEY `ix_parentid` (`parentid`),
  KEY `ix_previd` (`previd`),
  CONSTRAINT `fk_city_org` FOREIGN KEY (`objid`) REFERENCES `sys_org` (`objid`)
) ENGINE=InnoDB DEFAULT CHARSET=utf8;
/*!40101 SET character_set_client = @saved_cs_client */;

--
-- Dumping data for table `city`
--

LOCK TABLES `city` WRITE;
/*!40000 ALTER TABLE `city` DISABLE KEYS */;
/*!40000 ALTER TABLE `city` ENABLE KEYS */;
UNLOCK TABLES;

--
-- Table structure for table `collectiongroup`
--

DROP TABLE IF EXISTS `collectiongroup`;
/*!40101 SET @saved_cs_client     = @@character_set_client */;
/*!40101 SET character_set_client = utf8 */;
CREATE TABLE `collectiongroup` (
  `objid` varchar(50) NOT NULL,
  `state` varchar(30) DEFAULT NULL,
  `name` varchar(150) NOT NULL,
  `sharing` int(11) DEFAULT NULL,
  PRIMARY KEY (`objid`),
  KEY `ix_state` (`state`)
) ENGINE=InnoDB DEFAULT CHARSET=utf8;
/*!40101 SET character_set_client = @saved_cs_client */;

--
-- Dumping data for table `collectiongroup`
--

LOCK TABLES `collectiongroup` WRITE;
/*!40000 ALTER TABLE `collectiongroup` DISABLE KEYS */;
/*!40000 ALTER TABLE `collectiongroup` ENABLE KEYS */;
UNLOCK TABLES;

--
-- Table structure for table `collectiongroup_account`
--

DROP TABLE IF EXISTS `collectiongroup_account`;
/*!40101 SET @saved_cs_client     = @@character_set_client */;
/*!40101 SET character_set_client = utf8 */;
CREATE TABLE `collectiongroup_account` (
  `collectiongroupid` varchar(50) NOT NULL,
  `account_objid` varchar(50) NOT NULL,
  `sortorder` int(11) NOT NULL,
  `valuetype` varchar(50) DEFAULT NULL,
  `defaultvalue` decimal(16,2) DEFAULT NULL,
  `objid` varchar(50) NOT NULL,
  `account_title` varchar(255) NOT NULL,
  `tag` varchar(255) DEFAULT NULL,
  PRIMARY KEY (`objid`),
  UNIQUE KEY `uix_collectiongroup_account` (`collectiongroupid`,`account_objid`),
  KEY `ix_revenueitemid` (`account_objid`),
  KEY `ix_collectiongroupid` (`collectiongroupid`),
  CONSTRAINT `fk_collectiongroup_account_account_objid` FOREIGN KEY (`account_objid`) REFERENCES `itemaccount` (`objid`),
  CONSTRAINT `fk_collectiongroup_account_collectiongroupid` FOREIGN KEY (`collectiongroupid`) REFERENCES `collectiongroup` (`objid`)
) ENGINE=InnoDB DEFAULT CHARSET=utf8;
/*!40101 SET character_set_client = @saved_cs_client */;

--
-- Dumping data for table `collectiongroup_account`
--

LOCK TABLES `collectiongroup_account` WRITE;
/*!40000 ALTER TABLE `collectiongroup_account` DISABLE KEYS */;
/*!40000 ALTER TABLE `collectiongroup_account` ENABLE KEYS */;
UNLOCK TABLES;

--
-- Table structure for table `collectiongroup_org`
--

DROP TABLE IF EXISTS `collectiongroup_org`;
/*!40101 SET @saved_cs_client     = @@character_set_client */;
/*!40101 SET character_set_client = utf8 */;
CREATE TABLE `collectiongroup_org` (
  `objid` varchar(100) NOT NULL,
  `collectiongroupid` varchar(50) NOT NULL,
  `org_objid` varchar(50) NOT NULL,
  `org_name` varchar(255) NOT NULL,
  `org_type` varchar(50) NOT NULL,
  PRIMARY KEY (`objid`),
  UNIQUE KEY `uix_collectiongroup_org` (`collectiongroupid`,`org_objid`),
  KEY `ix_collectiongroupid` (`collectiongroupid`),
  KEY `ix_org_objid` (`org_objid`),
  CONSTRAINT `fk_collectiongroup_org_parent` FOREIGN KEY (`collectiongroupid`) REFERENCES `collectiongroup` (`objid`)
) ENGINE=InnoDB DEFAULT CHARSET=utf8;
/*!40101 SET character_set_client = @saved_cs_client */;

--
-- Dumping data for table `collectiongroup_org`
--

LOCK TABLES `collectiongroup_org` WRITE;
/*!40000 ALTER TABLE `collectiongroup_org` DISABLE KEYS */;
/*!40000 ALTER TABLE `collectiongroup_org` ENABLE KEYS */;
UNLOCK TABLES;

--
-- Table structure for table `collectiontype`
--

DROP TABLE IF EXISTS `collectiontype`;
/*!40101 SET @saved_cs_client     = @@character_set_client */;
/*!40101 SET character_set_client = utf8 */;
CREATE TABLE `collectiontype` (
  `objid` varchar(50) NOT NULL,
  `state` varchar(10) DEFAULT NULL,
  `name` varchar(50) DEFAULT NULL,
  `title` varchar(50) DEFAULT NULL,
  `formno` varchar(10) DEFAULT NULL,
  `handler` varchar(25) DEFAULT NULL,
  `allowbatch` int(11) DEFAULT '0',
  `barcodekey` varchar(100) DEFAULT NULL,
  `allowonline` int(11) DEFAULT '0',
  `allowoffline` int(11) DEFAULT '0',
  `sortorder` int(11) DEFAULT '0',
  `org_objid` varchar(50) DEFAULT NULL,
  `org_name` varchar(50) DEFAULT NULL,
  `fund_objid` varchar(100) DEFAULT NULL,
  `fund_title` varchar(255) DEFAULT NULL,
  `category` varchar(100) DEFAULT NULL,
  `allowpaymentorder` int(11) DEFAULT '0',
  `allowkiosk` int(11) DEFAULT '0',
  `allowcreditmemo` int(11) DEFAULT '0',
  `system` int(11) DEFAULT '0',
  `queuesection` varchar(50) DEFAULT NULL,
  `info` text,
  PRIMARY KEY (`objid`),
  KEY `ix_name` (`name`),
  KEY `ix_formno` (`formno`),
  KEY `ix_handler` (`handler`),
  KEY `ix_org_objid` (`org_objid`),
  KEY `ix_fund_objid` (`fund_objid`),
  KEY `ix_state` (`state`),
  CONSTRAINT `fk_collectiontype_fund_objid` FOREIGN KEY (`fund_objid`) REFERENCES `fund` (`objid`)
) ENGINE=InnoDB DEFAULT CHARSET=utf8;
/*!40101 SET character_set_client = @saved_cs_client */;

--
-- Dumping data for table `collectiontype`
--

LOCK TABLES `collectiontype` WRITE;
/*!40000 ALTER TABLE `collectiontype` DISABLE KEYS */;
INSERT INTO `collectiontype` VALUES ('BUSINESS_COLLECTION','ACTIVE','BUSINESS_COLLECTION','Business Collection','51','bpls',0,'51005',1,1,-90,NULL,NULL,NULL,NULL,NULL,0,0,0,0,NULL,NULL),('COLLTYPE-6fd347bb:15dabc64ca0:-72c4','ACTIVE','MARRIAGE_LICENSE_FEE','Marriage Licence Fee','54','marriage',1,NULL,1,1,0,NULL,NULL,NULL,NULL,NULL,0,0,0,0,NULL,NULL),('COLLTYPE4e48d2f0:1650d22b377:-7d85','ACTIVE','BURIAL_PERMIT','BURIAL_PERMIT','58','misc',0,NULL,1,1,0,NULL,NULL,NULL,NULL,NULL,0,0,0,0,NULL,NULL),('COLLTYPE62f5207:16266829ec6:-77fc','ACTIVE','REAL_PROPERTY_COLLECTION','REAL_PROPERTY_COLLECTION','56','rpt',0,'56001',1,0,0,NULL,NULL,NULL,NULL,NULL,0,0,0,0,NULL,'[:]'),('COLLTYPE7816cd63:15da1cccab3:-6856','ACTIVE','TRUST_COLLECTION','TRUST COLLECTION','51','misc',0,NULL,1,1,0,NULL,NULL,'TRUST','TRUST-PROPER',NULL,0,0,0,0,NULL,NULL),('CREDIT_MEMO_COLLECTION','ACTIVE','CREDIT_MEMO_COLLECTION','Credit Memo Collection','51','creditmemo',0,NULL,1,0,50,NULL,NULL,NULL,NULL,NULL,0,0,0,0,NULL,NULL),('GENERAL_COLLECTION','ACTIVE','GENERAL_COLLECTION','General Collection','51','misc',1,NULL,1,1,-100,NULL,NULL,NULL,NULL,NULL,0,0,0,0,NULL,NULL),('LCO_COLLECTION','ACTIVE','LARGE_CATTLE_OWNERSHIP','LARGE CATTLE OWNERSHIP','53','misc',1,NULL,0,1,95,NULL,NULL,NULL,NULL,NULL,0,0,0,0,NULL,NULL),('LCT_COLLECTION','ACTIVE','LARGE_CATTLE_TRANSFER','LARGE CATTLE TRANSFER','52','misc',1,NULL,0,1,95,NULL,NULL,NULL,NULL,NULL,0,0,0,0,NULL,NULL);
/*!40000 ALTER TABLE `collectiontype` ENABLE KEYS */;
UNLOCK TABLES;

--
-- Table structure for table `collectiontype_account`
--

DROP TABLE IF EXISTS `collectiontype_account`;
/*!40101 SET @saved_cs_client     = @@character_set_client */;
/*!40101 SET character_set_client = utf8 */;
CREATE TABLE `collectiontype_account` (
  `collectiontypeid` varchar(50) NOT NULL,
  `account_objid` varchar(50) NOT NULL,
  `account_title` varchar(100) DEFAULT NULL,
  `tag` varchar(50) DEFAULT NULL,
  `defaultvalue` decimal(16,2) DEFAULT NULL,
  `valuetype` varchar(20) DEFAULT NULL,
  `sortorder` int(11) DEFAULT NULL,
  `objid` varchar(50) NOT NULL,
  PRIMARY KEY (`objid`),
  UNIQUE KEY `uix_collectiontype_account` (`collectiontypeid`,`account_objid`),
  KEY `ix_account_objid` (`account_objid`),
  KEY `ix_collectiontypeid` (`collectiontypeid`),
  KEY `ix_account_title` (`account_title`),
  CONSTRAINT `fk_collectiontype_account_account` FOREIGN KEY (`account_objid`) REFERENCES `itemaccount` (`objid`),
  CONSTRAINT `fk_collectiontype_account_account_objid` FOREIGN KEY (`account_objid`) REFERENCES `itemaccount` (`objid`),
  CONSTRAINT `fk_collectiontype_account_collectiontype` FOREIGN KEY (`collectiontypeid`) REFERENCES `collectiontype` (`objid`),
  CONSTRAINT `fk_collectiontype_account_parentid` FOREIGN KEY (`collectiontypeid`) REFERENCES `collectiontype` (`objid`)
) ENGINE=InnoDB DEFAULT CHARSET=utf8;
/*!40101 SET character_set_client = @saved_cs_client */;

--
-- Dumping data for table `collectiontype_account`
--

LOCK TABLES `collectiontype_account` WRITE;
/*!40000 ALTER TABLE `collectiontype_account` DISABLE KEYS */;
/*!40000 ALTER TABLE `collectiontype_account` ENABLE KEYS */;
UNLOCK TABLES;

--
-- Table structure for table `collectiontype_org`
--

DROP TABLE IF EXISTS `collectiontype_org`;
/*!40101 SET @saved_cs_client     = @@character_set_client */;
/*!40101 SET character_set_client = utf8 */;
CREATE TABLE `collectiontype_org` (
  `objid` varchar(100) NOT NULL,
  `collectiontypeid` varchar(50) DEFAULT NULL,
  `org_objid` varchar(50) DEFAULT NULL,
  `org_name` varchar(150) DEFAULT NULL,
  `org_type` varchar(50) DEFAULT NULL,
  PRIMARY KEY (`objid`),
  UNIQUE KEY `uix_collectiontype_org` (`collectiontypeid`,`org_objid`),
  KEY `ix_collectiontypeid` (`collectiontypeid`),
  KEY `ix_org_objid` (`org_objid`),
  KEY `ix_org_name` (`org_name`),
  CONSTRAINT `fk_collectiontype_org_parent` FOREIGN KEY (`collectiontypeid`) REFERENCES `collectiontype` (`objid`)
) ENGINE=InnoDB DEFAULT CHARSET=utf8;
/*!40101 SET character_set_client = @saved_cs_client */;

--
-- Dumping data for table `collectiontype_org`
--

LOCK TABLES `collectiontype_org` WRITE;
/*!40000 ALTER TABLE `collectiontype_org` DISABLE KEYS */;
/*!40000 ALTER TABLE `collectiontype_org` ENABLE KEYS */;
UNLOCK TABLES;

--
-- Table structure for table `collectionvoucher`
--

DROP TABLE IF EXISTS `collectionvoucher`;
/*!40101 SET @saved_cs_client     = @@character_set_client */;
/*!40101 SET character_set_client = utf8 */;
CREATE TABLE `collectionvoucher` (
  `objid` varchar(50) NOT NULL,
  `state` varchar(50) NOT NULL,
  `controlno` varchar(100) NOT NULL,
  `controldate` date NOT NULL,
  `dtposted` datetime NOT NULL,
  `liquidatingofficer_objid` varchar(50) DEFAULT NULL,
  `liquidatingofficer_name` varchar(100) DEFAULT NULL,
  `liquidatingofficer_title` varchar(50) DEFAULT NULL,
  `liquidatingofficer_signature` longtext,
  `amount` decimal(18,2) DEFAULT NULL,
  `totalcash` decimal(18,2) DEFAULT NULL,
  `totalcheck` decimal(16,4) DEFAULT NULL,
  `cashbreakdown` longtext,
  `totalcr` decimal(16,4) DEFAULT NULL,
  `depositvoucherid` varchar(50) DEFAULT NULL,
  PRIMARY KEY (`objid`),
  UNIQUE KEY `uix_controlno` (`controlno`),
  KEY `ix_state` (`state`),
  KEY `ix_controldate` (`controldate`),
  KEY `ix_dtposted` (`dtposted`),
  KEY `ix_liquidatingofficer_objid` (`liquidatingofficer_objid`),
  KEY `ix_liquidatingofficer_name` (`liquidatingofficer_name`),
  KEY `ix_depositvoucherid` (`depositvoucherid`),
  CONSTRAINT `fk_collectionvoucher_depositvoucherid` FOREIGN KEY (`depositvoucherid`) REFERENCES `depositvoucher` (`objid`),
  CONSTRAINT `fk_collectionvoucher_liquidatingofficer` FOREIGN KEY (`liquidatingofficer_objid`) REFERENCES `sys_user` (`objid`)
) ENGINE=InnoDB DEFAULT CHARSET=utf8;
/*!40101 SET character_set_client = @saved_cs_client */;

--
-- Dumping data for table `collectionvoucher`
--

LOCK TABLES `collectionvoucher` WRITE;
/*!40000 ALTER TABLE `collectionvoucher` DISABLE KEYS */;
/*!40000 ALTER TABLE `collectionvoucher` ENABLE KEYS */;
UNLOCK TABLES;

--
-- Table structure for table `collectionvoucher_fund`
--

DROP TABLE IF EXISTS `collectionvoucher_fund`;
/*!40101 SET @saved_cs_client     = @@character_set_client */;
/*!40101 SET character_set_client = utf8 */;
CREATE TABLE `collectionvoucher_fund` (
  `objid` varchar(255) NOT NULL,
  `controlno` varchar(100) NOT NULL,
  `parentid` varchar(50) NOT NULL,
  `fund_objid` varchar(100) NOT NULL,
  `fund_title` varchar(100) NOT NULL,
  `amount` decimal(16,4) NOT NULL,
  `totalcash` decimal(16,4) NOT NULL,
  `totalcheck` decimal(16,4) NOT NULL,
  `totalcr` decimal(16,4) NOT NULL,
  `cashbreakdown` longtext,
  `depositvoucherid` varchar(50) DEFAULT NULL,
  PRIMARY KEY (`objid`),
  UNIQUE KEY `uix_parentid_fund_objid` (`parentid`,`fund_objid`),
  KEY `ix_controlno` (`controlno`),
  KEY `ix_parentid` (`parentid`),
  KEY `ix_fund_objid` (`fund_objid`),
  KEY `ix_depositvoucherid` (`depositvoucherid`),
  CONSTRAINT `fk_collectionvoucher_fund_fund_objid` FOREIGN KEY (`fund_objid`) REFERENCES `fund` (`objid`),
  CONSTRAINT `fk_collectionvoucher_fund_parentid` FOREIGN KEY (`parentid`) REFERENCES `collectionvoucher` (`objid`)
) ENGINE=InnoDB DEFAULT CHARSET=utf8;
/*!40101 SET character_set_client = @saved_cs_client */;

--
-- Dumping data for table `collectionvoucher_fund`
--

LOCK TABLES `collectionvoucher_fund` WRITE;
/*!40000 ALTER TABLE `collectionvoucher_fund` DISABLE KEYS */;
/*!40000 ALTER TABLE `collectionvoucher_fund` ENABLE KEYS */;
UNLOCK TABLES;

--
-- Table structure for table `consolidatedland`
--

DROP TABLE IF EXISTS `consolidatedland`;
/*!40101 SET @saved_cs_client     = @@character_set_client */;
/*!40101 SET character_set_client = utf8 */;
CREATE TABLE `consolidatedland` (
  `objid` varchar(50) NOT NULL,
  `consolidationid` varchar(50) NOT NULL,
  `landfaasid` varchar(50) NOT NULL,
  `rpuid` varchar(50) NOT NULL,
  `rpid` varchar(50) NOT NULL,
  PRIMARY KEY (`objid`),
  KEY `FK_consolidatedland_consolidation` (`consolidationid`),
  KEY `FK_consolidatedland_faas` (`landfaasid`),
  CONSTRAINT `consolidatedland_ibfk_1` FOREIGN KEY (`consolidationid`) REFERENCES `consolidation` (`objid`),
  CONSTRAINT `consolidatedland_ibfk_2` FOREIGN KEY (`landfaasid`) REFERENCES `faas` (`objid`)
) ENGINE=InnoDB DEFAULT CHARSET=utf8;
/*!40101 SET character_set_client = @saved_cs_client */;

--
-- Dumping data for table `consolidatedland`
--

LOCK TABLES `consolidatedland` WRITE;
/*!40000 ALTER TABLE `consolidatedland` DISABLE KEYS */;
/*!40000 ALTER TABLE `consolidatedland` ENABLE KEYS */;
UNLOCK TABLES;

--
-- Table structure for table `consolidation`
--

DROP TABLE IF EXISTS `consolidation`;
/*!40101 SET @saved_cs_client     = @@character_set_client */;
/*!40101 SET character_set_client = utf8 */;
CREATE TABLE `consolidation` (
  `objid` varchar(50) NOT NULL,
  `state` varchar(25) NOT NULL,
  `txnno` varchar(25) NOT NULL,
  `txndate` datetime DEFAULT NULL,
  `ry` int(11) NOT NULL,
  `txntype_objid` varchar(50) DEFAULT NULL,
  `autonumber` int(11) DEFAULT NULL,
  `effectivityyear` int(11) DEFAULT NULL,
  `effectivityqtr` int(11) DEFAULT NULL,
  `newtdno` varchar(50) DEFAULT NULL,
  `newutdno` varchar(50) DEFAULT NULL,
  `newtitletype` varchar(50) DEFAULT NULL,
  `newtitleno` varchar(50) DEFAULT NULL,
  `newtitledate` varchar(50) DEFAULT NULL,
  `memoranda` text,
  `lguid` varchar(50) DEFAULT NULL,
  `lgutype` varchar(50) DEFAULT NULL,
  `newrpid` varchar(50) DEFAULT NULL,
  `newrpuid` varchar(50) DEFAULT NULL,
  `newfaasid` varchar(50) DEFAULT NULL,
  `taxpayer_objid` varchar(50) DEFAULT NULL,
  `taxpayer_name` text,
  `taxpayer_address` varchar(200) DEFAULT NULL,
  `owner_name` text,
  `owner_address` varchar(200) DEFAULT NULL,
  `administrator_objid` varchar(50) DEFAULT NULL,
  `administrator_name` varchar(500) DEFAULT NULL,
  `administrator_address` varchar(200) DEFAULT NULL,
  `administratorid` varchar(50) DEFAULT NULL,
  `administratorname` varchar(500) DEFAULT NULL,
  `administratoraddress` varchar(200) DEFAULT NULL,
  `signatories` varchar(500) DEFAULT NULL,
  `originlguid` varchar(50) DEFAULT NULL,
  PRIMARY KEY (`objid`),
  KEY `FK_consolidation_newfaas` (`newfaasid`),
  KEY `FK_consolidation_newrp` (`newrpid`),
  KEY `FK_consolidation_newrpu` (`newrpuid`),
  KEY `ix_consolidation_newtdno` (`newtdno`),
  KEY `txntype_objid` (`txntype_objid`),
  CONSTRAINT `consolidation_ibfk_1` FOREIGN KEY (`newfaasid`) REFERENCES `faas` (`objid`),
  CONSTRAINT `consolidation_ibfk_2` FOREIGN KEY (`newrpid`) REFERENCES `realproperty` (`objid`),
  CONSTRAINT `consolidation_ibfk_3` FOREIGN KEY (`newrpuid`) REFERENCES `rpu` (`objid`)
) ENGINE=InnoDB DEFAULT CHARSET=utf8;
/*!40101 SET character_set_client = @saved_cs_client */;

--
-- Dumping data for table `consolidation`
--

LOCK TABLES `consolidation` WRITE;
/*!40000 ALTER TABLE `consolidation` DISABLE KEYS */;
/*!40000 ALTER TABLE `consolidation` ENABLE KEYS */;
UNLOCK TABLES;

--
-- Table structure for table `consolidation_task`
--

DROP TABLE IF EXISTS `consolidation_task`;
/*!40101 SET @saved_cs_client     = @@character_set_client */;
/*!40101 SET character_set_client = utf8 */;
CREATE TABLE `consolidation_task` (
  `objid` varchar(50) NOT NULL DEFAULT '',
  `refid` varchar(50) DEFAULT NULL,
  `parentprocessid` varchar(50) DEFAULT NULL,
  `state` varchar(50) DEFAULT NULL,
  `startdate` datetime DEFAULT NULL,
  `enddate` datetime DEFAULT NULL,
  `assignee_objid` varchar(50) DEFAULT NULL,
  `assignee_name` varchar(100) DEFAULT NULL,
  `assignee_title` varchar(80) DEFAULT NULL,
  `actor_objid` varchar(50) DEFAULT NULL,
  `actor_name` varchar(100) DEFAULT NULL,
  `actor_title` varchar(80) DEFAULT NULL,
  `message` varchar(255) DEFAULT NULL,
  `signature` text,
  `returnedby` varchar(100) DEFAULT NULL,
  PRIMARY KEY (`objid`),
  KEY `ix_refid` (`refid`),
  KEY `ix_assignee_objid` (`assignee_objid`)
) ENGINE=InnoDB DEFAULT CHARSET=utf8;
/*!40101 SET character_set_client = @saved_cs_client */;

--
-- Dumping data for table `consolidation_task`
--

LOCK TABLES `consolidation_task` WRITE;
/*!40000 ALTER TABLE `consolidation_task` DISABLE KEYS */;
/*!40000 ALTER TABLE `consolidation_task` ENABLE KEYS */;
UNLOCK TABLES;

--
-- Table structure for table `consolidationaffectedrpu`
--

DROP TABLE IF EXISTS `consolidationaffectedrpu`;
/*!40101 SET @saved_cs_client     = @@character_set_client */;
/*!40101 SET character_set_client = utf8 */;
CREATE TABLE `consolidationaffectedrpu` (
  `objid` varchar(50) NOT NULL,
  `consolidationid` varchar(50) NOT NULL,
  `landfaasid` varchar(50) NOT NULL,
  `prevfaasid` varchar(50) NOT NULL,
  `newrpid` varchar(50) NOT NULL,
  `newrpuid` varchar(50) NOT NULL,
  `newfaasid` varchar(50) DEFAULT NULL,
  `newtdno` varchar(50) DEFAULT NULL,
  `newutdno` varchar(50) DEFAULT NULL,
  `newsuffix` int(11) DEFAULT NULL,
  `memoranda` varchar(500) DEFAULT NULL,
  PRIMARY KEY (`objid`),
  KEY `FK_consolidationaffectedrpu_consolidation` (`consolidationid`),
  KEY `FK_consolidationaffectedrpu_newfaas` (`newfaasid`),
  KEY `FK_consolidationaffectedrpu_newrpu` (`newrpuid`),
  KEY `FK_consolidationaffectedrpu_prevfaas` (`prevfaasid`),
  KEY `ix_consolidationaffectedrpu_landfaasid` (`landfaasid`),
  KEY `ix_consolidationaffectedrpu_newtdno` (`newtdno`),
  KEY `newrpid` (`newrpid`),
  CONSTRAINT `consolidationaffectedrpu_ibfk_1` FOREIGN KEY (`consolidationid`) REFERENCES `consolidation` (`objid`),
  CONSTRAINT `consolidationaffectedrpu_ibfk_2` FOREIGN KEY (`newfaasid`) REFERENCES `faas` (`objid`),
  CONSTRAINT `consolidationaffectedrpu_ibfk_3` FOREIGN KEY (`newrpuid`) REFERENCES `rpu` (`objid`),
  CONSTRAINT `consolidationaffectedrpu_ibfk_4` FOREIGN KEY (`prevfaasid`) REFERENCES `faas` (`objid`),
  CONSTRAINT `consolidationaffectedrpu_ibfk_5` FOREIGN KEY (`newrpid`) REFERENCES `realproperty` (`objid`)
) ENGINE=InnoDB DEFAULT CHARSET=utf8;
/*!40101 SET character_set_client = @saved_cs_client */;

--
-- Dumping data for table `consolidationaffectedrpu`
--

LOCK TABLES `consolidationaffectedrpu` WRITE;
/*!40000 ALTER TABLE `consolidationaffectedrpu` DISABLE KEYS */;
/*!40000 ALTER TABLE `consolidationaffectedrpu` ENABLE KEYS */;
UNLOCK TABLES;

--
-- Table structure for table `creditmemo`
--

DROP TABLE IF EXISTS `creditmemo`;
/*!40101 SET @saved_cs_client     = @@character_set_client */;
/*!40101 SET character_set_client = utf8 */;
CREATE TABLE `creditmemo` (
  `objid` varchar(50) NOT NULL,
  `state` varchar(25) NOT NULL,
  `refdate` date NOT NULL,
  `refno` varchar(25) NOT NULL,
  `amount` decimal(16,2) NOT NULL,
  `particulars` varchar(250) DEFAULT NULL,
  `type_objid` varchar(50) DEFAULT NULL,
  `type_title` varchar(150) DEFAULT NULL,
  `bankaccount_objid` varchar(50) DEFAULT NULL,
  `bankaccount_title` varchar(150) DEFAULT NULL,
  `payer_objid` varchar(50) DEFAULT NULL,
  `_payername` varchar(255) DEFAULT NULL,
  `_payeraddress` varchar(255) DEFAULT NULL,
  `controlno` varchar(50) DEFAULT NULL,
  `receiptid` varchar(50) DEFAULT NULL,
  `receiptno` varchar(50) DEFAULT NULL,
  `dtissued` date DEFAULT NULL,
  `issuedby_objid` varchar(50) DEFAULT NULL,
  `issuedby_name` varchar(150) DEFAULT NULL,
  `bankaccount_code` varchar(50) DEFAULT NULL,
  `receiptdate` date DEFAULT NULL,
  `issuereceipt` int(11) DEFAULT NULL,
  `type` varchar(25) DEFAULT NULL,
  `payer_name` varchar(255) NOT NULL,
  `payer_address_objid` varchar(255) DEFAULT NULL,
  `payer_address_text` varchar(255) DEFAULT NULL,
  PRIMARY KEY (`objid`),
  KEY `ix_state` (`state`),
  KEY `ix_refdate` (`refdate`),
  KEY `ix_refno` (`refno`),
  KEY `ix_type_objid` (`type_objid`),
  KEY `ix_bankaccount_objid` (`bankaccount_objid`),
  KEY `ix_payer_objid` (`payer_objid`),
  KEY `ix_controlno` (`controlno`),
  KEY `ix_receiptid` (`receiptid`),
  KEY `ix_receiptno` (`receiptno`),
  KEY `ix_dtissued` (`dtissued`),
  KEY `ix_issuedby_objid` (`issuedby_objid`),
  KEY `ix_receiptdate` (`receiptdate`),
  KEY `ix_payer_name` (`payer_name`),
  KEY `ix_payer_address_objid` (`payer_address_objid`)
) ENGINE=InnoDB DEFAULT CHARSET=utf8;
/*!40101 SET character_set_client = @saved_cs_client */;

--
-- Dumping data for table `creditmemo`
--

LOCK TABLES `creditmemo` WRITE;
/*!40000 ALTER TABLE `creditmemo` DISABLE KEYS */;
/*!40000 ALTER TABLE `creditmemo` ENABLE KEYS */;
UNLOCK TABLES;

--
-- Table structure for table `creditmemoitem`
--

DROP TABLE IF EXISTS `creditmemoitem`;
/*!40101 SET @saved_cs_client     = @@character_set_client */;
/*!40101 SET character_set_client = utf8 */;
CREATE TABLE `creditmemoitem` (
  `objid` varchar(50) NOT NULL,
  `parentid` varchar(50) NOT NULL,
  `item_objid` varchar(50) NOT NULL,
  `amount` decimal(16,2) NOT NULL,
  PRIMARY KEY (`objid`),
  KEY `ix_parentid` (`parentid`),
  KEY `ix_item_objid` (`item_objid`),
  CONSTRAINT `fk_creditmemoitem_itemaccount` FOREIGN KEY (`item_objid`) REFERENCES `itemaccount` (`objid`),
  CONSTRAINT `fk_creditmemoitem_parent` FOREIGN KEY (`parentid`) REFERENCES `creditmemo` (`objid`)
) ENGINE=InnoDB DEFAULT CHARSET=utf8;
/*!40101 SET character_set_client = @saved_cs_client */;

--
-- Dumping data for table `creditmemoitem`
--

LOCK TABLES `creditmemoitem` WRITE;
/*!40000 ALTER TABLE `creditmemoitem` DISABLE KEYS */;
/*!40000 ALTER TABLE `creditmemoitem` ENABLE KEYS */;
UNLOCK TABLES;

--
-- Table structure for table `creditmemotype`
--

DROP TABLE IF EXISTS `creditmemotype`;
/*!40101 SET @saved_cs_client     = @@character_set_client */;
/*!40101 SET character_set_client = utf8 */;
CREATE TABLE `creditmemotype` (
  `objid` varchar(50) NOT NULL,
  `title` varchar(50) DEFAULT NULL,
  `issuereceipt` int(11) DEFAULT NULL,
  `handler` varchar(50) DEFAULT NULL,
  `sortorder` int(11) DEFAULT NULL,
  `fund_objid` varchar(100) DEFAULT NULL,
  `fund_code` varchar(50) DEFAULT NULL,
  `fund_title` varchar(255) DEFAULT NULL,
  PRIMARY KEY (`objid`),
  KEY `ix_fund_objid` (`fund_objid`),
  CONSTRAINT `fk_creditmemotype_fund_objid` FOREIGN KEY (`fund_objid`) REFERENCES `fund` (`objid`)
) ENGINE=InnoDB DEFAULT CHARSET=utf8;
/*!40101 SET character_set_client = @saved_cs_client */;

--
-- Dumping data for table `creditmemotype`
--

LOCK TABLES `creditmemotype` WRITE;
/*!40000 ALTER TABLE `creditmemotype` DISABLE KEYS */;
INSERT INTO `creditmemotype` VALUES ('IRA','IRA',0,'basic',0,'GENERAL','01','GENERAL'),('SEN_CIT','DSWD TRUST (SENIOR CIT)',1,'basic',0,'TRUST','03','TRUST'),('SPECIAL_EDUCATION_FUND','SEF',0,'basic',0,'SEF','02','SEF'),('STANDARD','STANDARD (General)',0,'basic',0,'GENERAL','01','GENERAL'),('STANDARD_TRUST','STANDARD (Trust)',0,'basic',0,'TRUST','03','TRUST');
/*!40000 ALTER TABLE `creditmemotype` ENABLE KEYS */;
UNLOCK TABLES;

--
-- Table structure for table `creditmemotype_account`
--

DROP TABLE IF EXISTS `creditmemotype_account`;
/*!40101 SET @saved_cs_client     = @@character_set_client */;
/*!40101 SET character_set_client = utf8 */;
CREATE TABLE `creditmemotype_account` (
  `typeid` varchar(50) NOT NULL,
  `account_objid` varchar(50) NOT NULL,
  `account_title` varchar(100) DEFAULT NULL,
  `tag` varchar(50) DEFAULT NULL,
  `sortorder` int(11) DEFAULT NULL,
  PRIMARY KEY (`typeid`,`account_objid`),
  KEY `ix_account_objid` (`account_objid`)
) ENGINE=InnoDB DEFAULT CHARSET=utf8;
/*!40101 SET character_set_client = @saved_cs_client */;

--
-- Dumping data for table `creditmemotype_account`
--

LOCK TABLES `creditmemotype_account` WRITE;
/*!40000 ALTER TABLE `creditmemotype_account` DISABLE KEYS */;
/*!40000 ALTER TABLE `creditmemotype_account` ENABLE KEYS */;
UNLOCK TABLES;

--
-- Table structure for table `deposit_fund_transfer`
--

DROP TABLE IF EXISTS `deposit_fund_transfer`;
/*!40101 SET @saved_cs_client     = @@character_set_client */;
/*!40101 SET character_set_client = utf8 */;
CREATE TABLE `deposit_fund_transfer` (
  `objid` varchar(150) NOT NULL,
  `fromdepositvoucherfundid` varchar(150) NOT NULL,
  `todepositvoucherfundid` varchar(150) NOT NULL,
  `amount` decimal(16,4) NOT NULL,
  PRIMARY KEY (`objid`),
  KEY `ix_fromfundid` (`fromdepositvoucherfundid`),
  KEY `ix_tofundid` (`todepositvoucherfundid`),
  CONSTRAINT `fk_deposit_fund_transfer_fromdepositvoucherfundid` FOREIGN KEY (`fromdepositvoucherfundid`) REFERENCES `fund` (`objid`),
  CONSTRAINT `fk_deposit_fund_transfer_todepositvoucherfundid` FOREIGN KEY (`todepositvoucherfundid`) REFERENCES `fund` (`objid`)
) ENGINE=InnoDB DEFAULT CHARSET=utf8;
/*!40101 SET character_set_client = @saved_cs_client */;

--
-- Dumping data for table `deposit_fund_transfer`
--

LOCK TABLES `deposit_fund_transfer` WRITE;
/*!40000 ALTER TABLE `deposit_fund_transfer` DISABLE KEYS */;
/*!40000 ALTER TABLE `deposit_fund_transfer` ENABLE KEYS */;
UNLOCK TABLES;

--
-- Table structure for table `depositslip`
--

DROP TABLE IF EXISTS `depositslip`;
/*!40101 SET @saved_cs_client     = @@character_set_client */;
/*!40101 SET character_set_client = utf8 */;
CREATE TABLE `depositslip` (
  `objid` varchar(100) NOT NULL,
  `depositvoucherfundid` varchar(150) DEFAULT NULL,
  `createdby_objid` varchar(50) DEFAULT NULL,
  `createdby_name` varchar(255) DEFAULT NULL,
  `depositdate` date DEFAULT NULL,
  `dtcreated` datetime DEFAULT NULL,
  `bankacctid` varchar(50) DEFAULT NULL,
  `totalcash` decimal(16,4) DEFAULT NULL,
  `totalcheck` decimal(16,4) DEFAULT NULL,
  `amount` decimal(16,4) DEFAULT NULL,
  `validation_refno` varchar(50) DEFAULT NULL,
  `validation_refdate` date DEFAULT NULL,
  `cashbreakdown` longtext,
  `state` varchar(10) DEFAULT NULL,
  `deposittype` varchar(50) DEFAULT NULL,
  `checktype` varchar(50) DEFAULT NULL,
  PRIMARY KEY (`objid`),
  KEY `ix_depositvoucherid` (`depositvoucherfundid`),
  KEY `ix_createdby_objid` (`createdby_objid`),
  KEY `ix_createdby_name` (`createdby_name`),
  KEY `ix_depositdate` (`depositdate`),
  KEY `ix_dtcreated` (`dtcreated`),
  KEY `ix_bankacctid` (`bankacctid`),
  KEY `ix_validation_refno` (`validation_refno`),
  KEY `ix_validation_refdate` (`validation_refdate`),
  CONSTRAINT `fk_depositslip_depositvoucherfundid` FOREIGN KEY (`depositvoucherfundid`) REFERENCES `depositvoucher_fund` (`objid`)
) ENGINE=InnoDB DEFAULT CHARSET=utf8;
/*!40101 SET character_set_client = @saved_cs_client */;

--
-- Dumping data for table `depositslip`
--

LOCK TABLES `depositslip` WRITE;
/*!40000 ALTER TABLE `depositslip` DISABLE KEYS */;
/*!40000 ALTER TABLE `depositslip` ENABLE KEYS */;
UNLOCK TABLES;

--
-- Table structure for table `depositvoucher`
--

DROP TABLE IF EXISTS `depositvoucher`;
/*!40101 SET @saved_cs_client     = @@character_set_client */;
/*!40101 SET character_set_client = utf8 */;
CREATE TABLE `depositvoucher` (
  `objid` varchar(50) NOT NULL,
  `state` varchar(50) NOT NULL,
  `controlno` varchar(100) NOT NULL,
  `controldate` date NOT NULL,
  `dtcreated` datetime NOT NULL,
  `createdby_objid` varchar(50) NOT NULL,
  `createdby_name` varchar(255) NOT NULL,
  `amount` decimal(16,4) NOT NULL,
  `dtposted` datetime DEFAULT NULL,
  `postedby_objid` varchar(50) DEFAULT NULL,
  `postedby_name` varchar(255) DEFAULT NULL,
  PRIMARY KEY (`objid`),
  UNIQUE KEY `uix_controlno` (`controlno`),
  KEY `ix_state` (`state`),
  KEY `ix_controldate` (`controldate`),
  KEY `ix_createdby_objid` (`createdby_objid`),
  KEY `ix_createdby_name` (`createdby_name`),
  KEY `ix_dtcreated` (`dtcreated`),
  KEY `ix_postedby_objid` (`postedby_objid`),
  KEY `ix_postedby_name` (`postedby_name`),
  KEY `ix_dtposted` (`dtposted`)
) ENGINE=InnoDB DEFAULT CHARSET=utf8;
/*!40101 SET character_set_client = @saved_cs_client */;

--
-- Dumping data for table `depositvoucher`
--

LOCK TABLES `depositvoucher` WRITE;
/*!40000 ALTER TABLE `depositvoucher` DISABLE KEYS */;
/*!40000 ALTER TABLE `depositvoucher` ENABLE KEYS */;
UNLOCK TABLES;

--
-- Table structure for table `depositvoucher_fund`
--

DROP TABLE IF EXISTS `depositvoucher_fund`;
/*!40101 SET @saved_cs_client     = @@character_set_client */;
/*!40101 SET character_set_client = utf8 */;
CREATE TABLE `depositvoucher_fund` (
  `objid` varchar(150) NOT NULL,
  `state` varchar(20) NOT NULL,
  `parentid` varchar(50) NOT NULL,
  `fundid` varchar(100) NOT NULL,
  `amount` decimal(16,4) NOT NULL,
  `amountdeposited` decimal(16,4) NOT NULL,
  `totaldr` decimal(16,4) NOT NULL,
  `totalcr` decimal(16,4) NOT NULL,
  `dtposted` datetime DEFAULT NULL,
  `postedby_objid` varchar(50) DEFAULT NULL,
  `postedby_name` varchar(255) DEFAULT NULL,
  `postedby_title` varchar(100) DEFAULT NULL,
  PRIMARY KEY (`objid`),
  UNIQUE KEY `uix_parentid_fundid` (`parentid`,`fundid`),
  KEY `ix_state` (`state`),
  KEY `ix_parentid` (`parentid`),
  KEY `ix_fundid` (`fundid`),
  KEY `ix_dtposted` (`dtposted`),
  KEY `ix_postedby_objid` (`postedby_objid`),
  KEY `ix_postedby_name` (`postedby_name`),
  CONSTRAINT `fk_depositvoucher_fund_fundid` FOREIGN KEY (`fundid`) REFERENCES `fund` (`objid`),
  CONSTRAINT `fk_depositvoucher_fund_parentid` FOREIGN KEY (`parentid`) REFERENCES `depositvoucher` (`objid`)
) ENGINE=InnoDB DEFAULT CHARSET=utf8;
/*!40101 SET character_set_client = @saved_cs_client */;

--
-- Dumping data for table `depositvoucher_fund`
--

LOCK TABLES `depositvoucher_fund` WRITE;
/*!40000 ALTER TABLE `depositvoucher_fund` DISABLE KEYS */;
/*!40000 ALTER TABLE `depositvoucher_fund` ENABLE KEYS */;
UNLOCK TABLES;

--
-- Table structure for table `discounttype`
--

DROP TABLE IF EXISTS `discounttype`;
/*!40101 SET @saved_cs_client     = @@character_set_client */;
/*!40101 SET character_set_client = utf8 */;
CREATE TABLE `discounttype` (
  `objid` varchar(50) NOT NULL,
  `code` varchar(50) NOT NULL,
  `name` varchar(100) NOT NULL,
  `rate` decimal(16,2) DEFAULT NULL,
  PRIMARY KEY (`objid`)
) ENGINE=InnoDB DEFAULT CHARSET=utf8;
/*!40101 SET character_set_client = @saved_cs_client */;

--
-- Dumping data for table `discounttype`
--

LOCK TABLES `discounttype` WRITE;
/*!40000 ALTER TABLE `discounttype` DISABLE KEYS */;
/*!40000 ALTER TABLE `discounttype` ENABLE KEYS */;
UNLOCK TABLES;

--
-- Table structure for table `district`
--

DROP TABLE IF EXISTS `district`;
/*!40101 SET @saved_cs_client     = @@character_set_client */;
/*!40101 SET character_set_client = utf8 */;
CREATE TABLE `district` (
  `objid` varchar(50) NOT NULL,
  `state` varchar(10) DEFAULT NULL,
  `indexno` varchar(15) DEFAULT NULL,
  `pin` varchar(15) DEFAULT NULL,
  `name` varchar(50) DEFAULT NULL,
  `previd` varchar(50) DEFAULT NULL,
  `parentid` varchar(50) DEFAULT NULL,
  `oldindexno` varchar(15) DEFAULT NULL,
  `oldpin` varchar(15) DEFAULT NULL,
  PRIMARY KEY (`objid`),
  KEY `ix_indexno` (`indexno`),
  KEY `ix_pin` (`pin`),
  KEY `ix_parentid` (`parentid`),
  KEY `ix_previd` (`previd`)
) ENGINE=InnoDB DEFAULT CHARSET=utf8;
/*!40101 SET character_set_client = @saved_cs_client */;

--
-- Dumping data for table `district`
--

LOCK TABLES `district` WRITE;
/*!40000 ALTER TABLE `district` DISABLE KEYS */;
/*!40000 ALTER TABLE `district` ENABLE KEYS */;
UNLOCK TABLES;

--
-- Table structure for table `draftremittance`
--

DROP TABLE IF EXISTS `draftremittance`;
/*!40101 SET @saved_cs_client     = @@character_set_client */;
/*!40101 SET character_set_client = utf8 */;
CREATE TABLE `draftremittance` (
  `objid` varchar(50) NOT NULL,
  `state` varchar(20) NOT NULL,
  `dtfiled` datetime NOT NULL,
  `remittancedate` datetime NOT NULL,
  `collector_objid` varchar(50) NOT NULL,
  `collector_name` varchar(255) NOT NULL,
  `collector_title` varchar(255) NOT NULL,
  `amount` decimal(18,2) NOT NULL,
  `totalcash` decimal(18,2) NOT NULL,
  `totalnoncash` decimal(18,2) NOT NULL,
  `txnmode` varchar(32) NOT NULL,
  `lockid` varchar(50) DEFAULT NULL,
  PRIMARY KEY (`objid`),
  KEY `ix_dtfiled` (`dtfiled`),
  KEY `ix_remittancedate` (`remittancedate`),
  KEY `ix_collector_objid` (`collector_objid`)
) ENGINE=InnoDB DEFAULT CHARSET=utf8;
/*!40101 SET character_set_client = @saved_cs_client */;

--
-- Dumping data for table `draftremittance`
--

LOCK TABLES `draftremittance` WRITE;
/*!40000 ALTER TABLE `draftremittance` DISABLE KEYS */;
/*!40000 ALTER TABLE `draftremittance` ENABLE KEYS */;
UNLOCK TABLES;

--
-- Table structure for table `draftremittanceitem`
--

DROP TABLE IF EXISTS `draftremittanceitem`;
/*!40101 SET @saved_cs_client     = @@character_set_client */;
/*!40101 SET character_set_client = utf8 */;
CREATE TABLE `draftremittanceitem` (
  `objid` varchar(50) NOT NULL,
  `remittanceid` varchar(50) NOT NULL,
  `controlid` varchar(50) NOT NULL,
  `batchid` varchar(50) DEFAULT NULL,
  `amount` decimal(18,2) NOT NULL,
  `totalcash` decimal(18,2) NOT NULL,
  `totalnoncash` decimal(18,2) NOT NULL,
  `voided` int(11) NOT NULL,
  `cancelled` int(11) NOT NULL,
  `lockid` varchar(50) DEFAULT NULL,
  PRIMARY KEY (`objid`),
  KEY `ix_remittanceid` (`remittanceid`),
  KEY `ix_controlid` (`controlid`),
  KEY `ix_batchid` (`batchid`)
) ENGINE=InnoDB DEFAULT CHARSET=utf8;
/*!40101 SET character_set_client = @saved_cs_client */;

--
-- Dumping data for table `draftremittanceitem`
--

LOCK TABLES `draftremittanceitem` WRITE;
/*!40000 ALTER TABLE `draftremittanceitem` DISABLE KEYS */;
/*!40000 ALTER TABLE `draftremittanceitem` ENABLE KEYS */;
UNLOCK TABLES;

--
-- Table structure for table `eftpayment`
--

DROP TABLE IF EXISTS `eftpayment`;
/*!40101 SET @saved_cs_client     = @@character_set_client */;
/*!40101 SET character_set_client = utf8 */;
CREATE TABLE `eftpayment` (
  `objid` varchar(50) NOT NULL,
  `state` varchar(50) NOT NULL,
  `refno` varchar(50) NOT NULL,
  `refdate` date NOT NULL,
  `amount` decimal(16,4) NOT NULL,
  `receivedfrom` varchar(255) DEFAULT NULL,
  `particulars` varchar(255) DEFAULT NULL,
  `bankacctid` varchar(50) NOT NULL,
  `fundid` varchar(100) DEFAULT NULL,
  `createdby_objid` varchar(50) NOT NULL,
  `createdby_name` varchar(255) NOT NULL,
  `receiptid` varchar(50) DEFAULT NULL,
  `receiptno` varchar(50) DEFAULT NULL,
  `payer_objid` varchar(50) DEFAULT NULL,
  `payer_name` varchar(255) DEFAULT NULL,
  `payer_address_objid` varchar(50) DEFAULT NULL,
  `payer_address_text` varchar(255) DEFAULT NULL,
  PRIMARY KEY (`objid`),
  KEY `ix_state` (`state`),
  KEY `ix_refno` (`refno`),
  KEY `ix_refdate` (`refdate`),
  KEY `ix_bankacctid` (`bankacctid`),
  KEY `ix_fundid` (`fundid`),
  KEY `ix_createdby_objid` (`createdby_objid`),
  KEY `ix_receiptid` (`receiptid`),
  KEY `ix_payer_objid` (`payer_objid`),
  KEY `ix_payer_address_objid` (`payer_address_objid`),
  CONSTRAINT `fk_eftpayment_bankacct` FOREIGN KEY (`bankacctid`) REFERENCES `bankaccount` (`objid`),
  CONSTRAINT `fk_eftpayment_fund` FOREIGN KEY (`fundid`) REFERENCES `fund` (`objid`)
) ENGINE=InnoDB DEFAULT CHARSET=utf8;
/*!40101 SET character_set_client = @saved_cs_client */;

--
-- Dumping data for table `eftpayment`
--

LOCK TABLES `eftpayment` WRITE;
/*!40000 ALTER TABLE `eftpayment` DISABLE KEYS */;
/*!40000 ALTER TABLE `eftpayment` ENABLE KEYS */;
UNLOCK TABLES;

--
-- Table structure for table `entity`
--

DROP TABLE IF EXISTS `entity`;
/*!40101 SET @saved_cs_client     = @@character_set_client */;
/*!40101 SET character_set_client = utf8 */;
CREATE TABLE `entity` (
  `objid` varchar(50) NOT NULL,
  `entityno` varchar(50) NOT NULL,
  `name` longtext NOT NULL,
  `address_text` varchar(255) NOT NULL DEFAULT '',
  `mailingaddress` varchar(255) DEFAULT NULL,
  `type` varchar(25) NOT NULL,
  `sys_lastupdate` varchar(25) DEFAULT NULL,
  `sys_lastupdateby` varchar(50) DEFAULT NULL,
  `remarks` text,
  `entityname` varchar(800) NOT NULL,
  `address_objid` varchar(50) DEFAULT NULL,
  `mobileno` varchar(25) DEFAULT NULL,
  `phoneno` varchar(25) DEFAULT NULL,
  `email` varchar(50) DEFAULT NULL,
  `state` varchar(25) DEFAULT NULL,
  PRIMARY KEY (`objid`),
  KEY `ix_entityname` (`entityname`(255)) USING BTREE,
  KEY `ix_state` (`state`),
  KEY `ix_entityname_state` (`state`,`entityname`(255))
) ENGINE=InnoDB DEFAULT CHARSET=utf8;
/*!40101 SET character_set_client = @saved_cs_client */;

--
-- Dumping data for table `entity`
--

LOCK TABLES `entity` WRITE;
/*!40000 ALTER TABLE `entity` DISABLE KEYS */;
/*!40000 ALTER TABLE `entity` ENABLE KEYS */;
UNLOCK TABLES;

--
-- Table structure for table `entity_address`
--

DROP TABLE IF EXISTS `entity_address`;
/*!40101 SET @saved_cs_client     = @@character_set_client */;
/*!40101 SET character_set_client = utf8 */;
CREATE TABLE `entity_address` (
  `objid` varchar(50) NOT NULL DEFAULT '',
  `parentid` varchar(50) DEFAULT NULL,
  `type` varchar(50) DEFAULT NULL,
  `addresstype` varchar(50) DEFAULT NULL,
  `barangay_objid` varchar(50) DEFAULT NULL,
  `barangay_name` varchar(100) DEFAULT NULL,
  `city` varchar(50) DEFAULT NULL,
  `province` varchar(50) DEFAULT NULL,
  `municipality` varchar(50) DEFAULT NULL,
  `bldgno` varchar(50) DEFAULT NULL,
  `bldgname` varchar(50) DEFAULT NULL,
  `unitno` varchar(50) DEFAULT NULL,
  `street` varchar(255) DEFAULT NULL,
  `subdivision` varchar(100) DEFAULT NULL,
  `pin` varchar(50) DEFAULT NULL,
  `text` varchar(255) DEFAULT NULL,
  PRIMARY KEY (`objid`),
  KEY `parentid` (`parentid`) USING BTREE,
  CONSTRAINT `entity_address_ibfk_1` FOREIGN KEY (`parentid`) REFERENCES `entity` (`objid`),
  CONSTRAINT `fk_entity_address_parentid` FOREIGN KEY (`parentid`) REFERENCES `entity` (`objid`)
) ENGINE=InnoDB DEFAULT CHARSET=utf8;
/*!40101 SET character_set_client = @saved_cs_client */;

--
-- Dumping data for table `entity_address`
--

LOCK TABLES `entity_address` WRITE;
/*!40000 ALTER TABLE `entity_address` DISABLE KEYS */;
/*!40000 ALTER TABLE `entity_address` ENABLE KEYS */;
UNLOCK TABLES;

--
-- Table structure for table `entity_ctc`
--

DROP TABLE IF EXISTS `entity_ctc`;
/*!40101 SET @saved_cs_client     = @@character_set_client */;
/*!40101 SET character_set_client = utf8 */;
CREATE TABLE `entity_ctc` (
  `objid` varchar(50) NOT NULL,
  `entityid` varchar(50) NOT NULL,
  `nonresident` int(11) NOT NULL,
  `ctcno` varchar(50) NOT NULL,
  `dtissued` date NOT NULL,
  `placeissued` varchar(255) NOT NULL,
  `lgu_objid` varchar(50) DEFAULT NULL,
  `lgu_name` varchar(255) DEFAULT NULL,
  `barangay_objid` varchar(50) DEFAULT NULL,
  `barangay_name` varchar(255) NOT NULL,
  `createdby_objid` varchar(50) NOT NULL,
  `createdby_name` varchar(160) NOT NULL,
  `system` int(11) NOT NULL DEFAULT '0',
  PRIMARY KEY (`objid`),
  KEY `ix_barangay_name` (`barangay_name`),
  KEY `ix_barangay_objid` (`barangay_objid`),
  KEY `ix_createdby_name` (`createdby_name`),
  KEY `ix_createdby_objid` (`createdby_objid`),
  KEY `ix_ctcno` (`ctcno`),
  KEY `ix_dtissued` (`dtissued`),
  KEY `ix_entityid` (`entityid`),
  KEY `ix_lgu_name` (`lgu_name`),
  KEY `ix_lgu_objid` (`lgu_objid`),
  CONSTRAINT `fk_entity_ctc_entityid` FOREIGN KEY (`entityid`) REFERENCES `entity` (`objid`)
) ENGINE=InnoDB DEFAULT CHARSET=utf8;
/*!40101 SET character_set_client = @saved_cs_client */;

--
-- Dumping data for table `entity_ctc`
--

LOCK TABLES `entity_ctc` WRITE;
/*!40000 ALTER TABLE `entity_ctc` DISABLE KEYS */;
/*!40000 ALTER TABLE `entity_ctc` ENABLE KEYS */;
UNLOCK TABLES;

--
-- Table structure for table `entity_fingerprint`
--

DROP TABLE IF EXISTS `entity_fingerprint`;
/*!40101 SET @saved_cs_client     = @@character_set_client */;
/*!40101 SET character_set_client = utf8 */;
CREATE TABLE `entity_fingerprint` (
  `objid` varchar(50) NOT NULL,
  `entityid` varchar(50) DEFAULT NULL,
  `dtfiled` datetime DEFAULT NULL,
  `fingertype` varchar(20) DEFAULT NULL,
  `data` longtext,
  `image` longtext,
  PRIMARY KEY (`objid`),
  UNIQUE KEY `uix_entityid_fingertype` (`entityid`,`fingertype`),
  KEY `ix_dtfiled` (`dtfiled`),
  CONSTRAINT `fk_entity_fingerprint_entityid` FOREIGN KEY (`entityid`) REFERENCES `entity` (`objid`)
) ENGINE=InnoDB DEFAULT CHARSET=utf8;
/*!40101 SET character_set_client = @saved_cs_client */;

--
-- Dumping data for table `entity_fingerprint`
--

LOCK TABLES `entity_fingerprint` WRITE;
/*!40000 ALTER TABLE `entity_fingerprint` DISABLE KEYS */;
/*!40000 ALTER TABLE `entity_fingerprint` ENABLE KEYS */;
UNLOCK TABLES;

--
-- Table structure for table `entity_mapping`
--

DROP TABLE IF EXISTS `entity_mapping`;
/*!40101 SET @saved_cs_client     = @@character_set_client */;
/*!40101 SET character_set_client = utf8 */;
CREATE TABLE `entity_mapping` (
  `objid` varchar(50) NOT NULL,
  `parent_objid` varchar(50) NOT NULL,
  `org_objid` varchar(50) DEFAULT NULL,
  PRIMARY KEY (`objid`)
) ENGINE=InnoDB DEFAULT CHARSET=utf8;
/*!40101 SET character_set_client = @saved_cs_client */;

--
-- Dumping data for table `entity_mapping`
--

LOCK TABLES `entity_mapping` WRITE;
/*!40000 ALTER TABLE `entity_mapping` DISABLE KEYS */;
/*!40000 ALTER TABLE `entity_mapping` ENABLE KEYS */;
UNLOCK TABLES;

--
-- Table structure for table `entity_reconciled`
--

DROP TABLE IF EXISTS `entity_reconciled`;
/*!40101 SET @saved_cs_client     = @@character_set_client */;
/*!40101 SET character_set_client = utf8 */;
CREATE TABLE `entity_reconciled` (
  `objid` varchar(50) NOT NULL,
  `info` longtext,
  `masterid` varchar(50) DEFAULT NULL,
  PRIMARY KEY (`objid`),
  KEY `FK_entity_reconciled_entity` (`masterid`),
  CONSTRAINT `FK_entity_reconciled_entity` FOREIGN KEY (`masterid`) REFERENCES `entity` (`objid`)
) ENGINE=InnoDB DEFAULT CHARSET=utf8;
/*!40101 SET character_set_client = @saved_cs_client */;

--
-- Dumping data for table `entity_reconciled`
--

LOCK TABLES `entity_reconciled` WRITE;
/*!40000 ALTER TABLE `entity_reconciled` DISABLE KEYS */;
/*!40000 ALTER TABLE `entity_reconciled` ENABLE KEYS */;
UNLOCK TABLES;

--
-- Table structure for table `entity_reconciled_txn`
--

DROP TABLE IF EXISTS `entity_reconciled_txn`;
/*!40101 SET @saved_cs_client     = @@character_set_client */;
/*!40101 SET character_set_client = utf8 */;
CREATE TABLE `entity_reconciled_txn` (
  `objid` varchar(50) NOT NULL,
  `reftype` varchar(50) NOT NULL,
  `refid` varchar(50) NOT NULL,
  `tag` char(1) DEFAULT NULL,
  PRIMARY KEY (`objid`,`reftype`,`refid`)
) ENGINE=InnoDB DEFAULT CHARSET=utf8;
/*!40101 SET character_set_client = @saved_cs_client */;

--
-- Dumping data for table `entity_reconciled_txn`
--

LOCK TABLES `entity_reconciled_txn` WRITE;
/*!40000 ALTER TABLE `entity_reconciled_txn` DISABLE KEYS */;
/*!40000 ALTER TABLE `entity_reconciled_txn` ENABLE KEYS */;
UNLOCK TABLES;

--
-- Table structure for table `entity_relation`
--

DROP TABLE IF EXISTS `entity_relation`;
/*!40101 SET @saved_cs_client     = @@character_set_client */;
/*!40101 SET character_set_client = utf8 */;
CREATE TABLE `entity_relation` (
  `objid` varchar(50) NOT NULL,
  `entity_objid` varchar(50) DEFAULT NULL,
  `relateto_objid` varchar(50) DEFAULT NULL,
  `relation_objid` varchar(50) DEFAULT NULL,
  PRIMARY KEY (`objid`),
  UNIQUE KEY `uix_sender_receiver` (`entity_objid`,`relateto_objid`),
  KEY `ix_entity_objid` (`entity_objid`),
  KEY `ix_relateto_objid` (`relateto_objid`),
  KEY `ix_relation_objid` (`relation_objid`),
  CONSTRAINT `fk_entity_relation_entity_objid` FOREIGN KEY (`entity_objid`) REFERENCES `entity` (`objid`),
  CONSTRAINT `fk_entity_relation_relation` FOREIGN KEY (`relation_objid`) REFERENCES `entity_relation_type` (`objid`),
  CONSTRAINT `fk_entity_relation_relation_objid` FOREIGN KEY (`relateto_objid`) REFERENCES `entity` (`objid`)
) ENGINE=InnoDB DEFAULT CHARSET=utf8;
/*!40101 SET character_set_client = @saved_cs_client */;

--
-- Dumping data for table `entity_relation`
--

LOCK TABLES `entity_relation` WRITE;
/*!40000 ALTER TABLE `entity_relation` DISABLE KEYS */;
/*!40000 ALTER TABLE `entity_relation` ENABLE KEYS */;
UNLOCK TABLES;

--
-- Table structure for table `entity_relation_type`
--

DROP TABLE IF EXISTS `entity_relation_type`;
/*!40101 SET @saved_cs_client     = @@character_set_client */;
/*!40101 SET character_set_client = utf8 */;
CREATE TABLE `entity_relation_type` (
  `objid` varchar(50) NOT NULL DEFAULT '',
  `gender` varchar(1) DEFAULT NULL,
  `inverse_any` varchar(50) DEFAULT NULL,
  `inverse_male` varchar(50) DEFAULT NULL,
  `inverse_female` varchar(50) DEFAULT NULL,
  PRIMARY KEY (`objid`)
) ENGINE=InnoDB DEFAULT CHARSET=utf8;
/*!40101 SET character_set_client = @saved_cs_client */;

--
-- Dumping data for table `entity_relation_type`
--

LOCK TABLES `entity_relation_type` WRITE;
/*!40000 ALTER TABLE `entity_relation_type` DISABLE KEYS */;
INSERT INTO `entity_relation_type` VALUES ('AUNT','F','NEPHEW/NIECE','NEPHEW','NIECE'),('BROTHER','M','SIBLING','BROTHER','SISTER'),('COUSIN',NULL,'COUSIN','COUSIN','COUSIN'),('DAUGHTER','F','PARENT','FATHER','MOTHER'),('FATHER','M','CHILD','SON','DAUGHTER'),('GRANDDAUGHTER','F','GRANDPARENT','GRANDFATHER','GRANDMOTHER'),('GRANDSON','M','GRANDPARENT','GRANDFATHER','GRANDMOTHER'),('HUSBAND','M','SPOUSE','SPOUSE','WIFE'),('MOTHER','F','CHILD','SON','DAUGHTER'),('NEPHEW','M','UNCLE/AUNT','UNCLE','AUNT'),('NIECE','F','UNCLE/AUNT','UNCLE','AUNT'),('SISTER','F','SIBLING','BROTHER','SISTER'),('SON','M','PARENT','FATHER','MOTHER'),('SPOUSE',NULL,'SPOUSE','HUSBAND','WIFE'),('UNCLE','M','NEPHEW/NIECE','NEPHEW','NIECE'),('WIFE','F','SPOUSE','HUSBAND','SPOUSE');
/*!40000 ALTER TABLE `entity_relation_type` ENABLE KEYS */;
UNLOCK TABLES;

--
-- Table structure for table `entitycontact`
--

DROP TABLE IF EXISTS `entitycontact`;
/*!40101 SET @saved_cs_client     = @@character_set_client */;
/*!40101 SET character_set_client = utf8 */;
CREATE TABLE `entitycontact` (
  `objid` varchar(50) NOT NULL,
  `entityid` varchar(50) NOT NULL,
  `contacttype` varchar(25) NOT NULL,
  `contact` varchar(50) NOT NULL,
  PRIMARY KEY (`objid`),
  KEY `ix_entityid` (`entityid`),
  CONSTRAINT `fk_entitycontact_entity` FOREIGN KEY (`entityid`) REFERENCES `entity` (`objid`)
) ENGINE=InnoDB DEFAULT CHARSET=utf8;
/*!40101 SET character_set_client = @saved_cs_client */;

--
-- Dumping data for table `entitycontact`
--

LOCK TABLES `entitycontact` WRITE;
/*!40000 ALTER TABLE `entitycontact` DISABLE KEYS */;
/*!40000 ALTER TABLE `entitycontact` ENABLE KEYS */;
UNLOCK TABLES;

--
-- Table structure for table `entityid`
--

DROP TABLE IF EXISTS `entityid`;
/*!40101 SET @saved_cs_client     = @@character_set_client */;
/*!40101 SET character_set_client = utf8 */;
CREATE TABLE `entityid` (
  `objid` varchar(50) NOT NULL,
  `entityid` varchar(50) NOT NULL,
  `idtype` varchar(50) NOT NULL,
  `idno` varchar(25) NOT NULL,
  `dtissued` date DEFAULT NULL,
  `dtexpiry` date DEFAULT NULL,
  PRIMARY KEY (`objid`),
  UNIQUE KEY `uix_idtype_idno` (`idtype`,`idno`),
  KEY `ix_entityid` (`entityid`),
  KEY `ix_idtype` (`idtype`),
  KEY `ix_idno` (`idno`),
  KEY `ix_dtexpiry` (`dtexpiry`),
  CONSTRAINT `fk_entityid_entity` FOREIGN KEY (`entityid`) REFERENCES `entity` (`objid`),
  CONSTRAINT `fk_entityid_entityid` FOREIGN KEY (`entityid`) REFERENCES `entity` (`objid`)
) ENGINE=InnoDB DEFAULT CHARSET=utf8;
/*!40101 SET character_set_client = @saved_cs_client */;

--
-- Dumping data for table `entityid`
--

LOCK TABLES `entityid` WRITE;
/*!40000 ALTER TABLE `entityid` DISABLE KEYS */;
/*!40000 ALTER TABLE `entityid` ENABLE KEYS */;
UNLOCK TABLES;

--
-- Table structure for table `entityindividual`
--

DROP TABLE IF EXISTS `entityindividual`;
/*!40101 SET @saved_cs_client     = @@character_set_client */;
/*!40101 SET character_set_client = utf8 */;
CREATE TABLE `entityindividual` (
  `objid` varchar(50) NOT NULL,
  `lastname` varchar(100) NOT NULL,
  `firstname` varchar(100) NOT NULL,
  `middlename` varchar(100) DEFAULT NULL,
  `birthdate` date DEFAULT NULL,
  `birthplace` varchar(160) DEFAULT NULL,
  `citizenship` varchar(50) DEFAULT NULL,
  `gender` varchar(10) DEFAULT NULL,
  `civilstatus` varchar(15) DEFAULT NULL,
  `profession` varchar(50) DEFAULT NULL,
  `tin` varchar(50) DEFAULT NULL,
  `sss` varchar(25) DEFAULT NULL,
  `height` varchar(10) DEFAULT NULL,
  `weight` varchar(10) DEFAULT NULL,
  `acr` varchar(50) DEFAULT NULL,
  `religion` varchar(50) DEFAULT NULL,
  `photo` mediumblob,
  `thumbnail` blob,
  `profileid` varchar(50) DEFAULT NULL,
  PRIMARY KEY (`objid`),
  KEY `ix_lfname` (`lastname`,`firstname`) USING BTREE,
  KEY `ix_fname` (`firstname`) USING BTREE,
  KEY `ix_profileid` (`profileid`),
  CONSTRAINT `entityindividual_ibfk_1` FOREIGN KEY (`objid`) REFERENCES `entity` (`objid`),
  CONSTRAINT `fk_entityindividual_objid` FOREIGN KEY (`objid`) REFERENCES `entity` (`objid`)
) ENGINE=InnoDB DEFAULT CHARSET=utf8;
/*!40101 SET character_set_client = @saved_cs_client */;

--
-- Dumping data for table `entityindividual`
--

LOCK TABLES `entityindividual` WRITE;
/*!40000 ALTER TABLE `entityindividual` DISABLE KEYS */;
/*!40000 ALTER TABLE `entityindividual` ENABLE KEYS */;
UNLOCK TABLES;

--
-- Table structure for table `entityjuridical`
--

DROP TABLE IF EXISTS `entityjuridical`;
/*!40101 SET @saved_cs_client     = @@character_set_client */;
/*!40101 SET character_set_client = utf8 */;
CREATE TABLE `entityjuridical` (
  `objid` varchar(50) NOT NULL,
  `tin` varchar(50) DEFAULT NULL,
  `dtregistered` datetime DEFAULT NULL,
  `orgtype` varchar(25) DEFAULT NULL,
  `nature` varchar(50) DEFAULT NULL,
  `placeregistered` varchar(100) DEFAULT NULL,
  `administrator_name` varchar(100) DEFAULT NULL,
  `administrator_address` varchar(255) DEFAULT NULL,
  `administrator_position` varchar(50) DEFAULT NULL,
  `administrator_objid` varchar(50) DEFAULT NULL,
  `administrator_address_objid` varchar(50) DEFAULT NULL,
  `administrator_address_text` varchar(255) DEFAULT NULL,
  PRIMARY KEY (`objid`),
  KEY `ix_tin` (`tin`) USING BTREE,
  KEY `ix_dtregistered` (`dtregistered`),
  KEY `ix_administrator_objid` (`administrator_objid`),
  KEY `ix_administrator_name` (`administrator_name`),
  KEY `ix_administrator_address_objid` (`administrator_address_objid`),
  CONSTRAINT `entityjuridical_ibfk_1` FOREIGN KEY (`objid`) REFERENCES `entity` (`objid`),
  CONSTRAINT `fk_entityjuridical_objid` FOREIGN KEY (`objid`) REFERENCES `entity` (`objid`)
) ENGINE=InnoDB DEFAULT CHARSET=utf8;
/*!40101 SET character_set_client = @saved_cs_client */;

--
-- Dumping data for table `entityjuridical`
--

LOCK TABLES `entityjuridical` WRITE;
/*!40000 ALTER TABLE `entityjuridical` DISABLE KEYS */;
/*!40000 ALTER TABLE `entityjuridical` ENABLE KEYS */;
UNLOCK TABLES;

--
-- Table structure for table `entitymember`
--

DROP TABLE IF EXISTS `entitymember`;
/*!40101 SET @saved_cs_client     = @@character_set_client */;
/*!40101 SET character_set_client = utf8 */;
CREATE TABLE `entitymember` (
  `objid` varchar(50) NOT NULL,
  `entityid` varchar(50) NOT NULL,
  `itemno` int(11) NOT NULL,
  `prefix` varchar(100) DEFAULT NULL,
  `member_objid` varchar(50) NOT NULL,
  `member_name` varchar(800) NOT NULL,
  `member_address_text` varchar(160) NOT NULL DEFAULT '',
  `suffix` varchar(100) DEFAULT NULL,
  `remarks` varchar(160) DEFAULT NULL,
  `member_address` varchar(255) DEFAULT NULL,
  PRIMARY KEY (`objid`),
  KEY `ix_taxpayer_objid` (`member_objid`) USING BTREE,
  KEY `entityid` (`entityid`) USING BTREE,
  CONSTRAINT `entitymember_ibfk_1` FOREIGN KEY (`entityid`) REFERENCES `entity` (`objid`),
  CONSTRAINT `entitymember_ibfk_2` FOREIGN KEY (`member_objid`) REFERENCES `entity` (`objid`)
) ENGINE=InnoDB DEFAULT CHARSET=utf8;
/*!40101 SET character_set_client = @saved_cs_client */;

--
-- Dumping data for table `entitymember`
--

LOCK TABLES `entitymember` WRITE;
/*!40000 ALTER TABLE `entitymember` DISABLE KEYS */;
/*!40000 ALTER TABLE `entitymember` ENABLE KEYS */;
UNLOCK TABLES;

--
-- Table structure for table `entitymultiple`
--

DROP TABLE IF EXISTS `entitymultiple`;
/*!40101 SET @saved_cs_client     = @@character_set_client */;
/*!40101 SET character_set_client = utf8 */;
CREATE TABLE `entitymultiple` (
  `objid` varchar(50) NOT NULL,
  `fullname` longtext,
  PRIMARY KEY (`objid`),
  CONSTRAINT `entitymultiple_ibfk_1` FOREIGN KEY (`objid`) REFERENCES `entity` (`objid`)
) ENGINE=InnoDB DEFAULT CHARSET=utf8;
/*!40101 SET character_set_client = @saved_cs_client */;

--
-- Dumping data for table `entitymultiple`
--

LOCK TABLES `entitymultiple` WRITE;
/*!40000 ALTER TABLE `entitymultiple` DISABLE KEYS */;
/*!40000 ALTER TABLE `entitymultiple` ENABLE KEYS */;
UNLOCK TABLES;

--
-- Table structure for table `entityprofile`
--

DROP TABLE IF EXISTS `entityprofile`;
/*!40101 SET @saved_cs_client     = @@character_set_client */;
/*!40101 SET character_set_client = utf8 */;
CREATE TABLE `entityprofile` (
  `objid` varchar(50) NOT NULL,
  `idno` varchar(50) NOT NULL,
  `lastname` varchar(60) NOT NULL,
  `firstname` varchar(60) NOT NULL,
  `middlename` varchar(60) DEFAULT NULL,
  `birthdate` date DEFAULT NULL,
  `gender` varchar(10) DEFAULT NULL,
  `address` longtext,
  `defaultentityid` varchar(50) DEFAULT NULL,
  PRIMARY KEY (`objid`),
  KEY `ix_defaultentityid` (`defaultentityid`),
  KEY `ix_firstname` (`firstname`),
  KEY `ix_idno` (`idno`),
  KEY `ix_lastname` (`lastname`),
  KEY `ix_lfname` (`lastname`,`firstname`)
) ENGINE=InnoDB DEFAULT CHARSET=utf8;
/*!40101 SET character_set_client = @saved_cs_client */;

--
-- Dumping data for table `entityprofile`
--

LOCK TABLES `entityprofile` WRITE;
/*!40000 ALTER TABLE `entityprofile` DISABLE KEYS */;
/*!40000 ALTER TABLE `entityprofile` ENABLE KEYS */;
UNLOCK TABLES;

--
-- Table structure for table `examiner_finding`
--

DROP TABLE IF EXISTS `examiner_finding`;
/*!40101 SET @saved_cs_client     = @@character_set_client */;
/*!40101 SET character_set_client = utf8 */;
CREATE TABLE `examiner_finding` (
  `objid` varchar(50) NOT NULL,
  `findings` text,
  `parent_objid` varchar(50) DEFAULT NULL,
  `dtinspected` date DEFAULT NULL,
  `inspectors` varchar(500) DEFAULT NULL,
  `notedby` varchar(100) DEFAULT NULL,
  `notedbytitle` varchar(50) DEFAULT NULL,
  `photos` varchar(255) DEFAULT NULL,
  `recommendations` varchar(500) DEFAULT NULL,
  `inspectedby_objid` varchar(50) DEFAULT NULL,
  `inspectedby_name` varchar(100) DEFAULT NULL,
  `inspectedby_title` varchar(50) DEFAULT NULL,
  `doctype` varchar(50) DEFAULT NULL,
  PRIMARY KEY (`objid`),
  KEY `ix_dtinspected` (`dtinspected`),
  KEY `ix_examiner_finding_inspectedby_objid` (`inspectedby_objid`)
) ENGINE=InnoDB DEFAULT CHARSET=utf8;
/*!40101 SET character_set_client = @saved_cs_client */;

--
-- Dumping data for table `examiner_finding`
--

LOCK TABLES `examiner_finding` WRITE;
/*!40000 ALTER TABLE `examiner_finding` DISABLE KEYS */;
/*!40000 ALTER TABLE `examiner_finding` ENABLE KEYS */;
UNLOCK TABLES;

--
-- Table structure for table `exemptiontype`
--

DROP TABLE IF EXISTS `exemptiontype`;
/*!40101 SET @saved_cs_client     = @@character_set_client */;
/*!40101 SET character_set_client = utf8 */;
CREATE TABLE `exemptiontype` (
  `objid` varchar(50) NOT NULL,
  `state` varchar(10) NOT NULL,
  `code` varchar(20) NOT NULL,
  `name` varchar(100) NOT NULL,
  `orderno` int(11) NOT NULL,
  PRIMARY KEY (`objid`),
  UNIQUE KEY `ux_exemptiontype_code` (`code`),
  UNIQUE KEY `ux_exemptiontype_name` (`name`),
  KEY `ix_exemptiontype_state` (`state`)
) ENGINE=InnoDB DEFAULT CHARSET=utf8;
/*!40101 SET character_set_client = @saved_cs_client */;

--
-- Dumping data for table `exemptiontype`
--

LOCK TABLES `exemptiontype` WRITE;
/*!40000 ALTER TABLE `exemptiontype` DISABLE KEYS */;
/*!40000 ALTER TABLE `exemptiontype` ENABLE KEYS */;
UNLOCK TABLES;

--
-- Table structure for table `faas`
--

DROP TABLE IF EXISTS `faas`;
/*!40101 SET @saved_cs_client     = @@character_set_client */;
/*!40101 SET character_set_client = utf8 */;
CREATE TABLE `faas` (
  `objid` varchar(50) NOT NULL,
  `state` varchar(25) NOT NULL,
  `rpuid` varchar(50) DEFAULT NULL,
  `datacapture` int(11) NOT NULL,
  `autonumber` int(11) NOT NULL,
  `utdno` varchar(25) NOT NULL,
  `tdno` varchar(25) DEFAULT NULL,
  `txntype_objid` varchar(10) DEFAULT NULL,
  `effectivityyear` int(11) NOT NULL,
  `effectivityqtr` int(11) NOT NULL,
  `titletype` varchar(10) DEFAULT NULL,
  `titleno` varchar(50) DEFAULT NULL,
  `titledate` datetime DEFAULT NULL,
  `taxpayer_objid` varchar(50) DEFAULT NULL,
  `owner_name` longtext,
  `owner_address` varchar(150) DEFAULT NULL,
  `administrator_objid` varchar(50) DEFAULT NULL,
  `administrator_name` text,
  `administrator_address` varchar(150) DEFAULT NULL,
  `beneficiary_objid` varchar(50) DEFAULT NULL,
  `beneficiary_name` varchar(150) DEFAULT NULL,
  `beneficiary_address` varchar(150) DEFAULT NULL,
  `memoranda` text,
  `cancelnote` varchar(250) DEFAULT NULL,
  `restrictionid` varchar(50) DEFAULT NULL,
  `backtaxyrs` int(11) NOT NULL,
  `prevtdno` varchar(800) DEFAULT NULL,
  `prevpin` text,
  `prevowner` longtext,
  `prevav` text,
  `prevmv` text,
  `cancelreason` varchar(5) DEFAULT NULL,
  `canceldate` date DEFAULT NULL,
  `cancelledbytdnos` text,
  `lguid` varchar(50) NOT NULL,
  `txntimestamp` varchar(15) DEFAULT NULL,
  `cancelledtimestamp` varchar(25) DEFAULT NULL,
  `name` varchar(100) DEFAULT NULL,
  `dtapproved` date DEFAULT NULL,
  `realpropertyid` varchar(50) DEFAULT NULL,
  `lgutype` varchar(25) DEFAULT NULL,
  `signatories` text,
  `ryordinanceno` varchar(25) DEFAULT NULL,
  `ryordinancedate` date DEFAULT NULL,
  `prevareaha` text,
  `prevareasqm` text,
  `fullpin` varchar(35) DEFAULT NULL,
  `preveffectivity` varchar(10) DEFAULT NULL,
  `year` int(11) DEFAULT NULL,
  `qtr` int(11) DEFAULT NULL,
  `month` int(11) DEFAULT NULL,
  `day` int(11) DEFAULT NULL,
  `cancelledyear` int(11) DEFAULT NULL,
  `cancelledqtr` int(11) DEFAULT NULL,
  `cancelledmonth` int(11) DEFAULT NULL,
  `cancelledday` int(11) DEFAULT NULL,
  `prevadministrator` varchar(200) DEFAULT NULL,
  `originlguid` varchar(50) DEFAULT NULL,
  `parentfaasid` varchar(50) DEFAULT NULL,
  PRIMARY KEY (`objid`),
  UNIQUE KEY `ux_faas_utdno` (`utdno`),
  KEY `FK_faas_rpu` (`rpuid`),
  KEY `ix_faas_appraisedby` (`objid`),
  KEY `ix_faas_beneficiary` (`beneficiary_name`),
  KEY `ix_faas_cancelledtimestamp` (`cancelledtimestamp`),
  KEY `ix_faas_name` (`name`),
  KEY `ix_faas_realproperty` (`realpropertyid`),
  KEY `ix_faas_restrictionid` (`restrictionid`),
  KEY `ix_faas_state` (`state`),
  KEY `ix_faas_tdno` (`tdno`),
  KEY `ix_faas_titleno` (`titleno`),
  KEY `ix_faas_txntimestamp` (`txntimestamp`),
  KEY `txntype_objid` (`txntype_objid`),
  KEY `taxpayer_objid` (`taxpayer_objid`),
  KEY `ix_faas_cancelledyear` (`year`),
  KEY `ix_faas_cancelledyear_qtr` (`year`,`qtr`),
  KEY `ix_faas_cancelledyear_qtr_month` (`year`,`qtr`,`month`),
  KEY `ix_faas_cancelledyear_qtr_month_day` (`year`,`qtr`,`month`,`day`),
  KEY `ix_faas_year` (`year`),
  KEY `ix_faas_year_qtr` (`year`,`qtr`),
  KEY `ix_faas_year_qtr_month` (`year`,`qtr`,`month`),
  KEY `ix_faas_year_qtr_month_day` (`year`,`qtr`,`month`,`day`),
  KEY `ix_dtapproved` (`dtapproved`),
  KEY `ix_faas_canceldate` (`canceldate`),
  CONSTRAINT `faas_ibfk_1` FOREIGN KEY (`rpuid`) REFERENCES `rpu` (`objid`),
  CONSTRAINT `faas_ibfk_2` FOREIGN KEY (`realpropertyid`) REFERENCES `realproperty` (`objid`),
  CONSTRAINT `faas_ibfk_3` FOREIGN KEY (`txntype_objid`) REFERENCES `faas_txntype` (`objid`),
  CONSTRAINT `faas_ibfk_4` FOREIGN KEY (`taxpayer_objid`) REFERENCES `entity` (`objid`)
) ENGINE=InnoDB DEFAULT CHARSET=utf8;
/*!40101 SET character_set_client = @saved_cs_client */;

--
-- Dumping data for table `faas`
--

LOCK TABLES `faas` WRITE;
/*!40000 ALTER TABLE `faas` DISABLE KEYS */;
/*!40000 ALTER TABLE `faas` ENABLE KEYS */;
UNLOCK TABLES;

--
-- Table structure for table `faas_affectedrpu`
--

DROP TABLE IF EXISTS `faas_affectedrpu`;
/*!40101 SET @saved_cs_client     = @@character_set_client */;
/*!40101 SET character_set_client = utf8 */;
CREATE TABLE `faas_affectedrpu` (
  `objid` varchar(50) NOT NULL,
  `faasid` varchar(50) NOT NULL,
  `prevfaasid` varchar(50) NOT NULL,
  `newfaasid` varchar(50) DEFAULT NULL,
  `newsuffix` int(11) DEFAULT NULL,
  PRIMARY KEY (`objid`),
  UNIQUE KEY `ux_faasaffectedrpu_faasprevfaas` (`faasid`,`prevfaasid`),
  KEY `FK_faasaffectedrpu_faas` (`faasid`),
  KEY `FK_faasaffectedrpu_prevfaas` (`prevfaasid`),
  KEY `FK_faasaffectedrpu_newfaas` (`newfaasid`)
) ENGINE=InnoDB DEFAULT CHARSET=utf8;
/*!40101 SET character_set_client = @saved_cs_client */;

--
-- Dumping data for table `faas_affectedrpu`
--

LOCK TABLES `faas_affectedrpu` WRITE;
/*!40000 ALTER TABLE `faas_affectedrpu` DISABLE KEYS */;
/*!40000 ALTER TABLE `faas_affectedrpu` ENABLE KEYS */;
UNLOCK TABLES;

--
-- Table structure for table `faas_list`
--

DROP TABLE IF EXISTS `faas_list`;
/*!40101 SET @saved_cs_client     = @@character_set_client */;
/*!40101 SET character_set_client = utf8 */;
CREATE TABLE `faas_list` (
  `objid` varchar(50) NOT NULL,
  `state` varchar(30) NOT NULL,
  `rpuid` varchar(50) NOT NULL,
  `realpropertyid` varchar(50) NOT NULL,
  `datacapture` int(11) NOT NULL,
  `ry` int(11) NOT NULL,
  `txntype_objid` varchar(50) NOT NULL,
  `tdno` varchar(25) DEFAULT NULL,
  `utdno` varchar(25) NOT NULL,
  `prevtdno` varchar(800) DEFAULT NULL,
  `displaypin` varchar(35) NOT NULL,
  `pin` varchar(35) NOT NULL,
  `taxpayer_objid` varchar(50) DEFAULT NULL,
  `owner_name` varchar(5000) DEFAULT NULL,
  `owner_address` varchar(150) DEFAULT NULL,
  `administrator_name` varchar(150) DEFAULT NULL,
  `administrator_address` varchar(150) DEFAULT NULL,
  `rputype` varchar(10) NOT NULL,
  `barangayid` varchar(50) NOT NULL,
  `barangay` varchar(75) NOT NULL,
  `classification_objid` varchar(50) DEFAULT NULL,
  `classcode` varchar(20) DEFAULT NULL,
  `cadastrallotno` varchar(900) DEFAULT NULL,
  `blockno` varchar(100) DEFAULT NULL,
  `surveyno` varchar(255) DEFAULT NULL,
  `titleno` varchar(50) DEFAULT NULL,
  `totalareaha` decimal(16,6) NOT NULL,
  `totalareasqm` decimal(16,6) NOT NULL,
  `totalmv` decimal(16,2) NOT NULL,
  `totalav` decimal(16,2) NOT NULL,
  `effectivityyear` int(11) NOT NULL,
  `effectivityqtr` int(11) NOT NULL,
  `cancelreason` varchar(15) DEFAULT NULL,
  `cancelledbytdnos` text,
  `lguid` varchar(50) NOT NULL,
  `originlguid` varchar(50) NOT NULL,
  `yearissued` int(11) DEFAULT NULL,
  `taskid` varchar(50) DEFAULT NULL,
  `taskstate` varchar(50) DEFAULT NULL,
  `assignee_objid` varchar(50) DEFAULT NULL,
  `trackingno` varchar(20) DEFAULT NULL,
  `publicland` int(11) DEFAULT NULL,
  PRIMARY KEY (`objid`),
  KEY `ix_faaslist_state` (`state`),
  KEY `ix_faaslist_rpuid` (`rpuid`),
  KEY `ix_faaslist_realpropertyid` (`realpropertyid`),
  KEY `ix_faaslist_ry` (`ry`),
  KEY `ix_faaslist_tdno` (`tdno`),
  KEY `ix_faaslist_utdno` (`utdno`),
  KEY `ix_faaslist_prevtdno` (`prevtdno`(255)),
  KEY `ix_faaslist_pin` (`pin`),
  KEY `ix_faaslist_taxpayer_objid` (`taxpayer_objid`),
  KEY `ix_faaslist_owner_name` (`owner_name`(100)),
  KEY `ix_faaslist_administrator_name` (`administrator_name`(100)),
  KEY `ix_faaslist_rputype` (`rputype`),
  KEY `ix_faaslist_barangayid` (`barangayid`),
  KEY `ix_faaslist_barangay` (`barangay`),
  KEY `ix_faaslist_classification_objid` (`classification_objid`),
  KEY `ix_faaslist_classcode` (`classcode`),
  KEY `ix_faaslist_cadastrallotno` (`cadastrallotno`(255)),
  KEY `ix_faaslist_blockno` (`blockno`),
  KEY `ix_faaslist_surveyno` (`surveyno`),
  KEY `ix_faaslist_titleno` (`titleno`),
  KEY `ix_faaslist_lguid` (`lguid`),
  KEY `ix_faaslist_originlguid` (`originlguid`),
  KEY `ix_faaslist_taskstate` (`taskstate`),
  KEY `ix_faaslist_trackingno` (`trackingno`),
  KEY `ix_faaslist_assigneeid` (`assignee_objid`),
  KEY `ix_faaslist_publicland` (`publicland`),
  KEY `ix_faaslist_txntype_objid` (`txntype_objid`)
) ENGINE=InnoDB DEFAULT CHARSET=utf8;
/*!40101 SET character_set_client = @saved_cs_client */;

--
-- Dumping data for table `faas_list`
--

LOCK TABLES `faas_list` WRITE;
/*!40000 ALTER TABLE `faas_list` DISABLE KEYS */;
/*!40000 ALTER TABLE `faas_list` ENABLE KEYS */;
UNLOCK TABLES;

--
-- Table structure for table `faas_previous`
--

DROP TABLE IF EXISTS `faas_previous`;
/*!40101 SET @saved_cs_client     = @@character_set_client */;
/*!40101 SET character_set_client = utf8 */;
CREATE TABLE `faas_previous` (
  `objid` varchar(50) NOT NULL,
  `faasid` varchar(50) NOT NULL,
  `prevfaasid` varchar(50) DEFAULT NULL,
  `prevrpuid` varchar(50) DEFAULT NULL,
  `prevtdno` varchar(800) DEFAULT NULL,
  `prevpin` varchar(800) DEFAULT NULL,
  `prevowner` text,
  `prevadministrator` text,
  `prevav` varchar(500) DEFAULT NULL,
  `prevmv` varchar(500) DEFAULT NULL,
  `prevareasqm` varchar(500) DEFAULT NULL,
  `prevareaha` varchar(500) DEFAULT NULL,
  `preveffectivity` varchar(10) DEFAULT NULL,
  `prevtaxability` varchar(25) DEFAULT NULL,
  PRIMARY KEY (`objid`),
  KEY `FK_faas_previous_faas` (`faasid`),
  KEY `ix_faas_previous_tdno` (`prevtdno`(255)),
  KEY `ix_faas_previous_pin` (`prevpin`(255)),
  CONSTRAINT `FK_faas_previous_faas` FOREIGN KEY (`faasid`) REFERENCES `faas` (`objid`)
) ENGINE=InnoDB DEFAULT CHARSET=utf8;
/*!40101 SET character_set_client = @saved_cs_client */;

--
-- Dumping data for table `faas_previous`
--

LOCK TABLES `faas_previous` WRITE;
/*!40000 ALTER TABLE `faas_previous` DISABLE KEYS */;
/*!40000 ALTER TABLE `faas_previous` ENABLE KEYS */;
UNLOCK TABLES;

--
-- Table structure for table `faas_restriction`
--

DROP TABLE IF EXISTS `faas_restriction`;
/*!40101 SET @saved_cs_client     = @@character_set_client */;
/*!40101 SET character_set_client = utf8 */;
CREATE TABLE `faas_restriction` (
  `objid` varchar(50) NOT NULL,
  `parent_objid` varchar(50) NOT NULL,
  `ledger_objid` varchar(50) DEFAULT NULL,
  `state` varchar(25) NOT NULL,
  `restrictiontype_objid` varchar(50) NOT NULL,
  `txndate` date DEFAULT NULL,
  `remarks` varchar(255) DEFAULT NULL,
  `receipt_objid` varchar(50) DEFAULT NULL,
  `receipt_receiptno` varchar(15) DEFAULT NULL,
  `receipt_receiptdate` datetime DEFAULT NULL,
  `receipt_amount` decimal(16,2) DEFAULT NULL,
  `receipt_lastyearpaid` int(11) DEFAULT NULL,
  `receipt_lastqtrpaid` int(11) DEFAULT NULL,
  `createdby_objid` varchar(50) DEFAULT NULL,
  `createdby_name` varchar(150) DEFAULT NULL,
  `dtcreated` datetime DEFAULT NULL,
  `rpumaster_objid` varchar(50) DEFAULT NULL,
  PRIMARY KEY (`objid`),
  KEY `ix_parent_objid` (`parent_objid`),
  KEY `ix_ledger_objid` (`ledger_objid`),
  KEY `ix_state` (`state`),
  KEY `ix_receiptno` (`receipt_receiptno`),
  KEY `ix_txndate` (`txndate`),
  KEY `ix_restrictiontype_objid` (`restrictiontype_objid`),
  CONSTRAINT `FK_faas_restriction_faas` FOREIGN KEY (`parent_objid`) REFERENCES `faas` (`objid`)
) ENGINE=InnoDB DEFAULT CHARSET=utf8;
/*!40101 SET character_set_client = @saved_cs_client */;

--
-- Dumping data for table `faas_restriction`
--

LOCK TABLES `faas_restriction` WRITE;
/*!40000 ALTER TABLE `faas_restriction` DISABLE KEYS */;
/*!40000 ALTER TABLE `faas_restriction` ENABLE KEYS */;
UNLOCK TABLES;

--
-- Table structure for table `faas_restriction_type`
--

DROP TABLE IF EXISTS `faas_restriction_type`;
/*!40101 SET @saved_cs_client     = @@character_set_client */;
/*!40101 SET character_set_client = utf8 */;
CREATE TABLE `faas_restriction_type` (
  `objid` varchar(50) NOT NULL DEFAULT '',
  `name` varchar(100) NOT NULL,
  `idx` int(11) NOT NULL,
  `isother` int(11) NOT NULL,
  PRIMARY KEY (`objid`)
) ENGINE=InnoDB DEFAULT CHARSET=utf8;
/*!40101 SET character_set_client = @saved_cs_client */;

--
-- Dumping data for table `faas_restriction_type`
--

LOCK TABLES `faas_restriction_type` WRITE;
/*!40000 ALTER TABLE `faas_restriction_type` DISABLE KEYS */;
/*!40000 ALTER TABLE `faas_restriction_type` ENABLE KEYS */;
UNLOCK TABLES;

--
-- Table structure for table `faas_signatory`
--

DROP TABLE IF EXISTS `faas_signatory`;
/*!40101 SET @saved_cs_client     = @@character_set_client */;
/*!40101 SET character_set_client = utf8 */;
CREATE TABLE `faas_signatory` (
  `objid` varchar(50) NOT NULL,
  `taxmapper_objid` varchar(50) DEFAULT NULL,
  `taxmapper_name` varchar(100) DEFAULT NULL,
  `taxmapper_title` varchar(50) DEFAULT NULL,
  `taxmapper_dtsigned` datetime DEFAULT NULL,
  `taxmapper_taskid` varchar(50) DEFAULT NULL,
  `taxmapperchief_objid` varchar(50) DEFAULT NULL,
  `taxmapperchief_name` varchar(100) DEFAULT NULL,
  `taxmapperchief_title` varchar(50) DEFAULT NULL,
  `taxmapperchief_dtsigned` datetime DEFAULT NULL,
  `taxmapperchief_taskid` varchar(50) DEFAULT NULL,
  `appraiser_objid` varchar(50) DEFAULT NULL,
  `appraiser_name` varchar(100) DEFAULT NULL,
  `appraiser_title` varchar(50) DEFAULT NULL,
  `appraiser_dtsigned` datetime DEFAULT NULL,
  `appraiser_taskid` varchar(50) DEFAULT NULL,
  `appraiserchief_objid` varchar(50) DEFAULT NULL,
  `appraiserchief_name` varchar(100) DEFAULT NULL,
  `appraiserchief_title` varchar(50) DEFAULT NULL,
  `appraiserchief_dtsigned` datetime DEFAULT NULL,
  `appraiserchief_taskid` varchar(50) DEFAULT NULL,
  `recommender_objid` varchar(50) DEFAULT NULL,
  `recommender_name` varchar(100) DEFAULT NULL,
  `recommender_title` varchar(50) DEFAULT NULL,
  `recommender_dtsigned` datetime DEFAULT NULL,
  `recommender_taskid` varchar(50) DEFAULT NULL,
  `provtaxmapper_objid` varchar(50) DEFAULT NULL,
  `provtaxmapper_name` varchar(100) DEFAULT NULL,
  `provtaxmapper_title` varchar(50) DEFAULT NULL,
  `provtaxmapper_dtsigned` datetime DEFAULT NULL,
  `provtaxmapper_taskid` varchar(50) DEFAULT NULL,
  `provtaxmapperchief_objid` varchar(50) DEFAULT NULL,
  `provtaxmapperchief_name` varchar(100) DEFAULT NULL,
  `provtaxmapperchief_title` varchar(50) DEFAULT NULL,
  `provtaxmapperchief_dtsigned` datetime DEFAULT NULL,
  `provtaxmapperchief_taskid` varchar(50) DEFAULT NULL,
  `provappraiser_objid` varchar(50) DEFAULT NULL,
  `provappraiser_name` varchar(100) DEFAULT NULL,
  `provappraiser_title` varchar(50) DEFAULT NULL,
  `provappraiser_dtsigned` datetime DEFAULT NULL,
  `provappraiser_taskid` varchar(50) DEFAULT NULL,
  `provappraiserchief_objid` varchar(50) DEFAULT NULL,
  `provappraiserchief_name` varchar(100) DEFAULT NULL,
  `provappraiserchief_title` varchar(50) DEFAULT NULL,
  `provappraiserchief_dtsigned` datetime DEFAULT NULL,
  `provappraiserchief_taskid` varchar(50) DEFAULT NULL,
  `approver_objid` varchar(50) DEFAULT NULL,
  `approver_name` varchar(100) DEFAULT NULL,
  `approver_title` varchar(50) DEFAULT NULL,
  `approver_dtsigned` datetime DEFAULT NULL,
  `approver_taskid` varchar(50) DEFAULT NULL,
  `provapprover_objid` varchar(50) DEFAULT NULL,
  `provapprover_name` varchar(100) DEFAULT NULL,
  `provapprover_title` varchar(75) DEFAULT NULL,
  `provapprover_dtsigned` datetime DEFAULT NULL,
  `provapprover_taskid` varchar(50) DEFAULT NULL,
  `provrecommender_objid` varchar(50) DEFAULT NULL,
  `provrecommender_name` varchar(100) DEFAULT NULL,
  `provrecommender_title` varchar(50) DEFAULT NULL,
  `provrecommender_dtsigned` datetime DEFAULT NULL,
  `provrecommender_taskid` varchar(50) DEFAULT NULL,
  `reviewer_objid` varchar(50) DEFAULT NULL,
  `reviewer_name` varchar(100) DEFAULT NULL,
  `reviewer_title` varchar(75) DEFAULT NULL,
  `reviewer_dtsigned` datetime DEFAULT NULL,
  `reviewer_taskid` varchar(50) DEFAULT NULL,
  `assessor_name` varchar(100) DEFAULT NULL,
  `assessor_title` varchar(100) DEFAULT NULL,
  PRIMARY KEY (`objid`),
  CONSTRAINT `FK_faas_faas_signatory` FOREIGN KEY (`objid`) REFERENCES `faas` (`objid`)
) ENGINE=InnoDB DEFAULT CHARSET=utf8;
/*!40101 SET character_set_client = @saved_cs_client */;

--
-- Dumping data for table `faas_signatory`
--

LOCK TABLES `faas_signatory` WRITE;
/*!40000 ALTER TABLE `faas_signatory` DISABLE KEYS */;
/*!40000 ALTER TABLE `faas_signatory` ENABLE KEYS */;
UNLOCK TABLES;

--
-- Table structure for table `faas_sketch`
--

DROP TABLE IF EXISTS `faas_sketch`;
/*!40101 SET @saved_cs_client     = @@character_set_client */;
/*!40101 SET character_set_client = utf8 */;
CREATE TABLE `faas_sketch` (
  `objid` varchar(50) NOT NULL DEFAULT '',
  `drawing` text NOT NULL,
  PRIMARY KEY (`objid`),
  KEY `FK_faas_sketch_faas` (`objid`),
  CONSTRAINT `FK_faas_sketch_faas` FOREIGN KEY (`objid`) REFERENCES `faas` (`objid`)
) ENGINE=InnoDB DEFAULT CHARSET=utf8;
/*!40101 SET character_set_client = @saved_cs_client */;

--
-- Dumping data for table `faas_sketch`
--

LOCK TABLES `faas_sketch` WRITE;
/*!40000 ALTER TABLE `faas_sketch` DISABLE KEYS */;
/*!40000 ALTER TABLE `faas_sketch` ENABLE KEYS */;
UNLOCK TABLES;

--
-- Table structure for table `faas_stewardship`
--

DROP TABLE IF EXISTS `faas_stewardship`;
/*!40101 SET @saved_cs_client     = @@character_set_client */;
/*!40101 SET character_set_client = utf8 */;
CREATE TABLE `faas_stewardship` (
  `objid` varchar(50) NOT NULL DEFAULT '',
  `rpumasterid` varchar(50) NOT NULL,
  `stewardrpumasterid` varchar(50) NOT NULL,
  `ry` int(11) NOT NULL,
  `stewardshipno` int(11) NOT NULL,
  PRIMARY KEY (`objid`),
  UNIQUE KEY `ux_faas_stewardship` (`rpumasterid`,`stewardrpumasterid`,`ry`,`stewardshipno`),
  KEY `ix_faas_stewardship_rpumasterid` (`rpumasterid`),
  KEY `ix_faas_stewardship_stewardrpumasterid` (`stewardrpumasterid`)
) ENGINE=InnoDB DEFAULT CHARSET=utf8;
/*!40101 SET character_set_client = @saved_cs_client */;

--
-- Dumping data for table `faas_stewardship`
--

LOCK TABLES `faas_stewardship` WRITE;
/*!40000 ALTER TABLE `faas_stewardship` DISABLE KEYS */;
/*!40000 ALTER TABLE `faas_stewardship` ENABLE KEYS */;
UNLOCK TABLES;

--
-- Table structure for table `faas_task`
--

DROP TABLE IF EXISTS `faas_task`;
/*!40101 SET @saved_cs_client     = @@character_set_client */;
/*!40101 SET character_set_client = utf8 */;
CREATE TABLE `faas_task` (
  `objid` varchar(50) NOT NULL DEFAULT '',
  `refid` varchar(50) DEFAULT NULL,
  `parentprocessid` varchar(50) DEFAULT NULL,
  `state` varchar(50) DEFAULT NULL,
  `startdate` datetime DEFAULT NULL,
  `enddate` datetime DEFAULT NULL,
  `assignee_objid` varchar(50) DEFAULT NULL,
  `assignee_name` varchar(100) DEFAULT NULL,
  `assignee_title` varchar(80) DEFAULT NULL,
  `actor_objid` varchar(50) DEFAULT NULL,
  `actor_name` varchar(100) DEFAULT NULL,
  `actor_title` varchar(80) DEFAULT NULL,
  `message` varchar(255) DEFAULT NULL,
  `signature` text,
  `returnedby` varchar(100) DEFAULT NULL,
  PRIMARY KEY (`objid`),
  KEY `ix_refid` (`refid`),
  KEY `ix_assignee_objid` (`assignee_objid`),
  CONSTRAINT `faas_task_ibfk_1` FOREIGN KEY (`refid`) REFERENCES `faas` (`objid`)
) ENGINE=InnoDB DEFAULT CHARSET=utf8;
/*!40101 SET character_set_client = @saved_cs_client */;

--
-- Dumping data for table `faas_task`
--

LOCK TABLES `faas_task` WRITE;
/*!40000 ALTER TABLE `faas_task` DISABLE KEYS */;
/*!40000 ALTER TABLE `faas_task` ENABLE KEYS */;
UNLOCK TABLES;

--
-- Table structure for table `faas_txntype`
--

DROP TABLE IF EXISTS `faas_txntype`;
/*!40101 SET @saved_cs_client     = @@character_set_client */;
/*!40101 SET character_set_client = utf8 */;
CREATE TABLE `faas_txntype` (
  `objid` varchar(50) NOT NULL DEFAULT '',
  `name` varchar(100) NOT NULL DEFAULT '',
  `newledger` int(11) NOT NULL,
  `newrpu` int(11) NOT NULL,
  `newrealproperty` int(11) NOT NULL,
  `displaycode` varchar(10) DEFAULT NULL,
  `allowEditOwner` int(11) DEFAULT NULL,
  `allowEditPin` int(11) DEFAULT NULL,
  `allowEditPinInfo` int(11) DEFAULT NULL,
  `allowEditAppraisal` int(11) DEFAULT NULL,
  `opener` varchar(50) DEFAULT NULL,
  `checkbalance` int(11) DEFAULT NULL,
  `reconcileledger` int(11) DEFAULT NULL,
  `allowannotated` int(11) DEFAULT NULL,
  PRIMARY KEY (`objid`)
) ENGINE=InnoDB DEFAULT CHARSET=utf8;
/*!40101 SET character_set_client = @saved_cs_client */;

--
-- Dumping data for table `faas_txntype`
--

LOCK TABLES `faas_txntype` WRITE;
/*!40000 ALTER TABLE `faas_txntype` DISABLE KEYS */;
/*!40000 ALTER TABLE `faas_txntype` ENABLE KEYS */;
UNLOCK TABLES;

--
-- Table structure for table `faas_txntype_attribute`
--

DROP TABLE IF EXISTS `faas_txntype_attribute`;
/*!40101 SET @saved_cs_client     = @@character_set_client */;
/*!40101 SET character_set_client = utf8 */;
CREATE TABLE `faas_txntype_attribute` (
  `txntype_objid` varchar(50) NOT NULL,
  `attribute` varchar(50) NOT NULL,
  `idx` int(11) NOT NULL,
  PRIMARY KEY (`txntype_objid`,`attribute`),
  KEY `FK_faas_txntype_attribute_type` (`attribute`),
  CONSTRAINT `FK_faas_txntype_attribute` FOREIGN KEY (`txntype_objid`) REFERENCES `faas_txntype` (`objid`),
  CONSTRAINT `FK_faas_txntype_attribute_type` FOREIGN KEY (`attribute`) REFERENCES `faas_txntype_attribute_type` (`attribute`)
) ENGINE=InnoDB DEFAULT CHARSET=utf8;
/*!40101 SET character_set_client = @saved_cs_client */;

--
-- Dumping data for table `faas_txntype_attribute`
--

LOCK TABLES `faas_txntype_attribute` WRITE;
/*!40000 ALTER TABLE `faas_txntype_attribute` DISABLE KEYS */;
/*!40000 ALTER TABLE `faas_txntype_attribute` ENABLE KEYS */;
UNLOCK TABLES;

--
-- Table structure for table `faas_txntype_attribute_type`
--

DROP TABLE IF EXISTS `faas_txntype_attribute_type`;
/*!40101 SET @saved_cs_client     = @@character_set_client */;
/*!40101 SET character_set_client = utf8 */;
CREATE TABLE `faas_txntype_attribute_type` (
  `attribute` varchar(50) NOT NULL,
  PRIMARY KEY (`attribute`)
) ENGINE=InnoDB DEFAULT CHARSET=utf8;
/*!40101 SET character_set_client = @saved_cs_client */;

--
-- Dumping data for table `faas_txntype_attribute_type`
--

LOCK TABLES `faas_txntype_attribute_type` WRITE;
/*!40000 ALTER TABLE `faas_txntype_attribute_type` DISABLE KEYS */;
/*!40000 ALTER TABLE `faas_txntype_attribute_type` ENABLE KEYS */;
UNLOCK TABLES;

--
-- Table structure for table `faasannotation`
--

DROP TABLE IF EXISTS `faasannotation`;
/*!40101 SET @saved_cs_client     = @@character_set_client */;
/*!40101 SET character_set_client = utf8 */;
CREATE TABLE `faasannotation` (
  `objid` varchar(50) NOT NULL,
  `state` varchar(15) NOT NULL,
  `annotationtype_objid` varchar(50) NOT NULL,
  `faasid` varchar(50) DEFAULT NULL,
  `txnno` varchar(15) NOT NULL,
  `txndate` datetime DEFAULT NULL,
  `fileno` varchar(25) NOT NULL,
  `orno` varchar(10) NOT NULL,
  `ordate` datetime NOT NULL,
  `oramount` decimal(16,2) NOT NULL,
  `memoranda` text NOT NULL,
  PRIMARY KEY (`objid`),
  KEY `FK_faasannotation_faas` (`faasid`),
  KEY `FK_faasannotation_faasannotationtype` (`annotationtype_objid`),
  KEY `ix_faasannotation_fileno` (`fileno`),
  KEY `ix_faasannotation_orno` (`orno`),
  KEY `ix_faasannotation_state` (`state`),
  KEY `ix_faasannotation_txnno` (`txnno`),
  CONSTRAINT `faasannotation_ibfk_1` FOREIGN KEY (`faasid`) REFERENCES `faas` (`objid`),
  CONSTRAINT `faasannotation_ibfk_2` FOREIGN KEY (`annotationtype_objid`) REFERENCES `faasannotationtype` (`objid`)
) ENGINE=InnoDB DEFAULT CHARSET=utf8;
/*!40101 SET character_set_client = @saved_cs_client */;

--
-- Dumping data for table `faasannotation`
--

LOCK TABLES `faasannotation` WRITE;
/*!40000 ALTER TABLE `faasannotation` DISABLE KEYS */;
/*!40000 ALTER TABLE `faasannotation` ENABLE KEYS */;
UNLOCK TABLES;

--
-- Table structure for table `faasannotation_faas`
--

DROP TABLE IF EXISTS `faasannotation_faas`;
/*!40101 SET @saved_cs_client     = @@character_set_client */;
/*!40101 SET character_set_client = utf8 */;
CREATE TABLE `faasannotation_faas` (
  `objid` varchar(50) NOT NULL,
  `parent_objid` varchar(50) NOT NULL,
  `faas_objid` varchar(50) NOT NULL,
  PRIMARY KEY (`objid`),
  UNIQUE KEY `ux_parent_faas` (`parent_objid`,`faas_objid`),
  KEY `ix_parent_objid` (`parent_objid`),
  KEY `ix_faas_objid` (`faas_objid`),
  CONSTRAINT `fk_faasannotationfaas_faas` FOREIGN KEY (`faas_objid`) REFERENCES `faas` (`objid`),
  CONSTRAINT `fk_faasannotationfaas_faasannotation` FOREIGN KEY (`parent_objid`) REFERENCES `faasannotation` (`objid`)
) ENGINE=InnoDB DEFAULT CHARSET=utf8;
/*!40101 SET character_set_client = @saved_cs_client */;

--
-- Dumping data for table `faasannotation_faas`
--

LOCK TABLES `faasannotation_faas` WRITE;
/*!40000 ALTER TABLE `faasannotation_faas` DISABLE KEYS */;
/*!40000 ALTER TABLE `faasannotation_faas` ENABLE KEYS */;
UNLOCK TABLES;

--
-- Table structure for table `faasannotationtype`
--

DROP TABLE IF EXISTS `faasannotationtype`;
/*!40101 SET @saved_cs_client     = @@character_set_client */;
/*!40101 SET character_set_client = utf8 */;
CREATE TABLE `faasannotationtype` (
  `objid` varchar(50) NOT NULL,
  `type` varchar(100) NOT NULL,
  PRIMARY KEY (`objid`)
) ENGINE=InnoDB DEFAULT CHARSET=utf8;
/*!40101 SET character_set_client = @saved_cs_client */;

--
-- Dumping data for table `faasannotationtype`
--

LOCK TABLES `faasannotationtype` WRITE;
/*!40000 ALTER TABLE `faasannotationtype` DISABLE KEYS */;
/*!40000 ALTER TABLE `faasannotationtype` ENABLE KEYS */;
UNLOCK TABLES;

--
-- Table structure for table `faasbacktax`
--

DROP TABLE IF EXISTS `faasbacktax`;
/*!40101 SET @saved_cs_client     = @@character_set_client */;
/*!40101 SET character_set_client = utf8 */;
CREATE TABLE `faasbacktax` (
  `objid` varchar(50) NOT NULL,
  `faasid` varchar(50) NOT NULL,
  `ry` int(11) NOT NULL,
  `tdno` varchar(25) DEFAULT NULL,
  `bmv` decimal(16,2) NOT NULL,
  `mv` decimal(16,2) NOT NULL,
  `av` decimal(16,2) NOT NULL,
  `effectivityyear` int(11) NOT NULL,
  `effectivityqtr` int(11) NOT NULL,
  `taxable` int(11) NOT NULL,
  PRIMARY KEY (`objid`),
  KEY `FK_faasbacktax` (`faasid`),
  CONSTRAINT `faasbacktax_ibfk_1` FOREIGN KEY (`faasid`) REFERENCES `faas` (`objid`)
) ENGINE=InnoDB DEFAULT CHARSET=utf8;
/*!40101 SET character_set_client = @saved_cs_client */;

--
-- Dumping data for table `faasbacktax`
--

LOCK TABLES `faasbacktax` WRITE;
/*!40000 ALTER TABLE `faasbacktax` DISABLE KEYS */;
/*!40000 ALTER TABLE `faasbacktax` ENABLE KEYS */;
UNLOCK TABLES;

--
-- Table structure for table `faasupdate`
--

DROP TABLE IF EXISTS `faasupdate`;
/*!40101 SET @saved_cs_client     = @@character_set_client */;
/*!40101 SET character_set_client = utf8 */;
CREATE TABLE `faasupdate` (
  `objid` varchar(50) NOT NULL,
  `state` varchar(25) NOT NULL,
  `txnno` varchar(10) NOT NULL,
  `txndate` datetime NOT NULL,
  `faasid` varchar(50) NOT NULL,
  `prevtitletype` varchar(25) DEFAULT NULL,
  `prevtitleno` varchar(25) DEFAULT NULL,
  `prevtitledate` datetime DEFAULT NULL,
  `prevtaxpayerid` varchar(50) NOT NULL,
  `prevtaxpayername` text NOT NULL,
  `prevtaxpayeraddress` varchar(150) NOT NULL,
  `prevownername` text NOT NULL,
  `prevowneraddress` varchar(150) NOT NULL,
  `prevadministratorid` varchar(50) DEFAULT NULL,
  `prevadministratorname` varchar(150) DEFAULT NULL,
  `prevadministratoraddress` varchar(100) DEFAULT NULL,
  `prevrestrictionid` varchar(50) DEFAULT NULL,
  `prevmemoranda` text NOT NULL,
  `prevsurveyno` varchar(100) DEFAULT NULL,
  `prevcadastrallotno` varchar(100) NOT NULL,
  `prevblockno` varchar(50) DEFAULT NULL,
  `prevpurok` varchar(50) DEFAULT NULL,
  `prevstreet` varchar(100) DEFAULT NULL,
  `prevnorth` varchar(150) NOT NULL,
  `preveast` varchar(150) NOT NULL,
  `prevsouth` varchar(150) NOT NULL,
  `prevwest` varchar(150) NOT NULL,
  `faas_titletype` varchar(25) DEFAULT NULL,
  `faas_titleno` varchar(25) DEFAULT NULL,
  `faas_titledate` datetime DEFAULT NULL,
  `faas_restrictionid` varchar(50) DEFAULT NULL,
  `faas_memoranda` text NOT NULL,
  `rp_surveyno` varchar(100) DEFAULT NULL,
  `rp_cadastrallotno` varchar(100) NOT NULL,
  `rp_blockno` varchar(50) DEFAULT NULL,
  `rp_street` varchar(100) DEFAULT NULL,
  `rp_north` varchar(150) NOT NULL,
  `rp_east` varchar(150) NOT NULL,
  `rp_south` varchar(150) NOT NULL,
  `rp_west` varchar(150) NOT NULL,
  `faas_taxpayer_objid` varchar(50) NOT NULL,
  `faas_taxpayer_name` text NOT NULL,
  `faas_taxpayer_address` varchar(150) NOT NULL,
  `faas_owner_address` text NOT NULL,
  `faas_owner_name` text NOT NULL,
  `faas_administrator_name` varchar(200) DEFAULT NULL,
  `faas_administrator_objid` varchar(50) DEFAULT NULL,
  `faas_administrator_address` varchar(150) DEFAULT NULL,
  PRIMARY KEY (`objid`),
  KEY `FK_faasupdate_faas` (`faasid`),
  CONSTRAINT `faasupdate_ibfk_1` FOREIGN KEY (`faasid`) REFERENCES `faas` (`objid`)
) ENGINE=InnoDB DEFAULT CHARSET=utf8;
/*!40101 SET character_set_client = @saved_cs_client */;

--
-- Dumping data for table `faasupdate`
--

LOCK TABLES `faasupdate` WRITE;
/*!40000 ALTER TABLE `faasupdate` DISABLE KEYS */;
/*!40000 ALTER TABLE `faasupdate` ENABLE KEYS */;
UNLOCK TABLES;

--
-- Table structure for table `fund`
--

DROP TABLE IF EXISTS `fund`;
/*!40101 SET @saved_cs_client     = @@character_set_client */;
/*!40101 SET character_set_client = utf8 */;
CREATE TABLE `fund` (
  `objid` varchar(100) NOT NULL,
  `parentid` varchar(50) DEFAULT NULL,
  `state` varchar(10) DEFAULT NULL,
  `code` varchar(50) DEFAULT NULL,
  `title` varchar(255) DEFAULT NULL,
  `type` varchar(20) DEFAULT NULL,
  `special` int(11) DEFAULT NULL,
  `system` int(11) DEFAULT NULL,
  `groupid` varchar(50) DEFAULT NULL,
  `depositoryfundid` varchar(100) DEFAULT NULL,
  `_parentid` varchar(50) DEFAULT NULL,
  PRIMARY KEY (`objid`),
  KEY `ix_parentid` (`parentid`),
  KEY `ix_code` (`code`),
  KEY `ix_title` (`title`),
  KEY `ix_groupid` (`groupid`),
  KEY `ix_depositoryfundid` (`depositoryfundid`),
  CONSTRAINT `fk_fund_groupid` FOREIGN KEY (`groupid`) REFERENCES `fundgroup` (`objid`)
) ENGINE=InnoDB DEFAULT CHARSET=utf8;
/*!40101 SET character_set_client = @saved_cs_client */;

--
-- Dumping data for table `fund`
--

LOCK TABLES `fund` WRITE;
/*!40000 ALTER TABLE `fund` DISABLE KEYS */;
INSERT INTO `fund` VALUES ('GENERAL',NULL,'ACTIVE','01','GENERAL PROPER',NULL,0,1,'GENERAL','GENERAL',NULL),('SEF',NULL,'ACTIVE','02','SEF PROPER',NULL,0,1,'SEF','SEF',NULL),('TRUST',NULL,'ACTIVE','03','TRUST PROPER',NULL,0,1,'TRUST','TRUST',NULL);
/*!40000 ALTER TABLE `fund` ENABLE KEYS */;
UNLOCK TABLES;

--
-- Table structure for table `fundgroup`
--

DROP TABLE IF EXISTS `fundgroup`;
/*!40101 SET @saved_cs_client     = @@character_set_client */;
/*!40101 SET character_set_client = utf8 */;
CREATE TABLE `fundgroup` (
  `objid` varchar(50) NOT NULL,
  `title` varchar(100) NOT NULL,
  `indexno` int(11) NOT NULL,
  PRIMARY KEY (`objid`),
  UNIQUE KEY `uix_title` (`title`)
) ENGINE=InnoDB DEFAULT CHARSET=utf8;
/*!40101 SET character_set_client = @saved_cs_client */;

--
-- Dumping data for table `fundgroup`
--

LOCK TABLES `fundgroup` WRITE;
/*!40000 ALTER TABLE `fundgroup` DISABLE KEYS */;
INSERT INTO `fundgroup` VALUES ('GENERAL','GENERAL',0),('SEF','SEF',1),('TRUST','TRUST',2);
/*!40000 ALTER TABLE `fundgroup` ENABLE KEYS */;
UNLOCK TABLES;

--
-- Table structure for table `government_property`
--

DROP TABLE IF EXISTS `government_property`;
/*!40101 SET @saved_cs_client     = @@character_set_client */;
/*!40101 SET character_set_client = utf8 */;
CREATE TABLE `government_property` (
  `objid` varchar(50) NOT NULL,
  `name` varchar(255) DEFAULT NULL,
  `street` varchar(255) DEFAULT NULL,
  `barangay_objid` varchar(50) DEFAULT NULL,
  `barangay_name` varchar(255) DEFAULT NULL,
  `pin` varchar(50) DEFAULT NULL,
  PRIMARY KEY (`objid`),
  KEY `ix_name` (`name`),
  KEY `ix_barangay_objid` (`barangay_objid`),
  KEY `ix_barangay_name` (`barangay_name`)
) ENGINE=InnoDB DEFAULT CHARSET=utf8;
/*!40101 SET character_set_client = @saved_cs_client */;

--
-- Dumping data for table `government_property`
--

LOCK TABLES `government_property` WRITE;
/*!40000 ALTER TABLE `government_property` DISABLE KEYS */;
/*!40000 ALTER TABLE `government_property` ENABLE KEYS */;
UNLOCK TABLES;

--
-- Table structure for table `holiday`
--

DROP TABLE IF EXISTS `holiday`;
/*!40101 SET @saved_cs_client     = @@character_set_client */;
/*!40101 SET character_set_client = utf8 */;
CREATE TABLE `holiday` (
  `objid` varchar(50) NOT NULL,
  `year` int(11) DEFAULT NULL,
  `month` int(11) DEFAULT NULL,
  `day` int(11) DEFAULT NULL,
  `week` int(11) DEFAULT NULL,
  `dow` int(11) DEFAULT NULL,
  `name` varchar(255) DEFAULT NULL,
  PRIMARY KEY (`objid`)
) ENGINE=InnoDB DEFAULT CHARSET=utf8;
/*!40101 SET character_set_client = @saved_cs_client */;

--
-- Dumping data for table `holiday`
--

LOCK TABLES `holiday` WRITE;
/*!40000 ALTER TABLE `holiday` DISABLE KEYS */;
/*!40000 ALTER TABLE `holiday` ENABLE KEYS */;
UNLOCK TABLES;

--
-- Table structure for table `income_ledger`
--

DROP TABLE IF EXISTS `income_ledger`;
/*!40101 SET @saved_cs_client     = @@character_set_client */;
/*!40101 SET character_set_client = utf8 */;
CREATE TABLE `income_ledger` (
  `objid` varchar(150) NOT NULL,
  `jevid` varchar(150) DEFAULT NULL,
  `itemacctid` varchar(50) NOT NULL,
  `dr` decimal(16,4) NOT NULL,
  `cr` decimal(16,4) NOT NULL,
  PRIMARY KEY (`objid`),
  KEY `ix_jevid` (`jevid`),
  KEY `ix_itemacctid` (`itemacctid`),
  CONSTRAINT `fk_income_ledger_itemacctid` FOREIGN KEY (`itemacctid`) REFERENCES `itemaccount` (`objid`),
  CONSTRAINT `fk_income_ledger_jevid` FOREIGN KEY (`jevid`) REFERENCES `jev` (`objid`)
) ENGINE=InnoDB DEFAULT CHARSET=utf8;
/*!40101 SET character_set_client = @saved_cs_client */;

--
-- Dumping data for table `income_ledger`
--

LOCK TABLES `income_ledger` WRITE;
/*!40000 ALTER TABLE `income_ledger` DISABLE KEYS */;
/*!40000 ALTER TABLE `income_ledger` ENABLE KEYS */;
UNLOCK TABLES;

--
-- Table structure for table `income_summary`
--

DROP TABLE IF EXISTS `income_summary`;
/*!40101 SET @saved_cs_client     = @@character_set_client */;
/*!40101 SET character_set_client = utf8 */;
CREATE TABLE `income_summary` (
  `refid` varchar(50) NOT NULL,
  `refdate` date NOT NULL,
  `refno` varchar(50) DEFAULT NULL,
  `reftype` varchar(50) DEFAULT NULL,
  `acctid` varchar(50) NOT NULL,
  `fundid` varchar(100) NOT NULL,
  `amount` decimal(16,4) DEFAULT NULL,
  `orgid` varchar(50) NOT NULL,
  `collectorid` varchar(50) DEFAULT NULL,
  `refyear` int(11) DEFAULT NULL,
  `refmonth` int(11) DEFAULT NULL,
  `refqtr` int(11) DEFAULT NULL,
  `remittanceid` varchar(50) NOT NULL DEFAULT '',
  `remittancedate` date DEFAULT NULL,
  `remittanceyear` int(11) DEFAULT NULL,
  `remittancemonth` int(11) DEFAULT NULL,
  `remittanceqtr` int(11) DEFAULT NULL,
  `liquidationid` varchar(50) NOT NULL DEFAULT '',
  `liquidationdate` date DEFAULT NULL,
  `liquidationyear` int(11) DEFAULT NULL,
  `liquidationmonth` int(11) DEFAULT NULL,
  `liquidationqtr` int(11) DEFAULT NULL,
  PRIMARY KEY (`refid`,`refdate`,`fundid`,`acctid`,`orgid`,`remittanceid`,`liquidationid`),
  KEY `ix_refdate` (`refdate`),
  KEY `ix_refno` (`refno`),
  KEY `ix_acctid` (`acctid`),
  KEY `ix_fundid` (`fundid`),
  KEY `ix_orgid` (`orgid`),
  KEY `ix_collectorid` (`collectorid`),
  KEY `ix_refyear` (`refyear`),
  KEY `ix_refmonth` (`refmonth`),
  KEY `ix_refqtr` (`refqtr`),
  KEY `ix_remittanceid` (`remittanceid`),
  KEY `ix_remittancedate` (`remittancedate`),
  KEY `ix_remittanceyear` (`remittanceyear`),
  KEY `ix_remittancemonth` (`remittancemonth`),
  KEY `ix_remittanceqtr` (`remittanceqtr`),
  KEY `ix_liquidationid` (`liquidationid`),
  KEY `ix_liquidationdate` (`liquidationdate`),
  KEY `ix_liquidationyear` (`liquidationyear`),
  KEY `ix_liquidationmonth` (`liquidationmonth`),
  KEY `ix_liquidationqtr` (`liquidationqtr`)
) ENGINE=InnoDB DEFAULT CHARSET=utf8;
/*!40101 SET character_set_client = @saved_cs_client */;

--
-- Dumping data for table `income_summary`
--

LOCK TABLES `income_summary` WRITE;
/*!40000 ALTER TABLE `income_summary` DISABLE KEYS */;
/*!40000 ALTER TABLE `income_summary` ENABLE KEYS */;
UNLOCK TABLES;

--
-- Table structure for table `interfund_transfer_ledger`
--

DROP TABLE IF EXISTS `interfund_transfer_ledger`;
/*!40101 SET @saved_cs_client     = @@character_set_client */;
/*!40101 SET character_set_client = utf8 */;
CREATE TABLE `interfund_transfer_ledger` (
  `objid` varchar(150) NOT NULL,
  `jevid` varchar(150) DEFAULT NULL,
  `itemacctid` varchar(50) DEFAULT NULL,
  `dr` decimal(16,4) DEFAULT NULL,
  `cr` decimal(16,4) DEFAULT NULL,
  PRIMARY KEY (`objid`),
  KEY `ix_jevid` (`jevid`),
  KEY `ix_itemacctid` (`itemacctid`),
  CONSTRAINT `fk_interfund_transfer_ledger_jevid` FOREIGN KEY (`jevid`) REFERENCES `jev` (`objid`)
) ENGINE=InnoDB DEFAULT CHARSET=utf8;
/*!40101 SET character_set_client = @saved_cs_client */;

--
-- Dumping data for table `interfund_transfer_ledger`
--

LOCK TABLES `interfund_transfer_ledger` WRITE;
/*!40000 ALTER TABLE `interfund_transfer_ledger` DISABLE KEYS */;
/*!40000 ALTER TABLE `interfund_transfer_ledger` ENABLE KEYS */;
UNLOCK TABLES;

--
-- Table structure for table `itemaccount`
--

DROP TABLE IF EXISTS `itemaccount`;
/*!40101 SET @saved_cs_client     = @@character_set_client */;
/*!40101 SET character_set_client = utf8 */;
CREATE TABLE `itemaccount` (
  `objid` varchar(50) NOT NULL,
  `state` varchar(10) DEFAULT NULL,
  `code` varchar(50) DEFAULT NULL,
  `title` varchar(255) DEFAULT NULL,
  `description` varchar(255) DEFAULT NULL,
  `type` varchar(25) DEFAULT NULL,
  `fund_objid` varchar(100) DEFAULT NULL,
  `fund_code` varchar(50) DEFAULT NULL,
  `fund_title` varchar(50) DEFAULT NULL,
  `defaultvalue` decimal(16,2) DEFAULT NULL,
  `valuetype` varchar(10) DEFAULT NULL,
  `org_objid` varchar(50) DEFAULT NULL,
  `org_name` varchar(50) DEFAULT NULL,
  `parentid` varchar(50) DEFAULT NULL,
  `generic` int(11) DEFAULT '0',
  `sortorder` int(11) DEFAULT '0',
  `hidefromlookup` int(11) NOT NULL DEFAULT '0',
  PRIMARY KEY (`objid`),
  KEY `ix_code` (`code`),
  KEY `ix_title` (`title`),
  KEY `ix_fund_objid` (`fund_objid`),
  KEY `ix_org_objid` (`org_objid`),
  KEY `ix_parentid` (`parentid`),
  KEY `ix_state` (`state`),
  KEY `ix_generic` (`generic`),
  KEY `ix_type` (`type`),
  CONSTRAINT `fk_itemaccount_fund` FOREIGN KEY (`fund_objid`) REFERENCES `fund` (`objid`),
  CONSTRAINT `fk_itemaccount_fund_objid` FOREIGN KEY (`fund_objid`) REFERENCES `fund` (`objid`),
  CONSTRAINT `fk_itemaccount_org` FOREIGN KEY (`org_objid`) REFERENCES `sys_org` (`objid`)
) ENGINE=InnoDB DEFAULT CHARSET=utf8;
/*!40101 SET character_set_client = @saved_cs_client */;

--
-- Dumping data for table `itemaccount`
--

LOCK TABLES `itemaccount` WRITE;
/*!40000 ALTER TABLE `itemaccount` DISABLE KEYS */;
INSERT INTO `itemaccount` VALUES ('CASH_IN_TREASURY','ACTIVE','-','CASH IN TREASURY',NULL,'CASH_IN_TREASURY',NULL,NULL,NULL,NULL,NULL,NULL,NULL,NULL,0,0,0),('CIB-GENERAL','ACTIVE','-','CASH IN BANK - GENERAL PROPER',NULL,'CASH_IN_BANK','GENERAL','01','GENERAL PROPER',0.00,'ANY',NULL,NULL,NULL,0,0,0),('CIB-SEF','ACTIVE','-','CASH IN BANK - SEF PROPER',NULL,'CASH_IN_BANK','SEF','02','SEF PROPER',0.00,'ANY',NULL,NULL,NULL,0,0,0),('CIB-TRUST','ACTIVE','-','CASH IN BANK - TRUST PROPER',NULL,'CASH_IN_BANK','TRUST','03','TRUST PROPER',0.00,'ANY',NULL,NULL,NULL,0,0,0),('ITMACCT-155e0f32:157977b9386:-7c75','ACTIVE','401-1','GARBAGE FEE- BUSINESS','GARBAGE FEE- BUSINESS','REVENUE','GENERAL','01','GENERAL',0.00,'ANY',NULL,NULL,NULL,0,0,0),('ITMACCT-37559040:15d820b3bd1:-5b5c','ACTIVE','114-8','BUSINESS TAX - WHOLESALERS,DISTRIBUTORS','BUSINESS TAX - WHOLESALERS,DISTRIBUTORS','REVENUE','GENERAL','01','GENERAL',0.00,'ANY',NULL,NULL,NULL,0,0,0),('ITMACCT-37559040:15d820b3bd1:-5de0','ACTIVE','114-7','BUSINESS TAX - PEDDLERS','BUSINESS TAX - PEDDLERS','REVENUE','GENERAL','01','GENERAL',0.00,'ANY',NULL,NULL,NULL,0,0,0),('ITMACCT-37559040:15d820b3bd1:-5dfa','ACTIVE','114-6','BUSINESS TAX - BANKS AND OTHER FINANCIAL INSTITUTION','BUSINESS TAX - BANKS AND OTHER FINANCIAL INSTITUTION','REVENUE','GENERAL','01','GENERAL',0.00,'ANY',NULL,NULL,NULL,0,0,0),('ITMACCT-418ba86:157923606da:-5c11','ACTIVE','301-1','MAYOR\'S PERMIT_BUSINESS','MAYORS PERMIT FOR BUSINESS TAX','REVENUE','GENERAL','01','GENERAL',0.00,'ANY',NULL,NULL,NULL,0,0,0),('ITMACCT-418ba86:157923606da:-5fec','ACTIVE','114','BUSINESS TAX','TAX ON BUSINESS','REVENUE','GENERAL','01','GENERAL',0.00,'ANY',NULL,NULL,NULL,0,0,0),('ITMACCT-418ba86:157923606da:-65ed','ACTIVE','403-2','MHO - LABORATORY FEE',' LABORATORY FEE','REVENUE','GENERAL','01','GENERAL',0.00,'ANY',NULL,NULL,NULL,0,0,0),('ITMACCT-418ba86:157923606da:-6b18','ACTIVE','104','AMUSEMENT TAX',NULL,'REVENUE','GENERAL','01','GENERAL',0.00,'ANY',NULL,NULL,NULL,0,0,0),('ITMACCT-418ba86:157923606da:-6ca1','ACTIVE','305','REGISTRATION OF LARGE CATTLE',NULL,'REVENUE','GENERAL','01','GENERAL',0.00,'ANY',NULL,NULL,NULL,0,0,0),('ITMACCT-418ba86:157923606da:-6ce6','ACTIVE','601','REAL PROPERTY TAX',NULL,'REVENUE','GENERAL','01','GENERAL',0.00,'ANY',NULL,NULL,NULL,0,0,0),('ITMACCT-418ba86:157923606da:-6d87','ACTIVE','215','MHO - PHILHEATH (MATERNAL CARE)',' PHILHEATH  (MATERNAL CARE)','NONREVENUE','GENERAL','01','GENERAL',0.00,'ANY',NULL,NULL,NULL,0,0,0),('ITMACCT-418ba86:157923606da:-6d9e','ACTIVE','214','MHO- PHILHEALTH ( LAB FEES)',' PHILHEALTH ( LAB FEES)','NONREVENUE','GENERAL','01','GENERAL',0.00,'ANY',NULL,NULL,NULL,0,0,0),('ITMACCT-418ba86:157923606da:-6dbf','ACTIVE','112','BUSINESS ON PEDDLERS',' ON PEDDLERS','REVENUE','GENERAL','01','GENERAL',0.00,'ANY',NULL,NULL,NULL,0,0,0),('ITMACCT-418ba86:157923606da:-6e04','ACTIVE','416','MHO - NEW BORN SCREENING','NEW BORN SCREENING','REVENUE','GENERAL','01','GENERAL',0.00,'ANY',NULL,NULL,NULL,0,0,0),('ITMACCT-418ba86:157923606da:-6ea5','ACTIVE','719','MHO - MOMMY\'S BOOK','MHO - MOMMY\'S BOOK','REVENUE','GENERAL','01','GENERAL',0.00,'ANY',NULL,NULL,NULL,0,0,0),('ITMACCT-418ba86:157923606da:-6f18','ACTIVE','501','INTERNAL REVENUE ALLOTMENT (IRA)','INTERNAL REVENUE ALLOTMENT (IRA)','REVENUE','GENERAL','01','GENERAL',0.00,'ANY',NULL,NULL,NULL,0,0,0),('ITMACCT-418ba86:157923606da:-6f2f','ACTIVE','212','INTEREST INCOME',NULL,'REVENUE','GENERAL','01','GENERAL',0.00,'ANY',NULL,NULL,NULL,0,0,0),('ITMACCT-418ba86:157923606da:-6f46','ACTIVE','210','INSPECTION FEE',NULL,'REVENUE','GENERAL','01','GENERAL',0.00,'ANY',NULL,NULL,NULL,0,0,0),('ITMACCT-418ba86:157923606da:-6fe7','ACTIVE','510','FIRE SAFETY INSPECTION FEE',NULL,'REVENUE','GENERAL','01','GENERAL',0.00,'ANY',NULL,NULL,NULL,0,0,0),('ITMACCT-418ba86:157923606da:-702c','ACTIVE','403-29','MHO -EXHUMATION','MHO -EXHUMATION','REVENUE','GENERAL','01','GENERAL',0.00,'ANY',NULL,NULL,NULL,0,0,0),('ITMACCT-418ba86:157923606da:-7043','ACTIVE','302-5','MEO - ELECTRICAL PERMIT','MEO - ELECTRICAL PERMIT','REVENUE','GENERAL','01','GENERAL',0.00,'ANY',NULL,NULL,NULL,0,0,0),('ITMACCT-418ba86:157923606da:-709f','ACTIVE','415','MHO - DELIVERY FEE (PAANAKAN)','MHO - DELIVERY FEE (PAANAKAN)','REVENUE','GENERAL','01','GENERAL',0.00,'ANY',NULL,NULL,NULL,0,0,0),('ITMACCT-418ba86:157923606da:-70b6','ACTIVE','707','MHO - COST RECOVERY SCHEME MEDICINE','MHO - COST RECOVERY SCHEME MEDICINE','REVENUE','GENERAL','01','GENERAL',0.00,'ANY',NULL,NULL,NULL,0,0,0),('ITMACCT-418ba86:157923606da:-7141','ACTIVE','405','BURIAL FEE',NULL,'REVENUE','GENERAL','01','GENERAL',0.00,'ANY',NULL,NULL,NULL,0,0,0),('ITMACCT-58e300ea:15d846e2ba9:-6587','ACTIVE','115-1','MEO - FINES & PENALTIES','MEO - FINES & PENALTIES','REVENUE','GENERAL','01','GENERAL',0.00,'ANY',NULL,NULL,NULL,0,0,0),('ITMACCT-73915b42:16fcfc6fe50:-740e','ACTIVE','403-40','MHO-IUD INSERTION','MHO-IUD INSERTION','REVENUE','GENERAL','01','GENERAL PROPER',0.00,'ANY',NULL,NULL,NULL,0,0,0),('ITMACCT-73915b42:16fcfc6fe50:-7463','ACTIVE','403-39','MHO-HETEROPHYDIASIS','MHO-HETEROPHYDIASIS','REVENUE','GENERAL','01','GENERAL PROPER',0.00,'ANY',NULL,NULL,NULL,0,0,0),('ITMACCT-73915b42:16fcfc6fe50:-74bc','ACTIVE','403-38','MHO- SUTURING / DEBRIDEMENT','MHO- SUTURING / DEBRIDEMENT','REVENUE','GENERAL','01','GENERAL PROPER',0.00,'ANY',NULL,NULL,NULL,0,0,0),('ITMACCT-73915b42:16fcfc6fe50:-75d6','ACTIVE','403-37','MHO-SGOT','MHO-SGOT','REVENUE','GENERAL','01','GENERAL PROPER',0.00,'ANY',NULL,NULL,NULL,0,0,0),('ITMACCT-73915b42:16fcfc6fe50:-7625','ACTIVE','403-36','MHO-SGPT','MHO-SGPT','REVENUE','GENERAL','01','GENERAL PROPER',0.00,'ANY',NULL,NULL,NULL,0,0,0),('ITMACCT-73915b42:16fcfc6fe50:-7674','ACTIVE','403-35','MHO-CREATININE','MHO-CREATININE','REVENUE','GENERAL','01','GENERAL PROPER',0.00,'ANY',NULL,NULL,NULL,0,0,0),('ITMACCT-73915b42:16fcfc6fe50:-7905','ACTIVE','403-34','MHO-URIC ACID','MHO-URIC ACID','REVENUE','GENERAL','01','GENERAL PROPER',0.00,'ANY',NULL,NULL,NULL,0,0,0),('ITMACCT-73915b42:16fcfc6fe50:-79ea','ACTIVE','403-33','MHO-HDL','MHO-HDL','REVENUE','GENERAL','01','GENERAL PROPER',0.00,'ANY',NULL,NULL,NULL,0,0,0),('ITMACCT-73915b42:16fcfc6fe50:-7a3c','ACTIVE','403-32','MHO-LDL','MHO-LDL','REVENUE','GENERAL','01','GENERAL PROPER',0.00,'ANY',NULL,NULL,NULL,0,0,0),('ITMACCT-73915b42:16fcfc6fe50:-7af3','ACTIVE','403-31','MHO-TRIGLYCERIDES','MHO-TRIGLYCERIDES','REVENUE','GENERAL','01','GENERAL PROPER',0.00,'ANY',NULL,NULL,NULL,0,0,0),('ITMACCT-7ab69fb8:15dbaf88645:-7dc3','ACTIVE','114-11','BUSINESS-DROPPING FEE','BUSINESS-DROPPING FEE','REVENUE','GENERAL','01','GENERAL',0.00,'ANY',NULL,NULL,NULL,0,0,0),('ITMACCT1862f2b8:15d9b836e88:-620b','ACTIVE','403-21','MHO - HEALTH CARD','MHO - HEALTH CARD','REVENUE','GENERAL','01','GENERAL',0.00,'ANY',NULL,NULL,NULL,0,0,0),('ITMACCT397c6a5a:158e2330e8f:-7d12','ACTIVE','114-5','BUSINESS TAX - OTHER','BUSINESS TAX - OTHER','REVENUE','GENERAL','01','GENERAL',0.00,'ANY',NULL,NULL,NULL,0,0,0),('ITMACCT397c6a5a:158e2330e8f:-7d3c','ACTIVE','114-4','BUSINESS TAX CONTRACTOR','BUSINESS TAX CONTRACTOR','REVENUE','GENERAL','01','GENERAL',0.00,'ANY',NULL,NULL,NULL,0,0,0),('ITMACCT397c6a5a:158e2330e8f:-7dcd','ACTIVE','114-3','BUSINESS TAX - FINANCIAL','BUSINESS TAX - FINANCIAL','REVENUE','GENERAL','01','GENERAL',0.00,'ANY',NULL,NULL,NULL,0,0,0),('ITMACCT397c6a5a:158e2330e8f:-7df6','ACTIVE','114-2','BUSINESS TAX - RETAILER','BUSINESS TAX - RETAILER','REVENUE','GENERAL','01','GENERAL',0.00,'ANY',NULL,NULL,NULL,0,0,0),('ITMACCT397c6a5a:158e2330e8f:-7e20','ACTIVE','114-1','BUSINESS TAX - MANUFACTURER','BUSINESS TAX - MANUFACTURER','REVENUE','GENERAL','01','GENERAL',0.00,'ANY',NULL,NULL,NULL,0,0,0),('ITMACCT3b6ce1a6:15d9c3d2e3b:-7a15','ACTIVE','204-25','MCR - SERVICE FEE (MARRIAGE)','MCR - SERVICE FEE (MARRIAGE)','REVENUE','GENERAL','01','GENERAL',0.00,'ANY',NULL,NULL,NULL,0,0,0),('ITMACCT3b6ce1a6:15d9c3d2e3b:-7a64','ACTIVE','204-24','MCR - SERVICE FEE - BIRTH','MCR - SERVICE FEE - BIRTH','REVENUE','GENERAL','01','GENERAL',0.00,'ANY',NULL,NULL,NULL,0,0,0),('ITMACCT3b6ce1a6:15d9c3d2e3b:-7ca3','ACTIVE','403-28','MHO - CERTIFICATION','MHO - CERTIFICATION`','REVENUE','GENERAL','01','GENERAL',0.00,'ANY',NULL,NULL,NULL,0,0,0),('ITMACCT3b6ce1a6:15d9c3d2e3b:-7cd9','ACTIVE','403-25','MHO - CHOLESTEROL','MHO - CHOLESTEROL','REVENUE','GENERAL','01','GENERAL',0.00,'ANY',NULL,NULL,NULL,0,0,0),('ITMACCT3b6ce1a6:15d9c3d2e3b:-7d02','ACTIVE','403-24','MHO-LIPID PROFILE','MHO-LIPID PROFILE','REVENUE','GENERAL','01','GENERAL',0.00,'ANY',NULL,NULL,NULL,0,0,0),('ITMACCT3b6ce1a6:15d9c3d2e3b:-7d2c','ACTIVE','403-23','MHO -FBS','MHO -FBS','REVENUE','GENERAL','01','GENERAL',0.00,'ANY',NULL,NULL,NULL,0,0,0),('ITMACCT4671f400:15797d930db:-65e6','ACTIVE','118-2','INTEREST FOR BUSINESS',NULL,'REVENUE','GENERAL','01','GENERAL',0.00,'ANY',NULL,NULL,NULL,0,0,0),('ITMACCT508b7917:1578ef234c9:-3431','ACTIVE','302','MEO - BUILDING PERMIT','MEO - BUILDING PERMIT','REVENUE','GENERAL','01','GENERAL',0.00,'ANY',NULL,NULL,NULL,0,0,0),('ITMACCT5c182bd4:16e810407bc:-7d1c','ACTIVE','403-30','MHO-ANTI RABBIES VACCINE(VAXIRAB)','MHO-ANTI RABBIES VACCINE(VAXIRAB)','REVENUE','GENERAL','01','GENERAL',0.00,'ANY',NULL,NULL,NULL,0,0,0),('RPT_BASICINT_CURRENT','ACTIVE','588-004','RPT BASIC PENALTY CURRENT','RPT BASIC PENALTY CURRENT','REVENUE','GENERAL','01','GENERAL',0.00,'ANY',NULL,NULL,NULL,0,0,0),('RPT_BASICINT_CURRENT_BRGY_SHARE','ACTIVE','455-049','RPT BASIC PENALTY CURRENT BARANGAY SHARE','RPT BASIC PENALTY CURRENT BARANGAY SHARE','PAYABLE','GENERAL','01','GENERAL',0.00,'ANY',NULL,NULL,NULL,0,0,0),('RPT_BASICINT_CURRENT_PROVINCE_SHARE','ACTIVE','455-049','RPT BASIC CURRENT PENALTY PROVINCE SHARE','RPT BASIC CURRENT PENALTY PROVINCE SHARE','PAYABLE','GENERAL','01','GENERAL',0.00,'ANY',NULL,NULL,NULL,0,0,0),('RPT_BASICINT_PREVIOUS','ACTIVE','588-005','RPT BASIC PENALTY PREVIOUS','RPT BASIC PENALTY PREVIOUS','REVENUE','GENERAL','01','GENERAL',0.00,'ANY',NULL,NULL,NULL,0,0,0),('RPT_BASICINT_PREVIOUS_BRGY_SHARE','ACTIVE','455-049','RPT BASIC PENALTY PREVIOUS BARANGAY SHARE','RPT BASIC PENALTY PREVIOUS BARANGAY SHARE','PAYABLE','GENERAL','01','GENERAL',0.00,'ANY',NULL,NULL,NULL,0,0,0),('RPT_BASICINT_PREVIOUS_PROVINCE_SHARE','ACTIVE','455-049','RPT BASIC PREVIOUS PENALTY PROVINCE SHARE','RPT BASIC PREVIOUS PENALTY PROVINCE SHARE','PAYABLE','GENERAL','01','GENERAL',0.00,'ANY',NULL,NULL,NULL,0,0,0),('RPT_BASICINT_PRIOR','ACTIVE','588-006','RPT BASIC PENALTY PRIOR','RPT BASIC PENALTY PRIOR','REVENUE','GENERAL','01','GENERAL',0.00,'ANY',NULL,NULL,NULL,0,0,0),('RPT_BASICINT_PRIOR_BRGY_SHARE','ACTIVE','455-049','RPT BASIC PENALTY PRIOR BARANGAY SHARE','RPT BASIC PENALTY PRIOR BARANGAY SHARE','PAYABLE','GENERAL','01','GENERAL',0.00,'ANY',NULL,NULL,NULL,0,0,0),('RPT_BASICINT_PRIOR_PROVINCE_SHARE','ACTIVE','455-049','RPT BASIC PRIOR PENALTY PROVINCE SHARE','RPT BASIC PRIOR PENALTY PROVINCE SHARE','PAYABLE','GENERAL','01','GENERAL',0.00,'ANY',NULL,NULL,NULL,0,0,0),('RPT_BASIC_ADVANCE','ACTIVE','588-007','RPT BASIC ADVANCE','RPT BASIC ADVANCE','REVENUE','GENERAL','01','GENERAL',0.00,'ANY',NULL,NULL,NULL,0,0,0),('RPT_BASIC_ADVANCE_BRGY_SHARE','ACTIVE','455-049','RPT BASIC ADVANCE BARANGAY SHARE','RPT BASIC ADVANCE BARANGAY SHARE','PAYABLE','GENERAL','01','GENERAL',0.00,'ANY',NULL,NULL,NULL,0,0,0),('RPT_BASIC_ADVANCE_PROVINCE_SHARE','ACTIVE','455-049','RPT BASIC ADVANCE PROVINCE SHARE','RPT BASIC ADVANCE PROVINCE SHARE','PAYABLE','GENERAL','01','GENERAL',0.00,'ANY',NULL,NULL,NULL,0,0,0),('RPT_BASIC_CURRENT','ACTIVE','588-001','RPT BASIC CURRENT','RPT BASIC CURRENT','REVENUE','GENERAL','01','GENERAL',0.00,'ANY',NULL,NULL,NULL,0,0,0),('RPT_BASIC_CURRENT_BRGY_SHARE','ACTIVE','455-049','RPT BASIC CURRENT BARANGAY SHARE','RPT BASIC CURRENT BARANGAY SHARE','PAYABLE','GENERAL','01','GENERAL',0.00,'ANY',NULL,NULL,NULL,0,0,0),('RPT_BASIC_CURRENT_PROVINCE_SHARE','ACTIVE','455-049','RPT BASIC CURRENT PROVINCE SHARE','RPT BASIC CURRENT PROVINCE SHARE','PAYABLE','GENERAL','01','GENERAL',0.00,'ANY',NULL,NULL,NULL,0,0,0),('RPT_BASIC_PREVIOUS','ACTIVE','588-002','RPT BASIC PREVIOUS','RPT BASIC PREVIOUS','REVENUE','GENERAL','01','GENERAL',0.00,'ANY',NULL,NULL,NULL,0,0,0),('RPT_BASIC_PREVIOUS_BRGY_SHARE','ACTIVE','455-049','RPT BASIC PREVIOUS BARANGAY SHARE','RPT BASIC PREVIOUS BARANGAY SHARE','PAYABLE','GENERAL','01','GENERAL',0.00,'ANY',NULL,NULL,NULL,0,0,0),('RPT_BASIC_PREVIOUS_PROVINCE_SHARE','ACTIVE','455-049','RPT BASIC PREVIOUS PROVINCE SHARE','RPT BASIC PREVIOUS PROVINCE SHARE','PAYABLE','GENERAL','01','GENERAL',0.00,'ANY',NULL,NULL,NULL,0,0,0),('RPT_BASIC_PRIOR','ACTIVE','588-003','RPT BASIC PRIOR','RPT BASIC PRIOR','REVENUE','GENERAL','01','GENERAL',0.00,'ANY',NULL,NULL,NULL,0,0,0),('RPT_BASIC_PRIOR_BRGY_SHARE','ACTIVE','455-049','RPT BASIC PRIOR BARANGAY SHARE','RPT BASIC PRIOR BARANGAY SHARE','PAYABLE','GENERAL','01','GENERAL',0.00,'ANY',NULL,NULL,NULL,0,0,0),('RPT_BASIC_PRIOR_PROVINCE_SHARE','ACTIVE','455-049','RPT BASIC PRIOR PROVINCE SHARE','RPT BASIC PRIOR PROVINCE SHARE','PAYABLE','GENERAL','01','GENERAL',0.00,'ANY',NULL,NULL,NULL,0,0,0),('RPT_SEFINT_CURRENT','ACTIVE','455-050','RPT SEF PENALTY CURRENT','RPT SEF PENALTY CURRENT','REVENUE','SEF','02','SEF',0.00,'ANY',NULL,NULL,NULL,0,0,0),('RPT_SEFINT_CURRENT_PROVINCE_SHARE','ACTIVE','455-050','RPT SEF CURRENT PENALTY PROVINCE SHARE','RPT SEF CURRENT PENALTY PROVINCE SHARE','PAYABLE','SEF','02','SEF',0.00,'ANY',NULL,NULL,NULL,0,0,0),('RPT_SEFINT_PREVIOUS','ACTIVE','455-050','RPT SEF PENALTY PREVIOUS','RPT SEF PENALTY PREVIOUS','REVENUE','SEF','02','SEF',0.00,'ANY',NULL,NULL,NULL,0,0,0),('RPT_SEFINT_PREVIOUS_PROVINCE_SHARE','ACTIVE','455-050','RPT SEF PREVIOUS PENALTY PROVINCE SHARE','RPT SEF PREVIOUS PENALTY PROVINCE SHARE','PAYABLE','SEF','02','SEF',0.00,'ANY',NULL,NULL,NULL,0,0,0),('RPT_SEFINT_PRIOR','ACTIVE','455-050','RPT SEF PENALTY PRIOR','RPT SEF PENALTY PRIOR','REVENUE','SEF','02','SEF',0.00,'ANY',NULL,NULL,NULL,0,0,0),('RPT_SEFINT_PRIOR_PROVINCE_SHARE','ACTIVE','455-050','RPT SEF PRIOR PENALTY PROVINCE SHARE','RPT SEF PRIOR PENALTY PROVINCE SHARE','PAYABLE','SEF','02','SEF',0.00,'ANY',NULL,NULL,NULL,0,0,0),('RPT_SEF_ADVANCE','ACTIVE','455-050','RPT SEF ADVANCE','RPT SEF ADVANCE','REVENUE','SEF','02','SEF',0.00,'ANY',NULL,NULL,NULL,0,0,0),('RPT_SEF_ADVANCE_PROVINCE_SHARE','ACTIVE','455-050','RPT SEF ADVANCE PROVINCE SHARE','RPT SEF ADVANCE PROVINCE SHARE','PAYABLE','SEF','02','SEF',0.00,'ANY',NULL,NULL,NULL,0,0,0),('RPT_SEF_CURRENT','ACTIVE','455-050','RPT SEF CURRENT','RPT SEF CURRENT','REVENUE','SEF','02','SEF',0.00,'ANY',NULL,NULL,NULL,0,0,0),('RPT_SEF_CURRENT_PROVINCE_SHARE','ACTIVE','455-050','RPT SEF CURRENT PROVINCE SHARE','RPT SEF CURRENT PROVINCE SHARE','PAYABLE','SEF','02','SEF',0.00,'ANY',NULL,NULL,NULL,0,0,0),('RPT_SEF_PREVIOUS','ACTIVE','455-050','RPT SEF PREVIOUS','RPT SEF PREVIOUS','REVENUE','SEF','02','SEF',0.00,'ANY',NULL,NULL,NULL,0,0,0),('RPT_SEF_PREVIOUS_PROVINCE_SHARE','ACTIVE','455-050','RPT SEF PREVIOUS PROVINCE SHARE','RPT SEF PREVIOUS PROVINCE SHARE','PAYABLE','SEF','02','SEF',0.00,'ANY',NULL,NULL,NULL,0,0,0),('RPT_SEF_PRIOR','ACTIVE','455-050','RPT SEF PRIOR','RPT SEF PRIOR','REVENUE','SEF','02','SEF',0.00,'ANY',NULL,NULL,NULL,0,0,0),('RPT_SEF_PRIOR_PROVINCE_SHARE','ACTIVE','455-050','RPT SEF PRIOR PROVINCE SHARE','RPT SEF PRIOR PROVINCE SHARE','PAYABLE','SEF','02','SEF',0.00,'ANY',NULL,NULL,NULL,0,0,0),('SUBACCT-1bd5a36:11ecdbc30e2:-7c6b','ACTIVE','403-5','MHO - DENTAL SERVICE FEE','DENTAL SERVICE FEE','REVENUE','GENERAL','01','GENERAL',0.00,'ANY',NULL,NULL,NULL,0,0,0),('SUBACCT-1cea7610:11d767d5b2b:-7e70','ACTIVE','309','MEO - EQUIPMENT RENTAL','EQUIPMENT RENTAL','REVENUE','GENERAL','01','GENERAL',0.00,'ANY',NULL,NULL,NULL,0,0,0),('SUBACCT-25889754:1308ce43876:-7f2a','ACTIVE','302-2','MEO - SIGN PERMIT','SIGN PERMIT','REVENUE','GENERAL','01','GENERAL',0.00,'ANY',NULL,NULL,NULL,0,0,0),('SUBACCT-2f6ef1d5:12fb336eb7a:-7f2f','ACTIVE','302-1','MEO - FENCING PERMIT','MEO - FENCING PERMIT','REVENUE','GENERAL','01','GENERAL',0.00,'ANY',NULL,NULL,NULL,0,0,0),('SUBACCT-544d741e:11da83fc181:-7f5a','ACTIVE','707-1','MHO - COST RECOVERY SCHEME MEDICINE (CRSM)','COST RECOVERY SCHEME MEDICINE (CRSM)','REVENUE','GENERAL','01','GENERAL',0.00,'ANY',NULL,NULL,NULL,0,0,0),('SUBACCT-6e0f64f0:11e5f82c8d1:-7f9c','ACTIVE','405-1','BURIAL PERMIT','BURIAL PERMIT','REVENUE','GENERAL','01','GENERAL',0.00,'ANY',NULL,NULL,NULL,0,0,0),('SUBACCT-714a70d8:11d7073f279:-7eb2','ACTIVE','413-15','CERTIFICATE OF OCCUPANCY','CERTIFICATE OF OCCUPANCY','REVENUE','GENERAL','01','GENERAL',0.00,'ANY',NULL,NULL,NULL,0,0,0),('SUBACCT-714a70d8:11d7073f279:-7f03','ACTIVE','302-6','MEO - MECHANICAL PERMIT','MEO - MECHANICAL PERMIT','REVENUE','GENERAL','01','GENERAL',0.00,'ANY',NULL,NULL,NULL,0,0,0),('SUBACCT-714a70d8:11d7073f279:-7f55','ACTIVE','302-4','MEO - SANITARY/PLUMBING','MEO - SANITARY/PLUMBING','REVENUE','GENERAL','01','GENERAL',0.00,'ANY',NULL,NULL,NULL,0,0,0),('SUBACCT-ed4ab53:11e1f76f825:-7e0f','ACTIVE','403-6','MHO - PREGNANCY TEST','PREGNANCY TEST','REVENUE','GENERAL','01','GENERAL',0.00,'ANY',NULL,NULL,NULL,0,0,0),('SUBACCT-ed4ab53:11e1f76f825:-7e38','ACTIVE','403-7','MHO - HEMOGLOBIN','HEMOGLOBIN','REVENUE','GENERAL','01','GENERAL',0.00,'ANY',NULL,NULL,NULL,0,0,0),('SUBACCT-ed4ab53:11e1f76f825:-7e61','ACTIVE','403-8','MHO - SPUTUM EXAM','SPUTUM EXAM','REVENUE','GENERAL','01','GENERAL',0.00,'ANY',NULL,NULL,NULL,0,0,0),('SUBACCT-ed4ab53:11e1f76f825:-7e8a','ACTIVE','403-9','MHO -STOOL EXAM.','STOOL EXAM.','REVENUE','GENERAL','01','GENERAL',0.00,'ANY',NULL,NULL,NULL,0,0,0),('SUBACCT-ed4ab53:11e1f76f825:-7eb3','ACTIVE','403-10','MHO - URINALYSIS','URINALYSIS','REVENUE','GENERAL','01','GENERAL',0.00,'ANY',NULL,NULL,NULL,0,0,0),('SUBACCT-ed4ab53:11e1f76f825:-7f88','ACTIVE','403-11','MHO - STOOL EXAM','STOOL EXAM','REVENUE','GENERAL','01','GENERAL',0.00,'ANY',NULL,NULL,NULL,0,0,0),('SUBACCT1b0db971:135c18c8519:-7f46','ACTIVE','403-16','MHO - CONSULTATION FEE','CONSULTATION FEE','REVENUE','GENERAL','01','GENERAL',0.00,'ANY',NULL,NULL,NULL,0,0,0),('SUBACCT1f565f68:1244cbd183f:-7f4c','ACTIVE','204','MARRIAGE LICENSE FEE','MARRIAGE LICENSE FEE','REVENUE','GENERAL','01','GENERAL',0.00,'ANY',NULL,NULL,NULL,0,0,0),('SUBACCT1fe752b9:13e628e7221:-7ebf','ACTIVE','403-26','MHO - CIRCUMCISION','CIRCUMCISION','REVENUE','GENERAL','01','GENERAL',0.00,'ANY',NULL,NULL,NULL,0,0,0),('SUBACCT2fa5a1ed:11da8ec561b:-7a7a','ACTIVE','413-10','MHO - MEDICAL CERTIFICATE','MEDICAL CERTIFICATE','REVENUE','GENERAL','01','GENERAL',0.00,'ANY',NULL,NULL,NULL,0,0,0),('SUBACCT2fa5a1ed:11da8ec561b:-7d2e','ACTIVE','211-5','BID DOCUMENTS','BID DOCUMENTS','NONREVENUE','GENERAL','01','GENERAL',0.00,'ANY',NULL,NULL,NULL,0,0,0),('SUBACCT34a1370b:14b70cd4341:-7e3f','ACTIVE','413-16','CERTIFICATION -SECRETARY\'S FEE','CERTIFICATION -SECRETARY\'S FEE','REVENUE','GENERAL','01','GENERAL',0.00,'ANY',NULL,NULL,NULL,0,0,0),('SUBACCT3558cf50:138693abbb3:-7ed7','ACTIVE','118-3','FINES & PENALTIES','FINES & PENALTIES','REVENUE','GENERAL','01','GENERAL',0.00,'ANY',NULL,NULL,NULL,0,0,0),('SUBACCT37050d48:11d9398f8b2:-7cc4','ACTIVE','403-27','MHO - CERTIFICATE OF DEATH','CERTIFICATE OF DEATH','REVENUE','GENERAL','01','GENERAL',0.00,'ANY',NULL,NULL,NULL,0,0,0),('SUBACCT37050d48:11d9398f8b2:-7cf0','ACTIVE','413-8','MEO - CERTIFICATION FEE','CERTIFICATION FEE (MEO)','REVENUE','GENERAL','01','GENERAL',0.00,'ANY',NULL,NULL,NULL,0,0,0),('SUBACCT3a00b1ba:11c79b01807:-7f0b','ACTIVE','413-7','FIRE INSPECTION FEE','FIRE INSPECTION FEE','REVENUE','GENERAL','01','GENERAL',100.00,'ANY',NULL,NULL,NULL,0,0,0),('SUBACCT3a00b1ba:11c79b01807:-7f34','ACTIVE','413-6','MHO - SANITARY INSPECTION FEE','SANITARY INSPECTION FEE','REVENUE','GENERAL','01','GENERAL',100.00,'ANY',NULL,NULL,NULL,0,0,0),('SUBACCT3a00b1ba:11c79b01807:-7f89','ACTIVE','204-19','MCR- REGISTRATION OF LIVE BIRTH','REGISTRATION OF LIVE BIRTH','REVENUE','GENERAL','01','GENERAL',50.00,'ANY',NULL,NULL,NULL,0,0,0),('SUBACCT3be19033:12d4ebb57d0:-7df0','ACTIVE','403-17','MHO - GRAM STAINING','GRAM STAINING','REVENUE','GENERAL','01','GENERAL',0.00,'ANY',NULL,NULL,NULL,0,0,0),('SUBACCT3be19033:12d4ebb57d0:-7e0f','ACTIVE','403-18','MHO - BLOOD TYPING','BLOOD TYPING','REVENUE','GENERAL','01','GENERAL',0.00,'ANY',NULL,NULL,NULL,0,0,0),('SUBACCT3be19033:12d4ebb57d0:-7e28','ACTIVE','403-19','MHO - PLATELET COUNT','PLATELET COUNT','REVENUE','GENERAL','01','GENERAL',0.00,'ANY',NULL,NULL,NULL,0,0,0),('SUBACCT3be19033:12d4ebb57d0:-7e47','ACTIVE','403-20','MHO - COMPLETE BLOOD COUNT(CBC)','CBC','REVENUE','GENERAL','01','GENERAL',0.00,'ANY',NULL,NULL,NULL,0,0,0),('SUBACCT504b2598:11dad11dc79:-7f88','ACTIVE','403-12','MHO - LEGAL CERTIFICATION(MEDICO)','MEDICO - LEGAL CERTIFICATION','REVENUE','GENERAL','01','GENERAL',0.00,'ANY',NULL,NULL,NULL,0,0,0),('SUBACCT56cc586a:11c79779dd6:-7f21','ACTIVE','403-3','MHO - TOOTH EXTRACTION-PERMANENT','TOOTH EXTRACTION-PERMANENT','REVENUE','GENERAL','01','GENERAL',80.00,'ANY',NULL,NULL,NULL,0,0,0),('SUBACCT56cc586a:11c79779dd6:-7f60','ACTIVE','403-4','MHO - TOOTH EXTRACTION TEMPORARY','TOOTH EXTRACTION TEMPORARY','REVENUE','GENERAL','01','GENERAL',50.00,'ANY',NULL,NULL,NULL,0,0,0),('SUBACCT66c38af9:11d7095303d:-7f18','ACTIVE','204-22','MCR - REGISTRATION OF MARRIAGE CERTIFICATE','REGISTRATION OF MARRIAGE CERTIFICATE','REVENUE','GENERAL','01','GENERAL',50.00,'ANY',NULL,NULL,NULL,0,0,0),('SUBACCT71957739:11da886aeab:-7f87','ACTIVE','403-15','MHO - PRE MARRIAGE COUNSELING (PMC)','PRE MARRIAGE COUNSELING (PMC)','REVENUE','GENERAL','01','GENERAL',0.00,'ANY',NULL,NULL,NULL,0,0,0),('SUBACCTa0c5496:11d8e8d70bc:-7f79','ACTIVE','208-2','ACCOUNTABLE FORMS FEES','ACCOUNTABLE FORMS FEES','REVENUE','GENERAL','01','GENERAL',0.00,'ANY',NULL,NULL,NULL,0,0,0);
/*!40000 ALTER TABLE `itemaccount` ENABLE KEYS */;
UNLOCK TABLES;

--
-- Table structure for table `itemaccount_tag`
--

DROP TABLE IF EXISTS `itemaccount_tag`;
/*!40101 SET @saved_cs_client     = @@character_set_client */;
/*!40101 SET character_set_client = utf8 */;
CREATE TABLE `itemaccount_tag` (
  `acctid` varchar(50) NOT NULL,
  `tag` varchar(50) NOT NULL,
  `objid` varchar(100) NOT NULL,
  PRIMARY KEY (`objid`),
  UNIQUE KEY `uix_acctid_tag` (`acctid`,`tag`),
  KEY `ix_tag` (`tag`),
  KEY `ix_acctid` (`acctid`),
  CONSTRAINT `fk_itemaccount_tag_itemaccount` FOREIGN KEY (`acctid`) REFERENCES `itemaccount` (`objid`)
) ENGINE=InnoDB DEFAULT CHARSET=utf8;
/*!40101 SET character_set_client = @saved_cs_client */;

--
-- Dumping data for table `itemaccount_tag`
--

LOCK TABLES `itemaccount_tag` WRITE;
/*!40000 ALTER TABLE `itemaccount_tag` DISABLE KEYS */;
INSERT INTO `itemaccount_tag` VALUES ('RPT_BASICINT_CURRENT','rpt_basicint_current','RPT_BASICINT_CURRENT'),('RPT_BASICINT_CURRENT_BRGY_SHARE','rpt_basicint_current','RPT_BASICINT_CURRENT_BRGY_SHARE'),('RPT_BASICINT_CURRENT_PROVINCE_SHARE','rpt_basicint_current','RPT_BASICINT_CURRENT_PROVINCE_SHARE'),('RPT_BASICINT_PREVIOUS','rpt_basicint_previous','RPT_BASICINT_PREVIOUS'),('RPT_BASICINT_PREVIOUS_BRGY_SHARE','rpt_basicint_previous','RPT_BASICINT_PREVIOUS_BRGY_SHARE'),('RPT_BASICINT_PREVIOUS_PROVINCE_SHARE','rpt_basicint_previous','RPT_BASICINT_PREVIOUS_PROVINCE_SHARE'),('RPT_BASICINT_PRIOR','rpt_basicint_prior','RPT_BASICINT_PRIOR'),('RPT_BASICINT_PRIOR_BRGY_SHARE','rpt_basicint_prior','RPT_BASICINT_PRIOR_BRGY_SHARE'),('RPT_BASICINT_PRIOR_PROVINCE_SHARE','rpt_basicint_prior','RPT_BASICINT_PRIOR_PROVINCE_SHARE'),('RPT_BASIC_ADVANCE','rpt_basic_advance','RPT_BASIC_ADVANCE'),('RPT_BASIC_ADVANCE_BRGY_SHARE','rpt_basic_advance','RPT_BASIC_ADVANCE_BRGY_SHARE'),('RPT_BASIC_ADVANCE_PROVINCE_SHARE','rpt_basic_advance','RPT_BASIC_ADVANCE_PROVINCE_SHARE'),('RPT_BASIC_CURRENT','rpt_basic_current','RPT_BASIC_CURRENT'),('RPT_BASIC_CURRENT_BRGY_SHARE','rpt_basic_current','RPT_BASIC_CURRENT_BRGY_SHARE'),('RPT_BASIC_CURRENT_PROVINCE_SHARE','rpt_basic_current','RPT_BASIC_CURRENT_PROVINCE_SHARE'),('RPT_BASIC_PREVIOUS','rpt_basic_previous','RPT_BASIC_PREVIOUS'),('RPT_BASIC_PREVIOUS_BRGY_SHARE','rpt_basic_previous','RPT_BASIC_PREVIOUS_BRGY_SHARE'),('RPT_BASIC_PREVIOUS_PROVINCE_SHARE','rpt_basic_previous','RPT_BASIC_PREVIOUS_PROVINCE_SHARE'),('RPT_BASIC_PRIOR','rpt_basic_prior','RPT_BASIC_PRIOR'),('RPT_BASIC_PRIOR_BRGY_SHARE','rpt_basic_prior','RPT_BASIC_PRIOR_BRGY_SHARE'),('RPT_BASIC_PRIOR_PROVINCE_SHARE','rpt_basic_prior','RPT_BASIC_PRIOR_PROVINCE_SHARE'),('RPT_SEFINT_CURRENT','rpt_sefint_current','RPT_SEFINT_CURRENT'),('RPT_SEFINT_CURRENT_PROVINCE_SHARE','rpt_sefint_current','RPT_SEFINT_CURRENT_PROVINCE_SHARE'),('RPT_SEFINT_PREVIOUS','rpt_sefint_previous','RPT_SEFINT_PREVIOUS'),('RPT_SEFINT_PREVIOUS_PROVINCE_SHARE','rpt_sefint_previous','RPT_SEFINT_PREVIOUS_PROVINCE_SHARE'),('RPT_SEFINT_PRIOR','rpt_sefint_prior','RPT_SEFINT_PRIOR'),('RPT_SEFINT_PRIOR_PROVINCE_SHARE','rpt_sefint_prior','RPT_SEFINT_PRIOR_PROVINCE_SHARE'),('RPT_SEF_ADVANCE','rpt_sef_advance','RPT_SEF_ADVANCE'),('RPT_SEF_ADVANCE_PROVINCE_SHARE','rpt_sef_advance','RPT_SEF_ADVANCE_PROVINCE_SHARE'),('RPT_SEF_CURRENT','rpt_sef_current','RPT_SEF_CURRENT'),('RPT_SEF_CURRENT_PROVINCE_SHARE','rpt_sef_current','RPT_SEF_CURRENT_PROVINCE_SHARE'),('RPT_SEF_PREVIOUS','rpt_sef_previous','RPT_SEF_PREVIOUS'),('RPT_SEF_PREVIOUS_PROVINCE_SHARE','rpt_sef_previous','RPT_SEF_PREVIOUS_PROVINCE_SHARE'),('RPT_SEF_PRIOR','rpt_sef_prior','RPT_SEF_PRIOR'),('RPT_SEF_PRIOR_PROVINCE_SHARE','rpt_sef_prior','RPT_SEF_PRIOR_PROVINCE_SHARE');
/*!40000 ALTER TABLE `itemaccount_tag` ENABLE KEYS */;
UNLOCK TABLES;

--
-- Table structure for table `jev`
--

DROP TABLE IF EXISTS `jev`;
/*!40101 SET @saved_cs_client     = @@character_set_client */;
/*!40101 SET character_set_client = utf8 */;
CREATE TABLE `jev` (
  `objid` varchar(150) NOT NULL,
  `jevno` varchar(50) DEFAULT NULL,
  `jevdate` date DEFAULT NULL,
  `fundid` varchar(50) DEFAULT NULL,
  `dtposted` datetime DEFAULT NULL,
  `txntype` varchar(50) DEFAULT NULL,
  `refid` varchar(50) DEFAULT NULL,
  `refno` varchar(50) DEFAULT NULL,
  `reftype` varchar(50) DEFAULT NULL,
  `amount` decimal(16,4) DEFAULT NULL,
  `state` varchar(32) DEFAULT NULL,
  `postedby_objid` varchar(50) DEFAULT NULL,
  `postedby_name` varchar(255) DEFAULT NULL,
  `verifiedby_objid` varchar(50) DEFAULT NULL,
  `verifiedby_name` varchar(255) DEFAULT NULL,
  `dtverified` datetime DEFAULT NULL,
  `batchid` varchar(50) DEFAULT NULL,
  `refdate` date DEFAULT NULL,
  PRIMARY KEY (`objid`),
  KEY `ix_batchid` (`batchid`),
  KEY `ix_dtposted` (`dtposted`),
  KEY `ix_dtverified` (`dtverified`),
  KEY `ix_fundid` (`fundid`),
  KEY `ix_jevdate` (`jevdate`),
  KEY `ix_jevno` (`jevno`),
  KEY `ix_postedby_objid` (`postedby_objid`),
  KEY `ix_refdate` (`refdate`),
  KEY `ix_refid` (`refid`),
  KEY `ix_refno` (`refno`),
  KEY `ix_reftype` (`reftype`),
  KEY `ix_verifiedby_objid` (`verifiedby_objid`)
) ENGINE=InnoDB DEFAULT CHARSET=utf8;
/*!40101 SET character_set_client = @saved_cs_client */;

--
-- Dumping data for table `jev`
--

LOCK TABLES `jev` WRITE;
/*!40000 ALTER TABLE `jev` DISABLE KEYS */;
/*!40000 ALTER TABLE `jev` ENABLE KEYS */;
UNLOCK TABLES;

--
-- Table structure for table `jevitem`
--

DROP TABLE IF EXISTS `jevitem`;
/*!40101 SET @saved_cs_client     = @@character_set_client */;
/*!40101 SET character_set_client = utf8 */;
CREATE TABLE `jevitem` (
  `objid` varchar(150) NOT NULL,
  `jevid` varchar(150) DEFAULT NULL,
  `accttype` varchar(50) DEFAULT NULL,
  `acctid` varchar(50) DEFAULT NULL,
  `acctcode` varchar(32) DEFAULT NULL,
  `acctname` varchar(255) DEFAULT NULL,
  `dr` decimal(16,4) DEFAULT NULL,
  `cr` decimal(16,4) DEFAULT NULL,
  `particulars` varchar(255) DEFAULT NULL,
  `itemrefid` varchar(255) DEFAULT NULL,
  PRIMARY KEY (`objid`),
  KEY `ix_jevid` (`jevid`),
  KEY `ix_ledgertype` (`accttype`),
  KEY `ix_acctid` (`acctid`),
  KEY `ix_acctcode` (`acctcode`),
  KEY `ix_acctname` (`acctname`),
  KEY `ix_itemrefid` (`itemrefid`),
  CONSTRAINT `fk_jevitem_jevid` FOREIGN KEY (`jevid`) REFERENCES `jev` (`objid`)
) ENGINE=InnoDB DEFAULT CHARSET=utf8;
/*!40101 SET character_set_client = @saved_cs_client */;

--
-- Dumping data for table `jevitem`
--

LOCK TABLES `jevitem` WRITE;
/*!40000 ALTER TABLE `jevitem` DISABLE KEYS */;
/*!40000 ALTER TABLE `jevitem` ENABLE KEYS */;
UNLOCK TABLES;

--
-- Table structure for table `landadjustment`
--

DROP TABLE IF EXISTS `landadjustment`;
/*!40101 SET @saved_cs_client     = @@character_set_client */;
/*!40101 SET character_set_client = utf8 */;
CREATE TABLE `landadjustment` (
  `objid` varchar(50) NOT NULL,
  `landrpuid` varchar(50) DEFAULT NULL,
  `landdetailid` varchar(50) DEFAULT NULL,
  `adjustmenttype_objid` varchar(50) NOT NULL,
  `expr` text,
  `adjustment` decimal(16,2) NOT NULL,
  `type` varchar(2) NOT NULL,
  `basemarketvalue` decimal(16,2) DEFAULT NULL,
  `marketvalue` decimal(16,2) DEFAULT NULL,
  PRIMARY KEY (`objid`),
  KEY `FK_landadjustment_landadjustmenttype` (`adjustmenttype_objid`),
  KEY `FK_landadjustment_landdetail` (`landdetailid`),
  KEY `FK_landadjustment_landrpu` (`landrpuid`),
  CONSTRAINT `landadjustment_ibfk_1` FOREIGN KEY (`adjustmenttype_objid`) REFERENCES `landadjustmenttype` (`objid`),
  CONSTRAINT `landadjustment_ibfk_2` FOREIGN KEY (`landdetailid`) REFERENCES `landdetail` (`objid`),
  CONSTRAINT `landadjustment_ibfk_3` FOREIGN KEY (`landrpuid`) REFERENCES `landrpu` (`objid`)
) ENGINE=InnoDB DEFAULT CHARSET=utf8;
/*!40101 SET character_set_client = @saved_cs_client */;

--
-- Dumping data for table `landadjustment`
--

LOCK TABLES `landadjustment` WRITE;
/*!40000 ALTER TABLE `landadjustment` DISABLE KEYS */;
/*!40000 ALTER TABLE `landadjustment` ENABLE KEYS */;
UNLOCK TABLES;

--
-- Table structure for table `landadjustmentparameter`
--

DROP TABLE IF EXISTS `landadjustmentparameter`;
/*!40101 SET @saved_cs_client     = @@character_set_client */;
/*!40101 SET character_set_client = utf8 */;
CREATE TABLE `landadjustmentparameter` (
  `objid` varchar(50) NOT NULL,
  `landadjustmentid` varchar(50) NOT NULL,
  `landrpuid` varchar(50) NOT NULL,
  `parameter_objid` varchar(50) DEFAULT NULL,
  `value` decimal(16,2) NOT NULL,
  `param_objid` varchar(50) DEFAULT NULL,
  PRIMARY KEY (`objid`),
  KEY `FK_landadjustmentparameter_landadjustment` (`landadjustmentid`),
  KEY `FK_landadjustmentparameter_landrpu` (`landrpuid`),
  KEY `FK_landadjustmentparameter_rptparameter` (`parameter_objid`),
  CONSTRAINT `landadjustmentparameter_ibfk_1` FOREIGN KEY (`landadjustmentid`) REFERENCES `landadjustment` (`objid`),
  CONSTRAINT `landadjustmentparameter_ibfk_2` FOREIGN KEY (`landrpuid`) REFERENCES `landrpu` (`objid`),
  CONSTRAINT `landadjustmentparameter_ibfk_3` FOREIGN KEY (`parameter_objid`) REFERENCES `rptparameter` (`objid`)
) ENGINE=InnoDB DEFAULT CHARSET=utf8;
/*!40101 SET character_set_client = @saved_cs_client */;

--
-- Dumping data for table `landadjustmentparameter`
--

LOCK TABLES `landadjustmentparameter` WRITE;
/*!40000 ALTER TABLE `landadjustmentparameter` DISABLE KEYS */;
/*!40000 ALTER TABLE `landadjustmentparameter` ENABLE KEYS */;
UNLOCK TABLES;

--
-- Table structure for table `landadjustmenttype`
--

DROP TABLE IF EXISTS `landadjustmenttype`;
/*!40101 SET @saved_cs_client     = @@character_set_client */;
/*!40101 SET character_set_client = utf8 */;
CREATE TABLE `landadjustmenttype` (
  `objid` varchar(50) NOT NULL,
  `landrysettingid` varchar(50) NOT NULL,
  `code` varchar(10) NOT NULL,
  `name` varchar(100) NOT NULL,
  `expr` text NOT NULL,
  `appliedto` varchar(150) DEFAULT NULL,
  `previd` varchar(50) DEFAULT NULL,
  `idx` int(11) DEFAULT NULL,
  PRIMARY KEY (`objid`),
  KEY `FK_landadjustment_landrysetting` (`landrysettingid`),
  KEY `ix_landadjustmenttype` (`previd`),
  KEY `ix_previd` (`previd`),
  CONSTRAINT `landadjustmenttype_ibfk_1` FOREIGN KEY (`landrysettingid`) REFERENCES `landrysetting` (`objid`)
) ENGINE=InnoDB DEFAULT CHARSET=utf8;
/*!40101 SET character_set_client = @saved_cs_client */;

--
-- Dumping data for table `landadjustmenttype`
--

LOCK TABLES `landadjustmenttype` WRITE;
/*!40000 ALTER TABLE `landadjustmenttype` DISABLE KEYS */;
/*!40000 ALTER TABLE `landadjustmenttype` ENABLE KEYS */;
UNLOCK TABLES;

--
-- Table structure for table `landadjustmenttype_classification`
--

DROP TABLE IF EXISTS `landadjustmenttype_classification`;
/*!40101 SET @saved_cs_client     = @@character_set_client */;
/*!40101 SET character_set_client = utf8 */;
CREATE TABLE `landadjustmenttype_classification` (
  `landadjustmenttypeid` varchar(50) NOT NULL,
  `classification_objid` varchar(50) NOT NULL,
  `landrysettingid` varchar(50) NOT NULL,
  PRIMARY KEY (`landadjustmenttypeid`,`classification_objid`),
  KEY `FK_landadjustmenttype_classification_classification` (`classification_objid`),
  CONSTRAINT `landadjustmenttype_classification_ibfk_1` FOREIGN KEY (`classification_objid`) REFERENCES `propertyclassification` (`objid`),
  CONSTRAINT `landadjustmenttype_classification_ibfk_2` FOREIGN KEY (`landadjustmenttypeid`) REFERENCES `landadjustmenttype` (`objid`)
) ENGINE=InnoDB DEFAULT CHARSET=utf8;
/*!40101 SET character_set_client = @saved_cs_client */;

--
-- Dumping data for table `landadjustmenttype_classification`
--

LOCK TABLES `landadjustmenttype_classification` WRITE;
/*!40000 ALTER TABLE `landadjustmenttype_classification` DISABLE KEYS */;
/*!40000 ALTER TABLE `landadjustmenttype_classification` ENABLE KEYS */;
UNLOCK TABLES;

--
-- Table structure for table `landassesslevel`
--

DROP TABLE IF EXISTS `landassesslevel`;
/*!40101 SET @saved_cs_client     = @@character_set_client */;
/*!40101 SET character_set_client = utf8 */;
CREATE TABLE `landassesslevel` (
  `objid` varchar(50) NOT NULL,
  `landrysettingid` varchar(50) NOT NULL,
  `classification_objid` varchar(50) DEFAULT NULL,
  `code` varchar(20) NOT NULL,
  `name` varchar(100) NOT NULL,
  `fixrate` int(11) NOT NULL,
  `rate` decimal(10,2) NOT NULL,
  `previd` varchar(50) DEFAULT NULL,
  PRIMARY KEY (`objid`),
  UNIQUE KEY `ux_landassesslevel_code` (`landrysettingid`,`code`),
  UNIQUE KEY `ux_landassesslevel_name` (`landrysettingid`,`name`),
  KEY `landrysettingid` (`landrysettingid`),
  KEY `FK_landassesslevel_propertyclassification` (`classification_objid`),
  KEY `ix_landassesslevel_previd` (`previd`),
  KEY `ix_previd` (`previd`),
  CONSTRAINT `landassesslevel_ibfk_1` FOREIGN KEY (`classification_objid`) REFERENCES `propertyclassification` (`objid`),
  CONSTRAINT `landassesslevel_ibfk_2` FOREIGN KEY (`landrysettingid`) REFERENCES `landrysetting` (`objid`)
) ENGINE=InnoDB DEFAULT CHARSET=utf8;
/*!40101 SET character_set_client = @saved_cs_client */;

--
-- Dumping data for table `landassesslevel`
--

LOCK TABLES `landassesslevel` WRITE;
/*!40000 ALTER TABLE `landassesslevel` DISABLE KEYS */;
/*!40000 ALTER TABLE `landassesslevel` ENABLE KEYS */;
UNLOCK TABLES;

--
-- Table structure for table `landassesslevelrange`
--

DROP TABLE IF EXISTS `landassesslevelrange`;
/*!40101 SET @saved_cs_client     = @@character_set_client */;
/*!40101 SET character_set_client = utf8 */;
CREATE TABLE `landassesslevelrange` (
  `objid` varchar(50) NOT NULL,
  `landassesslevelid` varchar(50) NOT NULL,
  `landrysettingid` varchar(50) NOT NULL,
  `mvfrom` decimal(16,2) NOT NULL,
  `mvto` decimal(16,2) NOT NULL,
  `rate` decimal(16,2) NOT NULL,
  PRIMARY KEY (`objid`),
  KEY `FK_landassesslevelrange_landassesslevel` (`landassesslevelid`),
  KEY `ix_landassesslevelrange_rootid` (`landrysettingid`),
  CONSTRAINT `landassesslevelrange_ibfk_1` FOREIGN KEY (`landrysettingid`) REFERENCES `landrysetting` (`objid`),
  CONSTRAINT `landassesslevelrange_ibfk_2` FOREIGN KEY (`landassesslevelid`) REFERENCES `landassesslevel` (`objid`)
) ENGINE=InnoDB DEFAULT CHARSET=utf8;
/*!40101 SET character_set_client = @saved_cs_client */;

--
-- Dumping data for table `landassesslevelrange`
--

LOCK TABLES `landassesslevelrange` WRITE;
/*!40000 ALTER TABLE `landassesslevelrange` DISABLE KEYS */;
/*!40000 ALTER TABLE `landassesslevelrange` ENABLE KEYS */;
UNLOCK TABLES;

--
-- Table structure for table `landdetail`
--

DROP TABLE IF EXISTS `landdetail`;
/*!40101 SET @saved_cs_client     = @@character_set_client */;
/*!40101 SET character_set_client = utf8 */;
CREATE TABLE `landdetail` (
  `objid` varchar(50) NOT NULL,
  `landrpuid` varchar(50) NOT NULL,
  `subclass_objid` varchar(50) DEFAULT NULL,
  `specificclass_objid` varchar(50) DEFAULT NULL,
  `actualuse_objid` varchar(50) DEFAULT NULL,
  `stripping_objid` varchar(50) DEFAULT NULL,
  `striprate` decimal(16,2) NOT NULL,
  `areatype` varchar(10) NOT NULL,
  `addlinfo` varchar(250) DEFAULT NULL,
  `area` decimal(18,6) NOT NULL,
  `areasqm` decimal(18,2) NOT NULL,
  `areaha` decimal(18,6) NOT NULL,
  `basevalue` decimal(16,2) NOT NULL,
  `unitvalue` decimal(16,2) NOT NULL,
  `taxable` int(11) NOT NULL,
  `basemarketvalue` decimal(16,2) NOT NULL,
  `adjustment` decimal(16,2) NOT NULL,
  `landvalueadjustment` decimal(16,2) NOT NULL,
  `actualuseadjustment` decimal(16,2) NOT NULL,
  `marketvalue` decimal(16,2) NOT NULL,
  `assesslevel` decimal(16,2) NOT NULL,
  `assessedvalue` decimal(16,2) NOT NULL,
  `landspecificclass_objid` varchar(50) DEFAULT NULL,
  PRIMARY KEY (`objid`),
  KEY `FK_landdetail_actualuse` (`actualuse_objid`),
  KEY `FK_landdetail_landrpu` (`landrpuid`),
  KEY `FK_landdetail_lcuvspecificclass` (`specificclass_objid`),
  KEY `FK_landdetail_lcuvsubclass` (`subclass_objid`),
  KEY `stripping_objid` (`stripping_objid`),
  CONSTRAINT `landdetail_ibfk_1` FOREIGN KEY (`actualuse_objid`) REFERENCES `landassesslevel` (`objid`),
  CONSTRAINT `landdetail_ibfk_2` FOREIGN KEY (`landrpuid`) REFERENCES `landrpu` (`objid`),
  CONSTRAINT `landdetail_ibfk_3` FOREIGN KEY (`specificclass_objid`) REFERENCES `lcuvspecificclass` (`objid`),
  CONSTRAINT `landdetail_ibfk_4` FOREIGN KEY (`subclass_objid`) REFERENCES `lcuvsubclass` (`objid`),
  CONSTRAINT `landdetail_ibfk_5` FOREIGN KEY (`stripping_objid`) REFERENCES `lcuvstripping` (`objid`)
) ENGINE=InnoDB DEFAULT CHARSET=utf8;
/*!40101 SET character_set_client = @saved_cs_client */;

--
-- Dumping data for table `landdetail`
--

LOCK TABLES `landdetail` WRITE;
/*!40000 ALTER TABLE `landdetail` DISABLE KEYS */;
/*!40000 ALTER TABLE `landdetail` ENABLE KEYS */;
UNLOCK TABLES;

--
-- Table structure for table `landrpu`
--

DROP TABLE IF EXISTS `landrpu`;
/*!40101 SET @saved_cs_client     = @@character_set_client */;
/*!40101 SET character_set_client = utf8 */;
CREATE TABLE `landrpu` (
  `objid` varchar(50) NOT NULL,
  `idleland` int(11) NOT NULL,
  `totallandbmv` decimal(16,2) NOT NULL,
  `totallandmv` decimal(16,2) NOT NULL,
  `totallandav` decimal(16,2) NOT NULL,
  `totalplanttreebmv` decimal(16,2) NOT NULL,
  `totalplanttreemv` decimal(16,2) NOT NULL,
  `totalplanttreeadjustment` decimal(16,2) NOT NULL,
  `totalplanttreeav` decimal(16,2) NOT NULL,
  `landvalueadjustment` decimal(16,2) NOT NULL,
  `publicland` int(11) DEFAULT NULL,
  `distanceawr` decimal(16,2) DEFAULT NULL,
  `distanceltc` decimal(16,2) DEFAULT NULL,
  PRIMARY KEY (`objid`),
  CONSTRAINT `landrpu_ibfk_1` FOREIGN KEY (`objid`) REFERENCES `rpu` (`objid`)
) ENGINE=InnoDB DEFAULT CHARSET=utf8;
/*!40101 SET character_set_client = @saved_cs_client */;

--
-- Dumping data for table `landrpu`
--

LOCK TABLES `landrpu` WRITE;
/*!40000 ALTER TABLE `landrpu` DISABLE KEYS */;
/*!40000 ALTER TABLE `landrpu` ENABLE KEYS */;
UNLOCK TABLES;

--
-- Table structure for table `landrysetting`
--

DROP TABLE IF EXISTS `landrysetting`;
/*!40101 SET @saved_cs_client     = @@character_set_client */;
/*!40101 SET character_set_client = utf8 */;
CREATE TABLE `landrysetting` (
  `objid` varchar(50) NOT NULL,
  `state` varchar(10) NOT NULL,
  `ry` int(11) NOT NULL,
  `appliedto` text,
  `previd` varchar(50) DEFAULT NULL,
  `remarks` varchar(200) DEFAULT NULL,
  `ordinanceno` varchar(25) DEFAULT NULL,
  `ordinancedate` date DEFAULT NULL,
  PRIMARY KEY (`objid`),
  KEY `ix_landrysetting_previd` (`previd`),
  KEY `ix_landrysetting_ry` (`ry`)
) ENGINE=InnoDB DEFAULT CHARSET=utf8;
/*!40101 SET character_set_client = @saved_cs_client */;

--
-- Dumping data for table `landrysetting`
--

LOCK TABLES `landrysetting` WRITE;
/*!40000 ALTER TABLE `landrysetting` DISABLE KEYS */;
/*!40000 ALTER TABLE `landrysetting` ENABLE KEYS */;
UNLOCK TABLES;

--
-- Table structure for table `landspecificclass`
--

DROP TABLE IF EXISTS `landspecificclass`;
/*!40101 SET @saved_cs_client     = @@character_set_client */;
/*!40101 SET character_set_client = utf8 */;
CREATE TABLE `landspecificclass` (
  `objid` varchar(50) NOT NULL,
  `state` varchar(10) NOT NULL,
  `code` varchar(50) NOT NULL,
  `name` varchar(100) NOT NULL,
  PRIMARY KEY (`objid`),
  KEY `ux_landspecificclass_state` (`state`)
) ENGINE=InnoDB DEFAULT CHARSET=utf8;
/*!40101 SET character_set_client = @saved_cs_client */;

--
-- Dumping data for table `landspecificclass`
--

LOCK TABLES `landspecificclass` WRITE;
/*!40000 ALTER TABLE `landspecificclass` DISABLE KEYS */;
/*!40000 ALTER TABLE `landspecificclass` ENABLE KEYS */;
UNLOCK TABLES;

--
-- Table structure for table `landtax_lgu_account_mapping`
--

DROP TABLE IF EXISTS `landtax_lgu_account_mapping`;
/*!40101 SET @saved_cs_client     = @@character_set_client */;
/*!40101 SET character_set_client = utf8 */;
CREATE TABLE `landtax_lgu_account_mapping` (
  `objid` varchar(50) NOT NULL,
  `lgu_objid` varchar(50) NOT NULL,
  `revtype` varchar(50) NOT NULL,
  `revperiod` varchar(50) NOT NULL,
  `item_objid` varchar(50) NOT NULL,
  KEY `ix_objid` (`objid`),
  KEY `FK_landtaxlguaccountmapping_sysorg` (`lgu_objid`),
  KEY `FK_landtaxlguaccountmapping_itemaccount` (`item_objid`),
  KEY `ix_revtype` (`revtype`),
  CONSTRAINT `fk_landtaxlguaccountmapping_itemaccount` FOREIGN KEY (`item_objid`) REFERENCES `itemaccount` (`objid`),
  CONSTRAINT `fk_landtaxlguaccountmapping_sysorg` FOREIGN KEY (`lgu_objid`) REFERENCES `sys_org` (`objid`)
) ENGINE=InnoDB DEFAULT CHARSET=utf8;
/*!40101 SET character_set_client = @saved_cs_client */;

--
-- Dumping data for table `landtax_lgu_account_mapping`
--

LOCK TABLES `landtax_lgu_account_mapping` WRITE;
/*!40000 ALTER TABLE `landtax_lgu_account_mapping` DISABLE KEYS */;
/*!40000 ALTER TABLE `landtax_lgu_account_mapping` ENABLE KEYS */;
UNLOCK TABLES;

--
-- Table structure for table `landtax_report_rptdelinquency`
--

DROP TABLE IF EXISTS `landtax_report_rptdelinquency`;
/*!40101 SET @saved_cs_client     = @@character_set_client */;
/*!40101 SET character_set_client = utf8 */;
CREATE TABLE `landtax_report_rptdelinquency` (
  `objid` varchar(50) NOT NULL,
  `rptledgerid` varchar(50) NOT NULL,
  `barangayid` varchar(50) NOT NULL,
  `year` int(11) NOT NULL,
  `qtr` int(11) DEFAULT NULL,
  `revtype` varchar(50) NOT NULL,
  `amount` decimal(16,2) NOT NULL,
  `interest` decimal(16,2) NOT NULL,
  `discount` decimal(16,2) NOT NULL,
  `dtgenerated` datetime NOT NULL,
  `generatedby_name` varchar(255) NOT NULL,
  `generatedby_title` varchar(100) NOT NULL,
  PRIMARY KEY (`objid`)
) ENGINE=InnoDB DEFAULT CHARSET=utf8;
/*!40101 SET character_set_client = @saved_cs_client */;

--
-- Dumping data for table `landtax_report_rptdelinquency`
--

LOCK TABLES `landtax_report_rptdelinquency` WRITE;
/*!40000 ALTER TABLE `landtax_report_rptdelinquency` DISABLE KEYS */;
/*!40000 ALTER TABLE `landtax_report_rptdelinquency` ENABLE KEYS */;
UNLOCK TABLES;

--
-- Table structure for table `lcuvspecificclass`
--

DROP TABLE IF EXISTS `lcuvspecificclass`;
/*!40101 SET @saved_cs_client     = @@character_set_client */;
/*!40101 SET character_set_client = utf8 */;
CREATE TABLE `lcuvspecificclass` (
  `objid` varchar(50) NOT NULL,
  `landrysettingid` varchar(50) NOT NULL,
  `classification_objid` varchar(50) NOT NULL,
  `areatype` varchar(10) NOT NULL,
  `previd` varchar(50) DEFAULT NULL,
  `landspecificclass_objid` varchar(50) DEFAULT NULL,
  PRIMARY KEY (`objid`),
  KEY `landrysettingid` (`landrysettingid`),
  KEY `FK_lcuvspecificclass_propertyclassification` (`classification_objid`),
  KEY `ix_lcuvspecificclass_previd` (`previd`),
  KEY `ix_previd` (`previd`),
  KEY `ix_landspecificclass_objid` (`landspecificclass_objid`),
  CONSTRAINT `fk_lcuvspecificclass_landspecificclass` FOREIGN KEY (`landspecificclass_objid`) REFERENCES `landspecificclass` (`objid`),
  CONSTRAINT `lcuvspecificclass_ibfk_1` FOREIGN KEY (`landrysettingid`) REFERENCES `landrysetting` (`objid`),
  CONSTRAINT `lcuvspecificclass_ibfk_2` FOREIGN KEY (`classification_objid`) REFERENCES `propertyclassification` (`objid`)
) ENGINE=InnoDB DEFAULT CHARSET=utf8;
/*!40101 SET character_set_client = @saved_cs_client */;

--
-- Dumping data for table `lcuvspecificclass`
--

LOCK TABLES `lcuvspecificclass` WRITE;
/*!40000 ALTER TABLE `lcuvspecificclass` DISABLE KEYS */;
/*!40000 ALTER TABLE `lcuvspecificclass` ENABLE KEYS */;
UNLOCK TABLES;

--
-- Table structure for table `lcuvstripping`
--

DROP TABLE IF EXISTS `lcuvstripping`;
/*!40101 SET @saved_cs_client     = @@character_set_client */;
/*!40101 SET character_set_client = utf8 */;
CREATE TABLE `lcuvstripping` (
  `objid` varchar(50) NOT NULL,
  `landrysettingid` varchar(50) NOT NULL,
  `classification_objid` varchar(50) NOT NULL,
  `striplevel` int(11) NOT NULL,
  `rate` decimal(10,2) NOT NULL,
  `previd` varchar(50) DEFAULT NULL,
  PRIMARY KEY (`objid`),
  KEY `FK_lcuvstripping_landrysetting` (`landrysettingid`),
  KEY `FK_lcuvstripping_propertyclassification` (`classification_objid`),
  KEY `ix_lcuvstripping_previd` (`previd`),
  CONSTRAINT `lcuvstripping_ibfk_1` FOREIGN KEY (`landrysettingid`) REFERENCES `landrysetting` (`objid`),
  CONSTRAINT `lcuvstripping_ibfk_2` FOREIGN KEY (`classification_objid`) REFERENCES `propertyclassification` (`objid`)
) ENGINE=InnoDB DEFAULT CHARSET=utf8;
/*!40101 SET character_set_client = @saved_cs_client */;

--
-- Dumping data for table `lcuvstripping`
--

LOCK TABLES `lcuvstripping` WRITE;
/*!40000 ALTER TABLE `lcuvstripping` DISABLE KEYS */;
/*!40000 ALTER TABLE `lcuvstripping` ENABLE KEYS */;
UNLOCK TABLES;

--
-- Table structure for table `lcuvsubclass`
--

DROP TABLE IF EXISTS `lcuvsubclass`;
/*!40101 SET @saved_cs_client     = @@character_set_client */;
/*!40101 SET character_set_client = utf8 */;
CREATE TABLE `lcuvsubclass` (
  `objid` varchar(50) NOT NULL,
  `specificclass_objid` varchar(50) NOT NULL,
  `landrysettingid` varchar(50) NOT NULL,
  `code` varchar(50) NOT NULL,
  `name` varchar(25) NOT NULL,
  `unitvalue` decimal(10,2) NOT NULL,
  `previd` varchar(50) DEFAULT NULL,
  PRIMARY KEY (`objid`),
  KEY `FK_lcuvsubclass_lcuvspecificclass` (`specificclass_objid`),
  KEY `ix_lcuvsubclass_previd` (`previd`),
  KEY `ix_lcuvsubclass_rootid` (`landrysettingid`),
  KEY `ix_previd` (`previd`),
  CONSTRAINT `lcuvsubclass_ibfk_1` FOREIGN KEY (`landrysettingid`) REFERENCES `landrysetting` (`objid`),
  CONSTRAINT `lcuvsubclass_ibfk_2` FOREIGN KEY (`specificclass_objid`) REFERENCES `lcuvspecificclass` (`objid`)
) ENGINE=InnoDB DEFAULT CHARSET=utf8;
/*!40101 SET character_set_client = @saved_cs_client */;

--
-- Dumping data for table `lcuvsubclass`
--

LOCK TABLES `lcuvsubclass` WRITE;
/*!40000 ALTER TABLE `lcuvsubclass` DISABLE KEYS */;
/*!40000 ALTER TABLE `lcuvsubclass` ENABLE KEYS */;
UNLOCK TABLES;

--
-- Table structure for table `lob`
--

DROP TABLE IF EXISTS `lob`;
/*!40101 SET @saved_cs_client     = @@character_set_client */;
/*!40101 SET character_set_client = utf8 */;
CREATE TABLE `lob` (
  `objid` varchar(50) NOT NULL,
  `state` varchar(10) NOT NULL,
  `name` varchar(255) NOT NULL,
  `classification_objid` varchar(50) NOT NULL,
  `psic` varchar(50) DEFAULT NULL,
  `psic_objid` varchar(50) DEFAULT NULL,
  `_ukey` varchar(50) NOT NULL DEFAULT '',
  PRIMARY KEY (`objid`),
  UNIQUE KEY `uix_name` (`name`,`_ukey`),
  KEY `ix_name` (`name`),
  KEY `ix_classification_objid` (`classification_objid`),
  KEY `ix_psic` (`psic`),
  KEY `ix_psic_objid` (`psic_objid`),
  CONSTRAINT `lob_classification_objid_ibfk_1` FOREIGN KEY (`classification_objid`) REFERENCES `lobclassification` (`objid`)
) ENGINE=InnoDB DEFAULT CHARSET=utf8;
/*!40101 SET character_set_client = @saved_cs_client */;

--
-- Dumping data for table `lob`
--

LOCK TABLES `lob` WRITE;
/*!40000 ALTER TABLE `lob` DISABLE KEYS */;
INSERT INTO `lob` VALUES ('L-4e11e804:140b810a4bc:-7f1f','DRAFT','ART AND SIGNS','CONTRACTOR','',NULL,'L-4e11e804:140b810a4bc:-7f1f'),('LOB-306e5f4e:143ad0e382a:-77fb','DRAFT','HARDWARE.','RETAILER',NULL,NULL,'LOB-306e5f4e:143ad0e382a:-77fb'),('LOB-306e5f4e:143ad0e382a:-7d6d','DRAFT','RETAILER OF APPLIANCES','RETAILER',NULL,NULL,'LOB-306e5f4e:143ad0e382a:-7d6d'),('LOB-338109a4:150116a2ff5:-7fc1','DRAFT','ANIMAL CLINIC','OTHER',NULL,NULL,'LOB-338109a4:150116a2ff5:-7fc1'),('LOB-3c6ae22:13f11bb91cc:-7d8c','DRAFT','GENERAL MERCHANDISING','WHOLESALER',NULL,NULL,'LOB-3c6ae22:13f11bb91cc:-7d8c'),('LOB-3e1608b6:11ed7c33ac0:-7897','DRAFT','LENDING & FINANCING','FINANCIAL',NULL,NULL,'LOB-3e1608b6:11ed7c33ac0:-7897'),('LOB-44903004:11c6371807a:-7d12','DRAFT','BARBER SHOP','CONTRACTOR',NULL,NULL,'LOB-44903004:11c6371807a:-7d12'),('LOB-44903004:11c6371807a:-7ddc','DRAFT','DOMESTIC LIQUOR','RETAILER',NULL,NULL,'LOB-44903004:11c6371807a:-7ddc'),('LOB-49570e78:11c64cdad88:-7cb5','DRAFT','WHOLESALER OF RICE & CORN','WHOLESALER',NULL,NULL,'LOB-49570e78:11c64cdad88:-7cb5'),('LOB-49570e78:11c64cdad88:-7cc8','DRAFT','WHOLESALER OF AGRICULTURAL PRODUCTS','WHOLESALER',NULL,NULL,'LOB-49570e78:11c64cdad88:-7cc8'),('LOB-49570e78:11c64cdad88:-7d71','DRAFT','WHOLESALER OF GROCERIES','WHOLESALER',NULL,NULL,'LOB-49570e78:11c64cdad88:-7d71'),('LOB-49570e78:11c64cdad88:-7da0','DRAFT','WHOLESALER OF LEAF TOBACCO','WHOLESALER',NULL,NULL,'LOB-49570e78:11c64cdad88:-7da0'),('LOB-49570e78:11c64cdad88:-7f1e','DRAFT','REFRESHMENT PARLOR','OTHER',NULL,NULL,'LOB-49570e78:11c64cdad88:-7f1e'),('LOB-49570e78:11c64cdad88:-7f64','DRAFT','PAWNSHOP','FINANCIAL',NULL,NULL,'LOB-49570e78:11c64cdad88:-7f64'),('LOB-4efb7d4a:157943708fd:-7e24','DRAFT','FURNITURE SHOP','WHOLESALER',NULL,NULL,'LOB-4efb7d4a:157943708fd:-7e24'),('LOB-593386c4:11d94bd6fd9:-722c','DRAFT','DEALER OF APPLIANCES','WHOLESALER',NULL,NULL,'LOB-593386c4:11d94bd6fd9:-722c'),('LOB-5aeab750:11f2607ba03:-7cf8','DRAFT','AUTO REPAIR SHOP','CONTRACTOR',NULL,NULL,'LOB-5aeab750:11f2607ba03:-7cf8'),('LOB-6f90134e:11e191f44b9:-7e03','DRAFT','MONEY TRANSFER','FINANCIAL',NULL,NULL,'LOB-6f90134e:11e191f44b9:-7e03'),('LOB19be627b:12d7d693799:-686c','DRAFT','MEAT SHOP','RETAILER',NULL,NULL,'LOB19be627b:12d7d693799:-686c'),('LOB1f38a8f3:15d81dca6d4:-779a','DRAFT','SARI-SARI','RETAILER',NULL,NULL,'LOB1f38a8f3:15d81dca6d4:-779a'),('LOB3c390eb3:11ece68f4f9:-6a7d','DRAFT','DEALER OF AGRI-MACHINERY','WHOLESALER',NULL,NULL,'LOB3c390eb3:11ece68f4f9:-6a7d'),('LOB3c390eb3:11ece68f4f9:-6b28','DRAFT','MICRO-FINANCING','FINANCIAL',NULL,NULL,'LOB3c390eb3:11ece68f4f9:-6b28'),('LOB3e8e3cf5:1579cb6312d:-7423','DRAFT','COCKPIT','AMUSEMENT',NULL,NULL,'LOB3e8e3cf5:1579cb6312d:-7423'),('LOB404b5682:157942029f9:-76ad','DRAFT','RESTAURANT','OTHER',NULL,NULL,'LOB404b5682:157942029f9:-76ad'),('LOB420b42bb:145688603f4:-7fbb','DRAFT','RETAILER OF BAKERY SUPPLIES','RETAILER',NULL,NULL,'LOB420b42bb:145688603f4:-7fbb'),('LOB48441c91:161873af778:-4db8','DRAFT','MANUFACTURER OF SHOES','MANUFACTURER',NULL,NULL,'LOB48441c91:161873af778:-4db8'),('LOB490eb47a:12eb2e532f1:-7e10','DRAFT','FASHION ACCESSORIES','WHOLESALER',NULL,NULL,'LOB490eb47a:12eb2e532f1:-7e10'),('LOB56955d96:11c6516e07c:-7f81','DRAFT','DRUG STORE','RETAILER',NULL,NULL,'LOB56955d96:11c6516e07c:-7f81'),('LOB56a66952:160e7b17a95:-6f27','DRAFT','BAKERY.','MANUFACTURER',NULL,NULL,'LOB56a66952:160e7b17a95:-6f27'),('LOB78e2e09:14ddc1a18ac:-7f64','DRAFT','ADMINISTRATIVE SERVICES','OTHER',NULL,NULL,'LOB78e2e09:14ddc1a18ac:-7f64');
/*!40000 ALTER TABLE `lob` ENABLE KEYS */;
UNLOCK TABLES;

--
-- Table structure for table `lob_lobattribute`
--

DROP TABLE IF EXISTS `lob_lobattribute`;
/*!40101 SET @saved_cs_client     = @@character_set_client */;
/*!40101 SET character_set_client = utf8 */;
CREATE TABLE `lob_lobattribute` (
  `lobid` varchar(50) NOT NULL,
  `lobattributeid` varchar(50) NOT NULL,
  PRIMARY KEY (`lobid`,`lobattributeid`),
  KEY `lobattributeid` (`lobattributeid`),
  CONSTRAINT `lob_lobattribute_ibfk_1` FOREIGN KEY (`lobid`) REFERENCES `lob` (`objid`),
  CONSTRAINT `lob_lobattribute_ibfk_2` FOREIGN KEY (`lobattributeid`) REFERENCES `lobattribute` (`objid`)
) ENGINE=InnoDB DEFAULT CHARSET=utf8;
/*!40101 SET character_set_client = @saved_cs_client */;

--
-- Dumping data for table `lob_lobattribute`
--

LOCK TABLES `lob_lobattribute` WRITE;
/*!40000 ALTER TABLE `lob_lobattribute` DISABLE KEYS */;
/*!40000 ALTER TABLE `lob_lobattribute` ENABLE KEYS */;
UNLOCK TABLES;

--
-- Table structure for table `lob_report_category`
--

DROP TABLE IF EXISTS `lob_report_category`;
/*!40101 SET @saved_cs_client     = @@character_set_client */;
/*!40101 SET character_set_client = utf8 */;
CREATE TABLE `lob_report_category` (
  `objid` varchar(50) NOT NULL,
  `parentid` varchar(50) DEFAULT NULL,
  `groupid` varchar(50) DEFAULT NULL,
  `title` varchar(255) DEFAULT NULL,
  `itemtype` varchar(25) DEFAULT NULL,
  PRIMARY KEY (`objid`),
  KEY `ix_parentid` (`parentid`),
  KEY `ix_groupid` (`groupid`),
  CONSTRAINT `fk_lob_report_category_groupid` FOREIGN KEY (`groupid`) REFERENCES `lob_report_group` (`objid`)
) ENGINE=InnoDB DEFAULT CHARSET=utf8;
/*!40101 SET character_set_client = @saved_cs_client */;

--
-- Dumping data for table `lob_report_category`
--

LOCK TABLES `lob_report_category` WRITE;
/*!40000 ALTER TABLE `lob_report_category` DISABLE KEYS */;
/*!40000 ALTER TABLE `lob_report_category` ENABLE KEYS */;
UNLOCK TABLES;

--
-- Table structure for table `lob_report_category_mapping`
--

DROP TABLE IF EXISTS `lob_report_category_mapping`;
/*!40101 SET @saved_cs_client     = @@character_set_client */;
/*!40101 SET character_set_client = utf8 */;
CREATE TABLE `lob_report_category_mapping` (
  `objid` varchar(50) NOT NULL,
  `lobid` varchar(50) NOT NULL,
  `categoryid` varchar(50) NOT NULL,
  PRIMARY KEY (`objid`),
  UNIQUE KEY `uix_categoryid` (`categoryid`),
  KEY `ix_lobid` (`lobid`),
  CONSTRAINT `fk_lob_report_category_mapping_categoryid` FOREIGN KEY (`categoryid`) REFERENCES `lob_report_category` (`objid`)
) ENGINE=InnoDB DEFAULT CHARSET=utf8;
/*!40101 SET character_set_client = @saved_cs_client */;

--
-- Dumping data for table `lob_report_category_mapping`
--

LOCK TABLES `lob_report_category_mapping` WRITE;
/*!40000 ALTER TABLE `lob_report_category_mapping` DISABLE KEYS */;
/*!40000 ALTER TABLE `lob_report_category_mapping` ENABLE KEYS */;
UNLOCK TABLES;

--
-- Table structure for table `lob_report_group`
--

DROP TABLE IF EXISTS `lob_report_group`;
/*!40101 SET @saved_cs_client     = @@character_set_client */;
/*!40101 SET character_set_client = utf8 */;
CREATE TABLE `lob_report_group` (
  `objid` varchar(50) NOT NULL,
  `title` varchar(255) DEFAULT NULL,
  PRIMARY KEY (`objid`)
) ENGINE=InnoDB DEFAULT CHARSET=utf8;
/*!40101 SET character_set_client = @saved_cs_client */;

--
-- Dumping data for table `lob_report_group`
--

LOCK TABLES `lob_report_group` WRITE;
/*!40000 ALTER TABLE `lob_report_group` DISABLE KEYS */;
/*!40000 ALTER TABLE `lob_report_group` ENABLE KEYS */;
UNLOCK TABLES;

--
-- Table structure for table `lobattribute`
--

DROP TABLE IF EXISTS `lobattribute`;
/*!40101 SET @saved_cs_client     = @@character_set_client */;
/*!40101 SET character_set_client = utf8 */;
CREATE TABLE `lobattribute` (
  `objid` varchar(50) NOT NULL,
  `state` varchar(10) NOT NULL,
  `name` varchar(50) NOT NULL,
  `description` varchar(100) DEFAULT NULL,
  PRIMARY KEY (`objid`),
  KEY `ix_name` (`name`)
) ENGINE=InnoDB DEFAULT CHARSET=utf8;
/*!40101 SET character_set_client = @saved_cs_client */;

--
-- Dumping data for table `lobattribute`
--

LOCK TABLES `lobattribute` WRITE;
/*!40000 ALTER TABLE `lobattribute` DISABLE KEYS */;
INSERT INTO `lobattribute` VALUES ('ESSENTIAL','DRAFT','ESSENTIAL','ESSENTIAL'),('HAS_WEIGHT_AND_MEASURE','DRAFT','HAS_WEIGHT_AND_MEASURE','HAS WEIGHT AND MEASURE'),('NO_BUSINESS_TAX','DRAFT','NO_BUSINESS_TAX','NO BUSINESS TAX');
/*!40000 ALTER TABLE `lobattribute` ENABLE KEYS */;
UNLOCK TABLES;

--
-- Table structure for table `lobclassification`
--

DROP TABLE IF EXISTS `lobclassification`;
/*!40101 SET @saved_cs_client     = @@character_set_client */;
/*!40101 SET character_set_client = utf8 */;
CREATE TABLE `lobclassification` (
  `objid` varchar(50) NOT NULL,
  `state` varchar(10) NOT NULL,
  `name` varchar(100) NOT NULL,
  `remarks` varchar(100) DEFAULT NULL,
  PRIMARY KEY (`objid`),
  KEY `ix_name` (`name`)
) ENGINE=InnoDB DEFAULT CHARSET=utf8;
/*!40101 SET character_set_client = @saved_cs_client */;

--
-- Dumping data for table `lobclassification`
--

LOCK TABLES `lobclassification` WRITE;
/*!40000 ALTER TABLE `lobclassification` DISABLE KEYS */;
INSERT INTO `lobclassification` VALUES ('AMUSEMENT','APPROVED','AMUSEMENT',NULL),('CONTRACTOR','APPROVED','CONTRACTOR',NULL),('FINANCIAL','APPROVED','FINANCIAL',NULL),('MANUFACTURER','APPROVED','MANUFACTURER',NULL),('OTHER','APPROVED','OTHER',NULL),('RETAILER','APPROVED','RETAILER',NULL),('SERVICE','APPROVED','SERVICE',NULL),('WHOLESALER','APPROVED','WHOLESALER',NULL);
/*!40000 ALTER TABLE `lobclassification` ENABLE KEYS */;
UNLOCK TABLES;

--
-- Table structure for table `machassesslevel`
--

DROP TABLE IF EXISTS `machassesslevel`;
/*!40101 SET @saved_cs_client     = @@character_set_client */;
/*!40101 SET character_set_client = utf8 */;
CREATE TABLE `machassesslevel` (
  `objid` varchar(50) NOT NULL,
  `machrysettingid` varchar(50) NOT NULL,
  `classification_objid` varchar(50) DEFAULT NULL,
  `code` varchar(10) NOT NULL,
  `name` varchar(50) NOT NULL,
  `fixrate` int(11) NOT NULL,
  `rate` decimal(10,2) NOT NULL,
  `previd` varchar(50) DEFAULT NULL,
  PRIMARY KEY (`objid`),
  KEY `machrysettingid` (`machrysettingid`),
  KEY `FK_machassesslevel_propertyclassification` (`classification_objid`),
  KEY `ix_machassesslevel_previd` (`previd`),
  KEY `ix_previd` (`previd`),
  CONSTRAINT `machassesslevel_ibfk_1` FOREIGN KEY (`machrysettingid`) REFERENCES `machrysetting` (`objid`),
  CONSTRAINT `machassesslevel_ibfk_2` FOREIGN KEY (`classification_objid`) REFERENCES `propertyclassification` (`objid`)
) ENGINE=InnoDB DEFAULT CHARSET=utf8;
/*!40101 SET character_set_client = @saved_cs_client */;

--
-- Dumping data for table `machassesslevel`
--

LOCK TABLES `machassesslevel` WRITE;
/*!40000 ALTER TABLE `machassesslevel` DISABLE KEYS */;
/*!40000 ALTER TABLE `machassesslevel` ENABLE KEYS */;
UNLOCK TABLES;

--
-- Table structure for table `machassesslevelrange`
--

DROP TABLE IF EXISTS `machassesslevelrange`;
/*!40101 SET @saved_cs_client     = @@character_set_client */;
/*!40101 SET character_set_client = utf8 */;
CREATE TABLE `machassesslevelrange` (
  `objid` varchar(50) NOT NULL,
  `machassesslevelid` varchar(50) NOT NULL,
  `machrysettingid` varchar(50) NOT NULL,
  `mvfrom` decimal(16,2) NOT NULL,
  `mvto` decimal(16,2) NOT NULL,
  `rate` decimal(16,2) NOT NULL,
  PRIMARY KEY (`objid`),
  KEY `machrysettingid` (`machrysettingid`),
  KEY `FK_machassesslevelrange_machassesslevel` (`machassesslevelid`),
  CONSTRAINT `machassesslevelrange_ibfk_1` FOREIGN KEY (`machassesslevelid`) REFERENCES `machassesslevel` (`objid`),
  CONSTRAINT `machassesslevelrange_ibfk_2` FOREIGN KEY (`machrysettingid`) REFERENCES `machrysetting` (`objid`)
) ENGINE=InnoDB DEFAULT CHARSET=utf8;
/*!40101 SET character_set_client = @saved_cs_client */;

--
-- Dumping data for table `machassesslevelrange`
--

LOCK TABLES `machassesslevelrange` WRITE;
/*!40000 ALTER TABLE `machassesslevelrange` DISABLE KEYS */;
/*!40000 ALTER TABLE `machassesslevelrange` ENABLE KEYS */;
UNLOCK TABLES;

--
-- Table structure for table `machdetail`
--

DROP TABLE IF EXISTS `machdetail`;
/*!40101 SET @saved_cs_client     = @@character_set_client */;
/*!40101 SET character_set_client = utf8 */;
CREATE TABLE `machdetail` (
  `objid` varchar(50) NOT NULL,
  `machuseid` varchar(50) NOT NULL,
  `machrpuid` varchar(50) NOT NULL,
  `machine_objid` varchar(50) NOT NULL,
  `operationyear` int(11) DEFAULT NULL,
  `replacementcost` decimal(16,2) NOT NULL,
  `depreciation` decimal(16,6) DEFAULT NULL,
  `depreciationvalue` decimal(16,2) NOT NULL,
  `basemarketvalue` decimal(16,2) NOT NULL,
  `marketvalue` decimal(16,2) NOT NULL,
  `assesslevel` decimal(16,2) NOT NULL,
  `assessedvalue` decimal(16,2) NOT NULL,
  `brand` varchar(50) DEFAULT NULL,
  `capacity` varchar(50) DEFAULT NULL,
  `model` varchar(50) DEFAULT NULL,
  `serialno` varchar(50) DEFAULT NULL,
  `status` varchar(50) DEFAULT NULL,
  `yearacquired` int(11) DEFAULT NULL,
  `estimatedlife` int(11) DEFAULT NULL,
  `remaininglife` int(11) DEFAULT NULL,
  `yearinstalled` int(11) DEFAULT NULL,
  `yearsused` int(11) DEFAULT NULL,
  `originalcost` decimal(16,2) NOT NULL,
  `freightcost` decimal(16,2) NOT NULL,
  `insurancecost` decimal(16,2) NOT NULL,
  `installationcost` decimal(16,2) NOT NULL,
  `brokeragecost` decimal(16,2) NOT NULL,
  `arrastrecost` decimal(16,2) NOT NULL,
  `othercost` decimal(16,2) NOT NULL,
  `acquisitioncost` decimal(16,2) NOT NULL,
  `feracid` varchar(50) DEFAULT NULL,
  `ferac` decimal(16,2) DEFAULT NULL,
  `forexid` varchar(50) DEFAULT NULL,
  `forex` decimal(16,4) DEFAULT NULL,
  `residualrate` decimal(16,2) NOT NULL,
  `conversionfactor` decimal(16,2) NOT NULL,
  `swornamount` decimal(16,2) NOT NULL,
  `useswornamount` int(11) NOT NULL,
  `imported` int(11) NOT NULL,
  `newlyinstalled` int(11) NOT NULL,
  `autodepreciate` int(11) NOT NULL,
  `taxable` int(11) DEFAULT NULL,
  `smvid` varchar(50) DEFAULT NULL,
  `params` text,
  PRIMARY KEY (`objid`),
  KEY `FK_machdetail_machforex` (`feracid`),
  KEY `FK_machdetail_machforexid` (`forexid`),
  KEY `FK_machdetail_machine` (`machine_objid`),
  KEY `FK_machdetail_machrpu` (`machrpuid`),
  KEY `FK_machdetail_machuse` (`machuseid`),
  KEY `ix_smvid` (`smvid`),
  CONSTRAINT `fk_machdetail_machine_smv` FOREIGN KEY (`smvid`) REFERENCES `machine_smv` (`objid`),
  CONSTRAINT `machdetail_ibfk_1` FOREIGN KEY (`feracid`) REFERENCES `machforex` (`objid`),
  CONSTRAINT `machdetail_ibfk_2` FOREIGN KEY (`forexid`) REFERENCES `machforex` (`objid`),
  CONSTRAINT `machdetail_ibfk_3` FOREIGN KEY (`machine_objid`) REFERENCES `machine` (`objid`),
  CONSTRAINT `machdetail_ibfk_4` FOREIGN KEY (`machrpuid`) REFERENCES `machrpu` (`objid`),
  CONSTRAINT `machdetail_ibfk_5` FOREIGN KEY (`machuseid`) REFERENCES `machuse` (`objid`)
) ENGINE=InnoDB DEFAULT CHARSET=utf8;
/*!40101 SET character_set_client = @saved_cs_client */;

--
-- Dumping data for table `machdetail`
--

LOCK TABLES `machdetail` WRITE;
/*!40000 ALTER TABLE `machdetail` DISABLE KEYS */;
/*!40000 ALTER TABLE `machdetail` ENABLE KEYS */;
UNLOCK TABLES;

--
-- Table structure for table `machforex`
--

DROP TABLE IF EXISTS `machforex`;
/*!40101 SET @saved_cs_client     = @@character_set_client */;
/*!40101 SET character_set_client = utf8 */;
CREATE TABLE `machforex` (
  `objid` varchar(50) NOT NULL,
  `machrysettingid` varchar(50) NOT NULL,
  `year` int(11) NOT NULL,
  `forex` decimal(10,6) NOT NULL,
  `previd` varchar(50) DEFAULT NULL,
  PRIMARY KEY (`objid`),
  KEY `machrysettingid` (`machrysettingid`),
  KEY `ix_machforex_previd` (`previd`),
  KEY `ix_previd` (`previd`),
  CONSTRAINT `machforex_ibfk_1` FOREIGN KEY (`machrysettingid`) REFERENCES `machrysetting` (`objid`)
) ENGINE=InnoDB DEFAULT CHARSET=utf8;
/*!40101 SET character_set_client = @saved_cs_client */;

--
-- Dumping data for table `machforex`
--

LOCK TABLES `machforex` WRITE;
/*!40000 ALTER TABLE `machforex` DISABLE KEYS */;
/*!40000 ALTER TABLE `machforex` ENABLE KEYS */;
UNLOCK TABLES;

--
-- Table structure for table `machine`
--

DROP TABLE IF EXISTS `machine`;
/*!40101 SET @saved_cs_client     = @@character_set_client */;
/*!40101 SET character_set_client = utf8 */;
CREATE TABLE `machine` (
  `objid` varchar(50) NOT NULL,
  `state` varchar(10) NOT NULL,
  `code` varchar(50) NOT NULL,
  `name` varchar(250) NOT NULL,
  PRIMARY KEY (`objid`),
  UNIQUE KEY `ux_machine_code` (`code`),
  UNIQUE KEY `ux_machine_name` (`name`),
  KEY `ix_machine_state` (`state`)
) ENGINE=InnoDB DEFAULT CHARSET=utf8;
/*!40101 SET character_set_client = @saved_cs_client */;

--
-- Dumping data for table `machine`
--

LOCK TABLES `machine` WRITE;
/*!40000 ALTER TABLE `machine` DISABLE KEYS */;
/*!40000 ALTER TABLE `machine` ENABLE KEYS */;
UNLOCK TABLES;

--
-- Table structure for table `machine_smv`
--

DROP TABLE IF EXISTS `machine_smv`;
/*!40101 SET @saved_cs_client     = @@character_set_client */;
/*!40101 SET character_set_client = utf8 */;
CREATE TABLE `machine_smv` (
  `objid` varchar(50) NOT NULL,
  `parent_objid` varchar(50) NOT NULL,
  `machine_objid` varchar(50) NOT NULL,
  `expr` varchar(255) NOT NULL,
  `previd` varchar(50) DEFAULT NULL,
  PRIMARY KEY (`objid`),
  KEY `ix_parent_objid` (`parent_objid`) USING BTREE,
  KEY `ix_machine_objid` (`machine_objid`) USING BTREE,
  KEY `ix_previd` (`previd`) USING BTREE,
  CONSTRAINT `fk_machinesmv_machine` FOREIGN KEY (`machine_objid`) REFERENCES `machine` (`objid`),
  CONSTRAINT `fk_machinesmv_machinesmv` FOREIGN KEY (`previd`) REFERENCES `machine_smv` (`objid`),
  CONSTRAINT `fk_machinesmv_machrysetting` FOREIGN KEY (`parent_objid`) REFERENCES `machrysetting` (`objid`),
  CONSTRAINT `machine_smv_ibfk_1` FOREIGN KEY (`machine_objid`) REFERENCES `machine` (`objid`),
  CONSTRAINT `machine_smv_ibfk_2` FOREIGN KEY (`previd`) REFERENCES `machine_smv` (`objid`),
  CONSTRAINT `machine_smv_ibfk_3` FOREIGN KEY (`parent_objid`) REFERENCES `machrysetting` (`objid`)
) ENGINE=InnoDB DEFAULT CHARSET=utf8;
/*!40101 SET character_set_client = @saved_cs_client */;

--
-- Dumping data for table `machine_smv`
--

LOCK TABLES `machine_smv` WRITE;
/*!40000 ALTER TABLE `machine_smv` DISABLE KEYS */;
/*!40000 ALTER TABLE `machine_smv` ENABLE KEYS */;
UNLOCK TABLES;

--
-- Table structure for table `machrpu`
--

DROP TABLE IF EXISTS `machrpu`;
/*!40101 SET @saved_cs_client     = @@character_set_client */;
/*!40101 SET character_set_client = utf8 */;
CREATE TABLE `machrpu` (
  `objid` varchar(50) NOT NULL,
  `landrpuid` varchar(50) DEFAULT NULL,
  `bldgmaster_objid` varchar(50) DEFAULT NULL,
  `smvid` varchar(50) DEFAULT NULL,
  `params` text,
  PRIMARY KEY (`objid`),
  KEY `FK_machrpu_landrpu` (`landrpuid`),
  CONSTRAINT `machrpu_ibfk_1` FOREIGN KEY (`landrpuid`) REFERENCES `landrpu` (`objid`),
  CONSTRAINT `machrpu_ibfk_2` FOREIGN KEY (`objid`) REFERENCES `rpu` (`objid`)
) ENGINE=InnoDB DEFAULT CHARSET=utf8;
/*!40101 SET character_set_client = @saved_cs_client */;

--
-- Dumping data for table `machrpu`
--

LOCK TABLES `machrpu` WRITE;
/*!40000 ALTER TABLE `machrpu` DISABLE KEYS */;
/*!40000 ALTER TABLE `machrpu` ENABLE KEYS */;
UNLOCK TABLES;

--
-- Table structure for table `machrysetting`
--

DROP TABLE IF EXISTS `machrysetting`;
/*!40101 SET @saved_cs_client     = @@character_set_client */;
/*!40101 SET character_set_client = utf8 */;
CREATE TABLE `machrysetting` (
  `objid` varchar(50) NOT NULL,
  `state` varchar(15) NOT NULL,
  `ry` int(11) NOT NULL,
  `previd` varchar(50) DEFAULT NULL,
  `appliedto` longtext,
  `residualrate` decimal(10,2) DEFAULT NULL,
  `remarks` varchar(200) DEFAULT NULL,
  `ordinanceno` varchar(25) DEFAULT NULL,
  `ordinancedate` date DEFAULT NULL,
  PRIMARY KEY (`objid`)
) ENGINE=InnoDB DEFAULT CHARSET=utf8;
/*!40101 SET character_set_client = @saved_cs_client */;

--
-- Dumping data for table `machrysetting`
--

LOCK TABLES `machrysetting` WRITE;
/*!40000 ALTER TABLE `machrysetting` DISABLE KEYS */;
/*!40000 ALTER TABLE `machrysetting` ENABLE KEYS */;
UNLOCK TABLES;

--
-- Table structure for table `machuse`
--

DROP TABLE IF EXISTS `machuse`;
/*!40101 SET @saved_cs_client     = @@character_set_client */;
/*!40101 SET character_set_client = utf8 */;
CREATE TABLE `machuse` (
  `objid` varchar(50) NOT NULL,
  `machrpuid` varchar(50) NOT NULL,
  `actualuse_objid` varchar(50) NOT NULL,
  `basemarketvalue` decimal(16,2) NOT NULL,
  `marketvalue` decimal(16,2) NOT NULL,
  `assesslevel` decimal(16,2) NOT NULL,
  `assessedvalue` decimal(16,2) NOT NULL,
  PRIMARY KEY (`objid`),
  KEY `FK_machuse_machassesslevel` (`actualuse_objid`),
  KEY `FK_machuse_machrpu` (`machrpuid`),
  CONSTRAINT `machuse_ibfk_1` FOREIGN KEY (`actualuse_objid`) REFERENCES `machassesslevel` (`objid`),
  CONSTRAINT `machuse_ibfk_2` FOREIGN KEY (`machrpuid`) REFERENCES `machrpu` (`objid`)
) ENGINE=InnoDB DEFAULT CHARSET=utf8;
/*!40101 SET character_set_client = @saved_cs_client */;

--
-- Dumping data for table `machuse`
--

LOCK TABLES `machuse` WRITE;
/*!40000 ALTER TABLE `machuse` DISABLE KEYS */;
/*!40000 ALTER TABLE `machuse` ENABLE KEYS */;
UNLOCK TABLES;

--
-- Table structure for table `material`
--

DROP TABLE IF EXISTS `material`;
/*!40101 SET @saved_cs_client     = @@character_set_client */;
/*!40101 SET character_set_client = utf8 */;
CREATE TABLE `material` (
  `objid` varchar(50) NOT NULL,
  `state` varchar(10) NOT NULL,
  `code` varchar(20) NOT NULL,
  `name` varchar(100) NOT NULL,
  PRIMARY KEY (`objid`),
  UNIQUE KEY `ux_material_code` (`code`),
  UNIQUE KEY `ux_material_name` (`name`),
  KEY `ix_material_state` (`state`)
) ENGINE=InnoDB DEFAULT CHARSET=utf8;
/*!40101 SET character_set_client = @saved_cs_client */;

--
-- Dumping data for table `material`
--

LOCK TABLES `material` WRITE;
/*!40000 ALTER TABLE `material` DISABLE KEYS */;
/*!40000 ALTER TABLE `material` ENABLE KEYS */;
UNLOCK TABLES;

--
-- Table structure for table `mcsettlement`
--

DROP TABLE IF EXISTS `mcsettlement`;
/*!40101 SET @saved_cs_client     = @@character_set_client */;
/*!40101 SET character_set_client = utf8 */;
CREATE TABLE `mcsettlement` (
  `objid` varchar(50) NOT NULL,
  `state` varchar(25) DEFAULT NULL,
  `txnno` varchar(25) DEFAULT NULL,
  `effectivityyear` int(11) NOT NULL,
  `effectivityqtr` int(11) NOT NULL,
  `memoranda` text,
  `prevfaas_objid` varchar(50) DEFAULT NULL,
  `newfaas_objid` varchar(50) DEFAULT NULL,
  `newtdno` varchar(25) DEFAULT NULL,
  `signatories` text NOT NULL,
  `lgutype` varchar(25) NOT NULL,
  `lguid` varchar(50) NOT NULL,
  PRIMARY KEY (`objid`),
  KEY `newfaas_objid` (`newfaas_objid`),
  KEY `prevfaas_objid` (`prevfaas_objid`),
  KEY `ix_mcsettlement_state` (`state`),
  KEY `ix_mcsettlement_txnno` (`txnno`),
  CONSTRAINT `mcsettlement_ibfk_1` FOREIGN KEY (`newfaas_objid`) REFERENCES `faas` (`objid`),
  CONSTRAINT `mcsettlement_ibfk_2` FOREIGN KEY (`prevfaas_objid`) REFERENCES `faas` (`objid`)
) ENGINE=InnoDB DEFAULT CHARSET=utf8;
/*!40101 SET character_set_client = @saved_cs_client */;

--
-- Dumping data for table `mcsettlement`
--

LOCK TABLES `mcsettlement` WRITE;
/*!40000 ALTER TABLE `mcsettlement` DISABLE KEYS */;
/*!40000 ALTER TABLE `mcsettlement` ENABLE KEYS */;
UNLOCK TABLES;

--
-- Table structure for table `mcsettlement_affectedrpu`
--

DROP TABLE IF EXISTS `mcsettlement_affectedrpu`;
/*!40101 SET @saved_cs_client     = @@character_set_client */;
/*!40101 SET character_set_client = utf8 */;
CREATE TABLE `mcsettlement_affectedrpu` (
  `objid` varchar(50) NOT NULL,
  `mcsettlementid` varchar(50) NOT NULL,
  `rputype` varchar(15) NOT NULL,
  `prevfaas_objid` varchar(50) NOT NULL,
  `newfaas_objid` varchar(50) DEFAULT NULL,
  `newtdno` varchar(50) DEFAULT NULL,
  PRIMARY KEY (`objid`),
  KEY `ix_mcaffectedrpu_mcid` (`mcsettlementid`),
  KEY `ix_mcaffectedrpu_newfaas_objid` (`newfaas_objid`),
  KEY `ix_mcaffectedrpu_prevfaas_objid` (`prevfaas_objid`),
  CONSTRAINT `mcsettlement_affectedrpu_ibfk_1` FOREIGN KEY (`mcsettlementid`) REFERENCES `mcsettlement` (`objid`),
  CONSTRAINT `mcsettlement_affectedrpu_ibfk_2` FOREIGN KEY (`newfaas_objid`) REFERENCES `faas` (`objid`),
  CONSTRAINT `mcsettlement_affectedrpu_ibfk_3` FOREIGN KEY (`prevfaas_objid`) REFERENCES `faas` (`objid`)
) ENGINE=InnoDB DEFAULT CHARSET=utf8;
/*!40101 SET character_set_client = @saved_cs_client */;

--
-- Dumping data for table `mcsettlement_affectedrpu`
--

LOCK TABLES `mcsettlement_affectedrpu` WRITE;
/*!40000 ALTER TABLE `mcsettlement_affectedrpu` DISABLE KEYS */;
/*!40000 ALTER TABLE `mcsettlement_affectedrpu` ENABLE KEYS */;
UNLOCK TABLES;

--
-- Table structure for table `mcsettlement_otherclaim`
--

DROP TABLE IF EXISTS `mcsettlement_otherclaim`;
/*!40101 SET @saved_cs_client     = @@character_set_client */;
/*!40101 SET character_set_client = utf8 */;
CREATE TABLE `mcsettlement_otherclaim` (
  `objid` varchar(50) NOT NULL,
  `mcsettlementid` varchar(50) NOT NULL,
  `faas_objid` varchar(50) NOT NULL,
  PRIMARY KEY (`objid`),
  KEY `ix_mcotherclaim_faas_objid` (`faas_objid`),
  KEY `ix_mcotherclaim_mcid` (`mcsettlementid`),
  CONSTRAINT `mcsettlement_otherclaim_ibfk_1` FOREIGN KEY (`faas_objid`) REFERENCES `faas` (`objid`),
  CONSTRAINT `mcsettlement_otherclaim_ibfk_2` FOREIGN KEY (`mcsettlementid`) REFERENCES `mcsettlement` (`objid`)
) ENGINE=InnoDB DEFAULT CHARSET=utf8;
/*!40101 SET character_set_client = @saved_cs_client */;

--
-- Dumping data for table `mcsettlement_otherclaim`
--

LOCK TABLES `mcsettlement_otherclaim` WRITE;
/*!40000 ALTER TABLE `mcsettlement_otherclaim` DISABLE KEYS */;
/*!40000 ALTER TABLE `mcsettlement_otherclaim` ENABLE KEYS */;
UNLOCK TABLES;

--
-- Table structure for table `memoranda_template`
--

DROP TABLE IF EXISTS `memoranda_template`;
/*!40101 SET @saved_cs_client     = @@character_set_client */;
/*!40101 SET character_set_client = utf8 */;
CREATE TABLE `memoranda_template` (
  `objid` varchar(50) NOT NULL,
  `code` varchar(25) NOT NULL,
  `template` varchar(500) NOT NULL,
  `fields` text,
  PRIMARY KEY (`objid`)
) ENGINE=InnoDB DEFAULT CHARSET=utf8;
/*!40101 SET character_set_client = @saved_cs_client */;

--
-- Dumping data for table `memoranda_template`
--

LOCK TABLES `memoranda_template` WRITE;
/*!40000 ALTER TABLE `memoranda_template` DISABLE KEYS */;
/*!40000 ALTER TABLE `memoranda_template` ENABLE KEYS */;
UNLOCK TABLES;

--
-- Table structure for table `miscassesslevel`
--

DROP TABLE IF EXISTS `miscassesslevel`;
/*!40101 SET @saved_cs_client     = @@character_set_client */;
/*!40101 SET character_set_client = utf8 */;
CREATE TABLE `miscassesslevel` (
  `objid` varchar(50) NOT NULL,
  `miscrysettingid` varchar(50) NOT NULL,
  `classification_objid` varchar(50) DEFAULT NULL,
  `code` varchar(25) DEFAULT NULL,
  `name` varchar(50) NOT NULL,
  `fixrate` int(11) NOT NULL,
  `rate` decimal(10,2) NOT NULL,
  `previd` varchar(50) DEFAULT NULL,
  PRIMARY KEY (`objid`),
  KEY `miscrysettingid` (`miscrysettingid`),
  KEY `FK_miscassesslevel_classification` (`classification_objid`),
  KEY `ix_miscassesslevel_previd` (`previd`),
  KEY `ix_previd` (`previd`),
  CONSTRAINT `miscassesslevel_ibfk_1` FOREIGN KEY (`classification_objid`) REFERENCES `propertyclassification` (`objid`),
  CONSTRAINT `miscassesslevel_ibfk_2` FOREIGN KEY (`miscrysettingid`) REFERENCES `miscrysetting` (`objid`)
) ENGINE=InnoDB DEFAULT CHARSET=utf8;
/*!40101 SET character_set_client = @saved_cs_client */;

--
-- Dumping data for table `miscassesslevel`
--

LOCK TABLES `miscassesslevel` WRITE;
/*!40000 ALTER TABLE `miscassesslevel` DISABLE KEYS */;
/*!40000 ALTER TABLE `miscassesslevel` ENABLE KEYS */;
UNLOCK TABLES;

--
-- Table structure for table `miscassesslevelrange`
--

DROP TABLE IF EXISTS `miscassesslevelrange`;
/*!40101 SET @saved_cs_client     = @@character_set_client */;
/*!40101 SET character_set_client = utf8 */;
CREATE TABLE `miscassesslevelrange` (
  `objid` varchar(50) NOT NULL,
  `miscassesslevelid` varchar(50) NOT NULL,
  `miscrysettingid` varchar(50) NOT NULL,
  `mvfrom` decimal(16,2) NOT NULL,
  `mvto` decimal(16,2) NOT NULL,
  `rate` decimal(16,2) NOT NULL,
  PRIMARY KEY (`objid`),
  KEY `FK_miscassesslevelrange_miscassesslevel` (`miscassesslevelid`),
  KEY `FK_miscassesslevelrange_miscrysetting` (`miscrysettingid`),
  CONSTRAINT `miscassesslevelrange_ibfk_1` FOREIGN KEY (`miscassesslevelid`) REFERENCES `miscassesslevel` (`objid`),
  CONSTRAINT `miscassesslevelrange_ibfk_2` FOREIGN KEY (`miscrysettingid`) REFERENCES `miscrysetting` (`objid`)
) ENGINE=InnoDB DEFAULT CHARSET=utf8;
/*!40101 SET character_set_client = @saved_cs_client */;

--
-- Dumping data for table `miscassesslevelrange`
--

LOCK TABLES `miscassesslevelrange` WRITE;
/*!40000 ALTER TABLE `miscassesslevelrange` DISABLE KEYS */;
/*!40000 ALTER TABLE `miscassesslevelrange` ENABLE KEYS */;
UNLOCK TABLES;

--
-- Table structure for table `misccollectiontype`
--

DROP TABLE IF EXISTS `misccollectiontype`;
/*!40101 SET @saved_cs_client     = @@character_set_client */;
/*!40101 SET character_set_client = utf8 */;
CREATE TABLE `misccollectiontype` (
  `objid` varchar(50) NOT NULL,
  `fund_objid` varchar(50) DEFAULT NULL,
  PRIMARY KEY (`objid`)
) ENGINE=InnoDB DEFAULT CHARSET=utf8;
/*!40101 SET character_set_client = @saved_cs_client */;

--
-- Dumping data for table `misccollectiontype`
--

LOCK TABLES `misccollectiontype` WRITE;
/*!40000 ALTER TABLE `misccollectiontype` DISABLE KEYS */;
/*!40000 ALTER TABLE `misccollectiontype` ENABLE KEYS */;
UNLOCK TABLES;

--
-- Table structure for table `miscitem`
--

DROP TABLE IF EXISTS `miscitem`;
/*!40101 SET @saved_cs_client     = @@character_set_client */;
/*!40101 SET character_set_client = utf8 */;
CREATE TABLE `miscitem` (
  `objid` varchar(50) NOT NULL,
  `state` varchar(10) NOT NULL,
  `code` varchar(20) NOT NULL,
  `name` varchar(100) NOT NULL,
  PRIMARY KEY (`objid`),
  UNIQUE KEY `ux_miscitem_code` (`code`),
  UNIQUE KEY `ux_miscitem_name` (`name`),
  KEY `ix_miscitem_state` (`state`)
) ENGINE=InnoDB DEFAULT CHARSET=utf8;
/*!40101 SET character_set_client = @saved_cs_client */;

--
-- Dumping data for table `miscitem`
--

LOCK TABLES `miscitem` WRITE;
/*!40000 ALTER TABLE `miscitem` DISABLE KEYS */;
/*!40000 ALTER TABLE `miscitem` ENABLE KEYS */;
UNLOCK TABLES;

--
-- Table structure for table `miscitemvalue`
--

DROP TABLE IF EXISTS `miscitemvalue`;
/*!40101 SET @saved_cs_client     = @@character_set_client */;
/*!40101 SET character_set_client = utf8 */;
CREATE TABLE `miscitemvalue` (
  `objid` varchar(50) NOT NULL,
  `miscrysettingid` varchar(50) NOT NULL,
  `miscitem_objid` varchar(50) NOT NULL,
  `expr` varchar(100) NOT NULL,
  `previd` varchar(50) DEFAULT NULL,
  PRIMARY KEY (`objid`),
  KEY `miscrysettingid` (`miscrysettingid`),
  KEY `FK_miscitemvalue_miscitem` (`miscitem_objid`),
  KEY `ix_miscitemvalue_previd` (`previd`),
  KEY `ix_previd` (`previd`),
  CONSTRAINT `miscitemvalue_ibfk_1` FOREIGN KEY (`miscitem_objid`) REFERENCES `miscitem` (`objid`),
  CONSTRAINT `miscitemvalue_ibfk_2` FOREIGN KEY (`miscrysettingid`) REFERENCES `miscrysetting` (`objid`)
) ENGINE=InnoDB DEFAULT CHARSET=utf8;
/*!40101 SET character_set_client = @saved_cs_client */;

--
-- Dumping data for table `miscitemvalue`
--

LOCK TABLES `miscitemvalue` WRITE;
/*!40000 ALTER TABLE `miscitemvalue` DISABLE KEYS */;
/*!40000 ALTER TABLE `miscitemvalue` ENABLE KEYS */;
UNLOCK TABLES;

--
-- Table structure for table `miscrpu`
--

DROP TABLE IF EXISTS `miscrpu`;
/*!40101 SET @saved_cs_client     = @@character_set_client */;
/*!40101 SET character_set_client = utf8 */;
CREATE TABLE `miscrpu` (
  `objid` varchar(50) NOT NULL,
  `actualuse_objid` varchar(50) DEFAULT NULL,
  `landrpuid` varchar(50) DEFAULT NULL,
  PRIMARY KEY (`objid`),
  KEY `FK_miscrpu_miscassesslevel` (`actualuse_objid`),
  CONSTRAINT `miscrpu_ibfk_1` FOREIGN KEY (`actualuse_objid`) REFERENCES `miscassesslevel` (`objid`),
  CONSTRAINT `miscrpu_ibfk_2` FOREIGN KEY (`objid`) REFERENCES `rpu` (`objid`)
) ENGINE=InnoDB DEFAULT CHARSET=utf8;
/*!40101 SET character_set_client = @saved_cs_client */;

--
-- Dumping data for table `miscrpu`
--

LOCK TABLES `miscrpu` WRITE;
/*!40000 ALTER TABLE `miscrpu` DISABLE KEYS */;
/*!40000 ALTER TABLE `miscrpu` ENABLE KEYS */;
UNLOCK TABLES;

--
-- Table structure for table `miscrpuitem`
--

DROP TABLE IF EXISTS `miscrpuitem`;
/*!40101 SET @saved_cs_client     = @@character_set_client */;
/*!40101 SET character_set_client = utf8 */;
CREATE TABLE `miscrpuitem` (
  `objid` varchar(50) NOT NULL,
  `miscrpuid` varchar(50) NOT NULL,
  `miv_objid` varchar(50) NOT NULL,
  `miscitem_objid` varchar(50) NOT NULL,
  `expr` varchar(255) NOT NULL,
  `depreciation` decimal(16,2) NOT NULL,
  `depreciatedvalue` decimal(16,2) NOT NULL,
  `basemarketvalue` decimal(16,2) NOT NULL,
  `marketvalue` decimal(16,2) NOT NULL,
  `assesslevel` decimal(16,2) NOT NULL,
  `assessedvalue` decimal(16,2) NOT NULL,
  PRIMARY KEY (`objid`),
  KEY `FK_miscrpuitem_miscitem` (`miscitem_objid`),
  KEY `FK_miscrpuitem_miscitemvalue` (`miv_objid`),
  KEY `FK_miscrpuitem_miscrpu` (`miscrpuid`),
  CONSTRAINT `miscrpuitem_ibfk_1` FOREIGN KEY (`miscitem_objid`) REFERENCES `miscitem` (`objid`),
  CONSTRAINT `miscrpuitem_ibfk_2` FOREIGN KEY (`miv_objid`) REFERENCES `miscitemvalue` (`objid`),
  CONSTRAINT `miscrpuitem_ibfk_3` FOREIGN KEY (`miscrpuid`) REFERENCES `miscrpu` (`objid`)
) ENGINE=InnoDB DEFAULT CHARSET=utf8;
/*!40101 SET character_set_client = @saved_cs_client */;

--
-- Dumping data for table `miscrpuitem`
--

LOCK TABLES `miscrpuitem` WRITE;
/*!40000 ALTER TABLE `miscrpuitem` DISABLE KEYS */;
/*!40000 ALTER TABLE `miscrpuitem` ENABLE KEYS */;
UNLOCK TABLES;

--
-- Table structure for table `miscrpuitem_rptparameter`
--

DROP TABLE IF EXISTS `miscrpuitem_rptparameter`;
/*!40101 SET @saved_cs_client     = @@character_set_client */;
/*!40101 SET character_set_client = utf8 */;
CREATE TABLE `miscrpuitem_rptparameter` (
  `miscrpuitemid` varchar(50) NOT NULL,
  `param_objid` varchar(50) NOT NULL,
  `miscrpuid` varchar(50) NOT NULL,
  `intvalue` int(11) DEFAULT NULL,
  `decimalvalue` decimal(16,2) NOT NULL,
  PRIMARY KEY (`miscrpuitemid`,`param_objid`),
  KEY `FK_miscrpuitem_rptparameter_` (`miscrpuid`),
  KEY `FK_miscrpuitem_rptparameter_rptparamer` (`param_objid`),
  CONSTRAINT `miscrpuitem_rptparameter_ibfk_1` FOREIGN KEY (`miscrpuid`) REFERENCES `miscrpu` (`objid`),
  CONSTRAINT `miscrpuitem_rptparameter_ibfk_2` FOREIGN KEY (`miscrpuitemid`) REFERENCES `miscrpuitem` (`objid`),
  CONSTRAINT `miscrpuitem_rptparameter_ibfk_3` FOREIGN KEY (`param_objid`) REFERENCES `rptparameter` (`objid`)
) ENGINE=InnoDB DEFAULT CHARSET=utf8;
/*!40101 SET character_set_client = @saved_cs_client */;

--
-- Dumping data for table `miscrpuitem_rptparameter`
--

LOCK TABLES `miscrpuitem_rptparameter` WRITE;
/*!40000 ALTER TABLE `miscrpuitem_rptparameter` DISABLE KEYS */;
/*!40000 ALTER TABLE `miscrpuitem_rptparameter` ENABLE KEYS */;
UNLOCK TABLES;

--
-- Table structure for table `miscrysetting`
--

DROP TABLE IF EXISTS `miscrysetting`;
/*!40101 SET @saved_cs_client     = @@character_set_client */;
/*!40101 SET character_set_client = utf8 */;
CREATE TABLE `miscrysetting` (
  `objid` varchar(50) NOT NULL,
  `state` varchar(15) NOT NULL,
  `ry` int(11) NOT NULL,
  `previd` varchar(50) DEFAULT NULL,
  `appliedto` longtext,
  `remarks` varchar(200) DEFAULT NULL,
  `ordinanceno` varchar(25) DEFAULT NULL,
  `ordinancedate` date DEFAULT NULL,
  PRIMARY KEY (`objid`),
  KEY `ix_miscrysetting_ry` (`ry`),
  KEY `ix_miscrysetting_state` (`state`)
) ENGINE=InnoDB DEFAULT CHARSET=utf8;
/*!40101 SET character_set_client = @saved_cs_client */;

--
-- Dumping data for table `miscrysetting`
--

LOCK TABLES `miscrysetting` WRITE;
/*!40000 ALTER TABLE `miscrysetting` DISABLE KEYS */;
/*!40000 ALTER TABLE `miscrysetting` ENABLE KEYS */;
UNLOCK TABLES;

--
-- Table structure for table `municipality`
--

DROP TABLE IF EXISTS `municipality`;
/*!40101 SET @saved_cs_client     = @@character_set_client */;
/*!40101 SET character_set_client = utf8 */;
CREATE TABLE `municipality` (
  `objid` varchar(50) NOT NULL,
  `state` varchar(10) DEFAULT NULL,
  `indexno` varchar(15) DEFAULT NULL,
  `pin` varchar(15) DEFAULT NULL,
  `name` varchar(50) DEFAULT NULL,
  `previd` varchar(50) DEFAULT NULL,
  `parentid` varchar(50) DEFAULT NULL,
  `mayor_name` varchar(100) DEFAULT NULL,
  `mayor_title` varchar(50) DEFAULT NULL,
  `mayor_office` varchar(50) DEFAULT NULL,
  `assessor_name` varchar(100) DEFAULT NULL,
  `assessor_title` varchar(50) DEFAULT NULL,
  `assessor_office` varchar(50) DEFAULT NULL,
  `treasurer_name` varchar(100) DEFAULT NULL,
  `treasurer_title` varchar(50) DEFAULT NULL,
  `treasurer_office` varchar(50) DEFAULT NULL,
  `address` varchar(100) DEFAULT NULL,
  `fullname` varchar(50) DEFAULT NULL,
  PRIMARY KEY (`objid`),
  KEY `ix_indexno` (`indexno`),
  KEY `ix_pin` (`pin`),
  KEY `ix_parentid` (`parentid`),
  KEY `ix_previd` (`previd`),
  CONSTRAINT `fk_municipality_org` FOREIGN KEY (`objid`) REFERENCES `sys_org` (`objid`)
) ENGINE=InnoDB DEFAULT CHARSET=utf8;
/*!40101 SET character_set_client = @saved_cs_client */;

--
-- Dumping data for table `municipality`
--

LOCK TABLES `municipality` WRITE;
/*!40000 ALTER TABLE `municipality` DISABLE KEYS */;
/*!40000 ALTER TABLE `municipality` ENABLE KEYS */;
UNLOCK TABLES;

--
-- Table structure for table `municipality_taxaccount_mapping`
--

DROP TABLE IF EXISTS `municipality_taxaccount_mapping`;
/*!40101 SET @saved_cs_client     = @@character_set_client */;
/*!40101 SET character_set_client = utf8 */;
CREATE TABLE `municipality_taxaccount_mapping` (
  `lguid` varchar(50) NOT NULL,
  `basicadvacct_objid` varchar(50) DEFAULT NULL,
  `basicprevacct_objid` varchar(50) DEFAULT NULL,
  `basicprevintacct_objid` varchar(50) DEFAULT NULL,
  `basicprioracct_objid` varchar(50) DEFAULT NULL,
  `basicpriorintacct_objid` varchar(50) DEFAULT NULL,
  `basiccurracct_objid` varchar(50) DEFAULT NULL,
  `basiccurrintacct_objid` varchar(50) DEFAULT NULL,
  `sefadvacct_objid` varchar(50) DEFAULT NULL,
  `sefprevacct_objid` varchar(50) DEFAULT NULL,
  `sefprevintacct_objid` varchar(50) DEFAULT NULL,
  `sefprioracct_objid` varchar(50) DEFAULT NULL,
  `sefpriorintacct_objid` varchar(50) DEFAULT NULL,
  `sefcurracct_objid` varchar(50) DEFAULT NULL,
  `sefcurrintacct_objid` varchar(50) DEFAULT NULL,
  `basicidlecurracct_objid` varchar(50) DEFAULT NULL,
  `basicidlecurrintacct_objid` varchar(50) DEFAULT NULL,
  `basicidleprevacct_objid` varchar(50) DEFAULT NULL,
  `basicidleprevintacct_objid` varchar(50) DEFAULT NULL,
  `basicidleadvacct_objid` varchar(50) DEFAULT NULL,
  PRIMARY KEY (`lguid`)
) ENGINE=InnoDB DEFAULT CHARSET=utf8;
/*!40101 SET character_set_client = @saved_cs_client */;

--
-- Dumping data for table `municipality_taxaccount_mapping`
--

LOCK TABLES `municipality_taxaccount_mapping` WRITE;
/*!40000 ALTER TABLE `municipality_taxaccount_mapping` DISABLE KEYS */;
/*!40000 ALTER TABLE `municipality_taxaccount_mapping` ENABLE KEYS */;
UNLOCK TABLES;

--
-- Table structure for table `ngas_revenue_mapping`
--

DROP TABLE IF EXISTS `ngas_revenue_mapping`;
/*!40101 SET @saved_cs_client     = @@character_set_client */;
/*!40101 SET character_set_client = utf8 */;
CREATE TABLE `ngas_revenue_mapping` (
  `objid` varchar(50) NOT NULL,
  `version` varchar(10) DEFAULT NULL,
  `revenueitemid` varchar(50) DEFAULT NULL,
  `acctid` varchar(50) NOT NULL,
  PRIMARY KEY (`objid`),
  UNIQUE KEY `uix_revenueitem_ngasacctid` (`version`,`revenueitemid`,`acctid`),
  KEY `ix_acctid` (`acctid`),
  KEY `ix_revenueitemid` (`revenueitemid`),
  CONSTRAINT `fk_ngas_revenue_mapping_acctid` FOREIGN KEY (`acctid`) REFERENCES `ngasaccount` (`objid`),
  CONSTRAINT `fk_ngas_revenue_mapping_revenueitemid` FOREIGN KEY (`revenueitemid`) REFERENCES `itemaccount` (`objid`),
  CONSTRAINT `fk_revenue_mapping_ngasaccount` FOREIGN KEY (`acctid`) REFERENCES `ngasaccount` (`objid`),
  CONSTRAINT `fk_revenue_mapping_revenueitemid` FOREIGN KEY (`revenueitemid`) REFERENCES `itemaccount` (`objid`)
) ENGINE=InnoDB DEFAULT CHARSET=utf8;
/*!40101 SET character_set_client = @saved_cs_client */;

--
-- Dumping data for table `ngas_revenue_mapping`
--

LOCK TABLES `ngas_revenue_mapping` WRITE;
/*!40000 ALTER TABLE `ngas_revenue_mapping` DISABLE KEYS */;
/*!40000 ALTER TABLE `ngas_revenue_mapping` ENABLE KEYS */;
UNLOCK TABLES;

--
-- Table structure for table `ngasaccount`
--

DROP TABLE IF EXISTS `ngasaccount`;
/*!40101 SET @saved_cs_client     = @@character_set_client */;
/*!40101 SET character_set_client = utf8 */;
CREATE TABLE `ngasaccount` (
  `objid` varchar(50) NOT NULL,
  `parentid` varchar(50) DEFAULT NULL,
  `state` varchar(10) DEFAULT NULL,
  `chartid` varchar(50) DEFAULT NULL,
  `code` varchar(50) DEFAULT NULL,
  `title` varchar(255) DEFAULT NULL,
  `type` varchar(20) DEFAULT NULL,
  `acctgroup` varchar(50) DEFAULT NULL,
  `target` decimal(12,2) DEFAULT NULL,
  PRIMARY KEY (`objid`),
  KEY `ix_parentid` (`parentid`),
  KEY `ix_chartid` (`chartid`),
  KEY `ix_code` (`code`),
  KEY `ix_title` (`title`),
  CONSTRAINT `fk_ngasaccount_parentid` FOREIGN KEY (`parentid`) REFERENCES `ngasaccount` (`objid`)
) ENGINE=InnoDB DEFAULT CHARSET=utf8;
/*!40101 SET character_set_client = @saved_cs_client */;

--
-- Dumping data for table `ngasaccount`
--

LOCK TABLES `ngasaccount` WRITE;
/*!40000 ALTER TABLE `ngasaccount` DISABLE KEYS */;
/*!40000 ALTER TABLE `ngasaccount` ENABLE KEYS */;
UNLOCK TABLES;

--
-- Table structure for table `online_business_application`
--

DROP TABLE IF EXISTS `online_business_application`;
/*!40101 SET @saved_cs_client     = @@character_set_client */;
/*!40101 SET character_set_client = utf8 */;
CREATE TABLE `online_business_application` (
  `objid` varchar(50) NOT NULL,
  `state` varchar(20) NOT NULL,
  `dtcreated` datetime NOT NULL,
  `createdby_objid` varchar(50) NOT NULL,
  `createdby_name` varchar(100) NOT NULL,
  `controlno` varchar(25) NOT NULL,
  `prevapplicationid` varchar(50) NOT NULL,
  `business_objid` varchar(50) NOT NULL,
  `appyear` int(11) NOT NULL,
  `apptype` varchar(20) NOT NULL,
  `appdate` date NOT NULL,
  `lobs` text NOT NULL,
  `infos` longtext NOT NULL,
  `requirements` longtext NOT NULL,
  `step` int(11) NOT NULL DEFAULT '0',
  `dtapproved` datetime DEFAULT NULL,
  `approvedby_objid` varchar(50) DEFAULT NULL,
  `approvedby_name` varchar(150) DEFAULT NULL,
  `approvedappno` varchar(25) DEFAULT NULL,
  `contact_name` varchar(255) NOT NULL,
  `contact_address` varchar(255) NOT NULL,
  `contact_email` varchar(255) NOT NULL,
  `contact_mobileno` varchar(15) DEFAULT NULL,
  `partnername` varchar(50) NOT NULL,
  PRIMARY KEY (`objid`),
  KEY `ix_state` (`state`),
  KEY `ix_dtcreated` (`dtcreated`),
  KEY `ix_controlno` (`controlno`),
  KEY `ix_prevapplicationid` (`prevapplicationid`),
  KEY `ix_business_objid` (`business_objid`),
  KEY `ix_appyear` (`appyear`),
  KEY `ix_appdate` (`appdate`),
  KEY `ix_dtapproved` (`dtapproved`),
  KEY `ix_approvedby_objid` (`approvedby_objid`),
  KEY `ix_approvedby_name` (`approvedby_name`),
  CONSTRAINT `fk_online_business_application_business_objid` FOREIGN KEY (`business_objid`) REFERENCES `business` (`objid`),
  CONSTRAINT `fk_online_business_application_prevapplicationid` FOREIGN KEY (`prevapplicationid`) REFERENCES `business_application` (`objid`)
) ENGINE=InnoDB DEFAULT CHARSET=utf8;
/*!40101 SET character_set_client = @saved_cs_client */;

--
-- Dumping data for table `online_business_application`
--

LOCK TABLES `online_business_application` WRITE;
/*!40000 ALTER TABLE `online_business_application` DISABLE KEYS */;
/*!40000 ALTER TABLE `online_business_application` ENABLE KEYS */;
UNLOCK TABLES;

--
-- Table structure for table `payable_ledger`
--

DROP TABLE IF EXISTS `payable_ledger`;
/*!40101 SET @saved_cs_client     = @@character_set_client */;
/*!40101 SET character_set_client = utf8 */;
CREATE TABLE `payable_ledger` (
  `objid` varchar(50) NOT NULL,
  `jevid` varchar(150) DEFAULT NULL,
  `refitemacctid` varchar(50) DEFAULT NULL,
  `itemacctid` varchar(50) NOT NULL,
  `dr` decimal(16,4) DEFAULT NULL,
  `cr` decimal(16,4) DEFAULT NULL,
  PRIMARY KEY (`objid`),
  KEY `ix_jevid` (`jevid`),
  KEY `ix_itemacctid` (`itemacctid`),
  KEY `ix_refitemacctid` (`refitemacctid`),
  CONSTRAINT `fk_payable_ledger_jevid` FOREIGN KEY (`jevid`) REFERENCES `jev` (`objid`)
) ENGINE=InnoDB DEFAULT CHARSET=utf8;
/*!40101 SET character_set_client = @saved_cs_client */;

--
-- Dumping data for table `payable_ledger`
--

LOCK TABLES `payable_ledger` WRITE;
/*!40000 ALTER TABLE `payable_ledger` DISABLE KEYS */;
/*!40000 ALTER TABLE `payable_ledger` ENABLE KEYS */;
UNLOCK TABLES;

--
-- Table structure for table `paymentorder`
--

DROP TABLE IF EXISTS `paymentorder`;
/*!40101 SET @saved_cs_client     = @@character_set_client */;
/*!40101 SET character_set_client = utf8 */;
CREATE TABLE `paymentorder` (
  `objid` varchar(50) NOT NULL,
  `txndate` datetime DEFAULT NULL,
  `payer_objid` varchar(50) DEFAULT NULL,
  `payer_name` text,
  `paidby` text,
  `paidbyaddress` varchar(150) DEFAULT NULL,
  `particulars` text,
  `amount` decimal(16,2) DEFAULT NULL,
  `expirydate` date DEFAULT NULL,
  `refid` varchar(50) DEFAULT NULL,
  `refno` varchar(50) DEFAULT NULL,
  `info` text,
  `locationid` varchar(50) DEFAULT NULL,
  `origin` varchar(50) DEFAULT NULL,
  `issuedby_objid` varchar(50) DEFAULT NULL,
  `issuedby_name` varchar(150) DEFAULT NULL,
  `org_objid` varchar(50) DEFAULT NULL,
  `org_name` varchar(255) DEFAULT NULL,
  `items` text,
  `queueid` varchar(50) DEFAULT NULL,
  `paymentordertype_objid` varchar(50) DEFAULT NULL,
  `controlno` varchar(50) DEFAULT NULL,
  PRIMARY KEY (`objid`),
  KEY `ix_txndate` (`txndate`),
  KEY `ix_issuedby_name` (`issuedby_name`),
  KEY `ix_issuedby_objid` (`issuedby_objid`),
  KEY `ix_locationid` (`locationid`),
  KEY `ix_org_name` (`org_name`),
  KEY `ix_org_objid` (`org_objid`),
  KEY `ix_paymentordertype_objid` (`paymentordertype_objid`),
  CONSTRAINT `fk_paymentorder_paymentordertype_objid` FOREIGN KEY (`paymentordertype_objid`) REFERENCES `paymentorder_type` (`objid`)
) ENGINE=InnoDB DEFAULT CHARSET=utf8;
/*!40101 SET character_set_client = @saved_cs_client */;

--
-- Dumping data for table `paymentorder`
--

LOCK TABLES `paymentorder` WRITE;
/*!40000 ALTER TABLE `paymentorder` DISABLE KEYS */;
/*!40000 ALTER TABLE `paymentorder` ENABLE KEYS */;
UNLOCK TABLES;

--
-- Table structure for table `paymentorder_paid`
--

DROP TABLE IF EXISTS `paymentorder_paid`;
/*!40101 SET @saved_cs_client     = @@character_set_client */;
/*!40101 SET character_set_client = utf8 */;
CREATE TABLE `paymentorder_paid` (
  `objid` varchar(50) NOT NULL,
  `txndate` datetime DEFAULT NULL,
  `payer_objid` varchar(50) DEFAULT NULL,
  `payer_name` text,
  `paidby` text,
  `paidbyaddress` varchar(150) DEFAULT NULL,
  `particulars` text,
  `amount` decimal(16,2) DEFAULT NULL,
  `refid` varchar(50) DEFAULT NULL,
  `refno` varchar(50) DEFAULT NULL,
  `info` text,
  `locationid` varchar(50) DEFAULT NULL,
  `origin` varchar(50) DEFAULT NULL,
  `issuedby_objid` varchar(50) DEFAULT NULL,
  `issuedby_name` varchar(150) DEFAULT NULL,
  `org_objid` varchar(50) DEFAULT NULL,
  `org_name` varchar(255) DEFAULT NULL,
  `items` text,
  `paymentordertype_objid` varchar(50) DEFAULT NULL,
  `controlno` varchar(50) DEFAULT NULL,
  PRIMARY KEY (`objid`),
  KEY `ix_txndate` (`txndate`),
  KEY `ix_issuedby_name` (`issuedby_name`),
  KEY `ix_issuedby_objid` (`issuedby_objid`),
  KEY `ix_locationid` (`locationid`),
  KEY `ix_org_name` (`org_name`),
  KEY `ix_org_objid` (`org_objid`),
  KEY `ix_paymentordertype_objid` (`paymentordertype_objid`),
  CONSTRAINT `fk_paymentorder_paid_paymentordertype_objid` FOREIGN KEY (`paymentordertype_objid`) REFERENCES `paymentorder_type` (`objid`)
) ENGINE=InnoDB DEFAULT CHARSET=utf8;
/*!40101 SET character_set_client = @saved_cs_client */;

--
-- Dumping data for table `paymentorder_paid`
--

LOCK TABLES `paymentorder_paid` WRITE;
/*!40000 ALTER TABLE `paymentorder_paid` DISABLE KEYS */;
/*!40000 ALTER TABLE `paymentorder_paid` ENABLE KEYS */;
UNLOCK TABLES;

--
-- Table structure for table `paymentorder_type`
--

DROP TABLE IF EXISTS `paymentorder_type`;
/*!40101 SET @saved_cs_client     = @@character_set_client */;
/*!40101 SET character_set_client = utf8 */;
CREATE TABLE `paymentorder_type` (
  `objid` varchar(50) NOT NULL,
  `title` varchar(150) DEFAULT NULL,
  `collectiontype_objid` varchar(50) DEFAULT NULL,
  `queuesection` varchar(50) DEFAULT NULL,
  `system` int(11) DEFAULT NULL,
  PRIMARY KEY (`objid`),
  KEY `fk_paymentorder_type_collectiontype` (`collectiontype_objid`),
  CONSTRAINT `paymentorder_type_ibfk_1` FOREIGN KEY (`collectiontype_objid`) REFERENCES `collectiontype` (`objid`)
) ENGINE=InnoDB DEFAULT CHARSET=utf8;
/*!40101 SET character_set_client = @saved_cs_client */;

--
-- Dumping data for table `paymentorder_type`
--

LOCK TABLES `paymentorder_type` WRITE;
/*!40000 ALTER TABLE `paymentorder_type` DISABLE KEYS */;
/*!40000 ALTER TABLE `paymentorder_type` ENABLE KEYS */;
UNLOCK TABLES;

--
-- Table structure for table `paymentorderitem`
--

DROP TABLE IF EXISTS `paymentorderitem`;
/*!40101 SET @saved_cs_client     = @@character_set_client */;
/*!40101 SET character_set_client = utf8 */;
CREATE TABLE `paymentorderitem` (
  `objid` varchar(50) NOT NULL,
  `parentid` varchar(50) NOT NULL,
  `item_objid` varchar(50) NOT NULL,
  `item_code` varchar(50) NOT NULL,
  `item_title` varchar(255) NOT NULL,
  `amount` decimal(16,2) DEFAULT NULL,
  `remarks` varchar(255) DEFAULT NULL,
  PRIMARY KEY (`objid`),
  KEY `ix_parentid` (`parentid`),
  KEY `ix_item_objid` (`item_objid`),
  KEY `ix_item_title` (`item_title`)
) ENGINE=InnoDB DEFAULT CHARSET=utf8;
/*!40101 SET character_set_client = @saved_cs_client */;

--
-- Dumping data for table `paymentorderitem`
--

LOCK TABLES `paymentorderitem` WRITE;
/*!40000 ALTER TABLE `paymentorderitem` DISABLE KEYS */;
/*!40000 ALTER TABLE `paymentorderitem` ENABLE KEYS */;
UNLOCK TABLES;

--
-- Table structure for table `paymentordertype`
--

DROP TABLE IF EXISTS `paymentordertype`;
/*!40101 SET @saved_cs_client     = @@character_set_client */;
/*!40101 SET character_set_client = utf8 */;
CREATE TABLE `paymentordertype` (
  `objid` varchar(50) NOT NULL,
  `title` varchar(255) NOT NULL,
  `handler` varchar(50) DEFAULT NULL,
  `sortorder` int(11) DEFAULT NULL,
  PRIMARY KEY (`objid`),
  KEY `ix_title` (`title`),
  KEY `ix_handler` (`handler`)
) ENGINE=InnoDB DEFAULT CHARSET=utf8;
/*!40101 SET character_set_client = @saved_cs_client */;

--
-- Dumping data for table `paymentordertype`
--

LOCK TABLES `paymentordertype` WRITE;
/*!40000 ALTER TABLE `paymentordertype` DISABLE KEYS */;
/*!40000 ALTER TABLE `paymentordertype` ENABLE KEYS */;
UNLOCK TABLES;

--
-- Table structure for table `pin`
--

DROP TABLE IF EXISTS `pin`;
/*!40101 SET @saved_cs_client     = @@character_set_client */;
/*!40101 SET character_set_client = utf8 */;
CREATE TABLE `pin` (
  `objid` varchar(50) NOT NULL,
  `state` varchar(20) NOT NULL,
  `barangayid` varchar(50) NOT NULL,
  PRIMARY KEY (`objid`),
  KEY `FK_lgu_barangay` (`barangayid`),
  KEY `ix_pin_state` (`state`),
  CONSTRAINT `pin_ibfk_1` FOREIGN KEY (`barangayid`) REFERENCES `barangay` (`objid`)
) ENGINE=InnoDB DEFAULT CHARSET=utf8;
/*!40101 SET character_set_client = @saved_cs_client */;

--
-- Dumping data for table `pin`
--

LOCK TABLES `pin` WRITE;
/*!40000 ALTER TABLE `pin` DISABLE KEYS */;
/*!40000 ALTER TABLE `pin` ENABLE KEYS */;
UNLOCK TABLES;

--
-- Table structure for table `planttree`
--

DROP TABLE IF EXISTS `planttree`;
/*!40101 SET @saved_cs_client     = @@character_set_client */;
/*!40101 SET character_set_client = utf8 */;
CREATE TABLE `planttree` (
  `objid` varchar(50) NOT NULL,
  `state` varchar(10) NOT NULL,
  `code` varchar(20) NOT NULL,
  `name` varchar(100) NOT NULL,
  PRIMARY KEY (`objid`),
  UNIQUE KEY `ux_planttree_code` (`code`),
  UNIQUE KEY `ux_planttree_name` (`name`),
  KEY `ix_planttree_state` (`state`)
) ENGINE=InnoDB DEFAULT CHARSET=utf8;
/*!40101 SET character_set_client = @saved_cs_client */;

--
-- Dumping data for table `planttree`
--

LOCK TABLES `planttree` WRITE;
/*!40000 ALTER TABLE `planttree` DISABLE KEYS */;
/*!40000 ALTER TABLE `planttree` ENABLE KEYS */;
UNLOCK TABLES;

--
-- Table structure for table `planttreeassesslevel`
--

DROP TABLE IF EXISTS `planttreeassesslevel`;
/*!40101 SET @saved_cs_client     = @@character_set_client */;
/*!40101 SET character_set_client = utf8 */;
CREATE TABLE `planttreeassesslevel` (
  `objid` varchar(50) NOT NULL,
  `planttreerysettingid` varchar(50) NOT NULL,
  `classification_objid` varchar(50) NOT NULL,
  `code` varchar(25) NOT NULL,
  `name` varchar(50) NOT NULL,
  `rate` decimal(16,2) NOT NULL,
  `previd` varchar(50) DEFAULT NULL,
  `fixrate` int(11) DEFAULT NULL,
  PRIMARY KEY (`objid`),
  KEY `planttreerysettingid` (`planttreerysettingid`),
  CONSTRAINT `planttreeassesslevel_ibfk_1` FOREIGN KEY (`planttreerysettingid`) REFERENCES `planttreerysetting` (`objid`)
) ENGINE=InnoDB DEFAULT CHARSET=utf8;
/*!40101 SET character_set_client = @saved_cs_client */;

--
-- Dumping data for table `planttreeassesslevel`
--

LOCK TABLES `planttreeassesslevel` WRITE;
/*!40000 ALTER TABLE `planttreeassesslevel` DISABLE KEYS */;
/*!40000 ALTER TABLE `planttreeassesslevel` ENABLE KEYS */;
UNLOCK TABLES;

--
-- Table structure for table `planttreedetail`
--

DROP TABLE IF EXISTS `planttreedetail`;
/*!40101 SET @saved_cs_client     = @@character_set_client */;
/*!40101 SET character_set_client = utf8 */;
CREATE TABLE `planttreedetail` (
  `objid` varchar(50) NOT NULL,
  `planttreerpuid` varchar(50) DEFAULT NULL,
  `landrpuid` varchar(50) DEFAULT NULL,
  `planttreeunitvalue_objid` varchar(50) NOT NULL,
  `planttree_objid` varchar(50) NOT NULL,
  `actualuse_objid` varchar(50) NOT NULL,
  `productive` decimal(16,2) NOT NULL,
  `nonproductive` decimal(16,2) NOT NULL,
  `nonproductiveage` varchar(25) DEFAULT NULL,
  `unitvalue` decimal(16,2) NOT NULL,
  `basemarketvalue` decimal(16,2) NOT NULL,
  `adjustment` decimal(16,2) NOT NULL,
  `adjustmentrate` decimal(16,2) NOT NULL,
  `marketvalue` decimal(16,2) NOT NULL,
  `assesslevel` decimal(16,2) NOT NULL,
  `assessedvalue` decimal(16,2) NOT NULL,
  `areacovered` decimal(16,4) DEFAULT NULL,
  PRIMARY KEY (`objid`),
  KEY `FK_planttreedetail_landrpu` (`landrpuid`),
  KEY `FK_planttreedetail_plantreeassesslevel` (`actualuse_objid`),
  KEY `FK_planttreedetail_planttree` (`planttree_objid`),
  KEY `FK_planttreedetail_planttreerpu` (`planttreerpuid`),
  KEY `FK_planttreedetail_planttreeunitvalue` (`planttreeunitvalue_objid`),
  CONSTRAINT `planttreedetail_ibfk_1` FOREIGN KEY (`landrpuid`) REFERENCES `landrpu` (`objid`),
  CONSTRAINT `planttreedetail_ibfk_2` FOREIGN KEY (`actualuse_objid`) REFERENCES `planttreeassesslevel` (`objid`),
  CONSTRAINT `planttreedetail_ibfk_3` FOREIGN KEY (`planttree_objid`) REFERENCES `planttree` (`objid`),
  CONSTRAINT `planttreedetail_ibfk_4` FOREIGN KEY (`planttreerpuid`) REFERENCES `planttreerpu` (`objid`),
  CONSTRAINT `planttreedetail_ibfk_5` FOREIGN KEY (`planttreeunitvalue_objid`) REFERENCES `planttreeunitvalue` (`objid`)
) ENGINE=InnoDB DEFAULT CHARSET=utf8;
/*!40101 SET character_set_client = @saved_cs_client */;

--
-- Dumping data for table `planttreedetail`
--

LOCK TABLES `planttreedetail` WRITE;
/*!40000 ALTER TABLE `planttreedetail` DISABLE KEYS */;
/*!40000 ALTER TABLE `planttreedetail` ENABLE KEYS */;
UNLOCK TABLES;

--
-- Table structure for table `planttreerpu`
--

DROP TABLE IF EXISTS `planttreerpu`;
/*!40101 SET @saved_cs_client     = @@character_set_client */;
/*!40101 SET character_set_client = utf8 */;
CREATE TABLE `planttreerpu` (
  `objid` varchar(50) NOT NULL,
  `landrpuid` varchar(50) NOT NULL,
  `productive` decimal(16,2) NOT NULL,
  `nonproductive` decimal(16,2) NOT NULL,
  PRIMARY KEY (`objid`),
  KEY `FK_planttreerpu_landrpu` (`landrpuid`),
  CONSTRAINT `planttreerpu_ibfk_1` FOREIGN KEY (`landrpuid`) REFERENCES `landrpu` (`objid`),
  CONSTRAINT `planttreerpu_ibfk_2` FOREIGN KEY (`objid`) REFERENCES `rpu` (`objid`)
) ENGINE=InnoDB DEFAULT CHARSET=utf8;
/*!40101 SET character_set_client = @saved_cs_client */;

--
-- Dumping data for table `planttreerpu`
--

LOCK TABLES `planttreerpu` WRITE;
/*!40000 ALTER TABLE `planttreerpu` DISABLE KEYS */;
/*!40000 ALTER TABLE `planttreerpu` ENABLE KEYS */;
UNLOCK TABLES;

--
-- Table structure for table `planttreerysetting`
--

DROP TABLE IF EXISTS `planttreerysetting`;
/*!40101 SET @saved_cs_client     = @@character_set_client */;
/*!40101 SET character_set_client = utf8 */;
CREATE TABLE `planttreerysetting` (
  `objid` varchar(50) NOT NULL,
  `state` varchar(15) NOT NULL,
  `ry` int(11) NOT NULL,
  `applyagriadjustment` int(11) DEFAULT NULL,
  `appliedto` longtext,
  `previd` varchar(50) DEFAULT NULL,
  `remarks` varchar(200) DEFAULT NULL,
  `ordinanceno` varchar(25) DEFAULT NULL,
  `ordinancedate` date DEFAULT NULL,
  PRIMARY KEY (`objid`),
  KEY `previd` (`previd`),
  KEY `ix_planttreerysetting_ry` (`ry`),
  CONSTRAINT `planttreerysetting_ibfk_1` FOREIGN KEY (`previd`) REFERENCES `planttreerysetting` (`objid`)
) ENGINE=InnoDB DEFAULT CHARSET=utf8;
/*!40101 SET character_set_client = @saved_cs_client */;

--
-- Dumping data for table `planttreerysetting`
--

LOCK TABLES `planttreerysetting` WRITE;
/*!40000 ALTER TABLE `planttreerysetting` DISABLE KEYS */;
/*!40000 ALTER TABLE `planttreerysetting` ENABLE KEYS */;
UNLOCK TABLES;

--
-- Table structure for table `planttreeunitvalue`
--

DROP TABLE IF EXISTS `planttreeunitvalue`;
/*!40101 SET @saved_cs_client     = @@character_set_client */;
/*!40101 SET character_set_client = utf8 */;
CREATE TABLE `planttreeunitvalue` (
  `objid` varchar(50) NOT NULL,
  `planttreerysettingid` varchar(50) NOT NULL,
  `planttree_objid` varchar(50) NOT NULL,
  `code` varchar(10) NOT NULL,
  `name` varchar(25) NOT NULL,
  `unitvalue` decimal(10,2) NOT NULL,
  `previd` varchar(50) DEFAULT NULL,
  PRIMARY KEY (`objid`),
  KEY `planttreerysettingid` (`planttreerysettingid`),
  KEY `FK_planttreeunitvalue_planttree` (`planttree_objid`),
  CONSTRAINT `planttreeunitvalue_ibfk_1` FOREIGN KEY (`planttree_objid`) REFERENCES `planttree` (`objid`),
  CONSTRAINT `planttreeunitvalue_ibfk_2` FOREIGN KEY (`planttreerysettingid`) REFERENCES `planttreerysetting` (`objid`)
) ENGINE=InnoDB DEFAULT CHARSET=utf8;
/*!40101 SET character_set_client = @saved_cs_client */;

--
-- Dumping data for table `planttreeunitvalue`
--

LOCK TABLES `planttreeunitvalue` WRITE;
/*!40000 ALTER TABLE `planttreeunitvalue` DISABLE KEYS */;
/*!40000 ALTER TABLE `planttreeunitvalue` ENABLE KEYS */;
UNLOCK TABLES;

--
-- Table structure for table `previousfaas`
--

DROP TABLE IF EXISTS `previousfaas`;
/*!40101 SET @saved_cs_client     = @@character_set_client */;
/*!40101 SET character_set_client = utf8 */;
CREATE TABLE `previousfaas` (
  `faasid` varchar(50) NOT NULL,
  `prevfaasid` varchar(50) NOT NULL,
  PRIMARY KEY (`faasid`,`prevfaasid`),
  KEY `FK_previousfaas_prevfaas` (`prevfaasid`),
  CONSTRAINT `previousfaas_ibfk_1` FOREIGN KEY (`faasid`) REFERENCES `faas` (`objid`),
  CONSTRAINT `previousfaas_ibfk_2` FOREIGN KEY (`prevfaasid`) REFERENCES `faas` (`objid`)
) ENGINE=InnoDB DEFAULT CHARSET=utf8;
/*!40101 SET character_set_client = @saved_cs_client */;

--
-- Dumping data for table `previousfaas`
--

LOCK TABLES `previousfaas` WRITE;
/*!40000 ALTER TABLE `previousfaas` DISABLE KEYS */;
/*!40000 ALTER TABLE `previousfaas` ENABLE KEYS */;
UNLOCK TABLES;

--
-- Table structure for table `profession`
--

DROP TABLE IF EXISTS `profession`;
/*!40101 SET @saved_cs_client     = @@character_set_client */;
/*!40101 SET character_set_client = utf8 */;
CREATE TABLE `profession` (
  `objid` varchar(100) NOT NULL,
  PRIMARY KEY (`objid`)
) ENGINE=InnoDB DEFAULT CHARSET=utf8;
/*!40101 SET character_set_client = @saved_cs_client */;

--
-- Dumping data for table `profession`
--

LOCK TABLES `profession` WRITE;
/*!40000 ALTER TABLE `profession` DISABLE KEYS */;
/*!40000 ALTER TABLE `profession` ENABLE KEYS */;
UNLOCK TABLES;

--
-- Table structure for table `propertyclassification`
--

DROP TABLE IF EXISTS `propertyclassification`;
/*!40101 SET @saved_cs_client     = @@character_set_client */;
/*!40101 SET character_set_client = utf8 */;
CREATE TABLE `propertyclassification` (
  `objid` varchar(50) NOT NULL,
  `state` varchar(10) NOT NULL,
  `code` varchar(20) NOT NULL,
  `name` varchar(100) NOT NULL,
  `special` int(11) NOT NULL,
  `orderno` int(11) NOT NULL,
  PRIMARY KEY (`objid`),
  UNIQUE KEY `ux_propertyclassification_code` (`code`),
  UNIQUE KEY `ux_propertyclassification_name` (`name`),
  KEY `ix_propertyclassification_state` (`state`)
) ENGINE=InnoDB DEFAULT CHARSET=utf8;
/*!40101 SET character_set_client = @saved_cs_client */;

--
-- Dumping data for table `propertyclassification`
--

LOCK TABLES `propertyclassification` WRITE;
/*!40000 ALTER TABLE `propertyclassification` DISABLE KEYS */;
/*!40000 ALTER TABLE `propertyclassification` ENABLE KEYS */;
UNLOCK TABLES;

--
-- Table structure for table `propertypayer`
--

DROP TABLE IF EXISTS `propertypayer`;
/*!40101 SET @saved_cs_client     = @@character_set_client */;
/*!40101 SET character_set_client = utf8 */;
CREATE TABLE `propertypayer` (
  `objid` varchar(50) NOT NULL DEFAULT '',
  `taxpayer_objid` varchar(50) NOT NULL,
  PRIMARY KEY (`objid`),
  KEY `ix_propertypayer_taxpayerid` (`taxpayer_objid`)
) ENGINE=InnoDB DEFAULT CHARSET=utf8;
/*!40101 SET character_set_client = @saved_cs_client */;

--
-- Dumping data for table `propertypayer`
--

LOCK TABLES `propertypayer` WRITE;
/*!40000 ALTER TABLE `propertypayer` DISABLE KEYS */;
/*!40000 ALTER TABLE `propertypayer` ENABLE KEYS */;
UNLOCK TABLES;

--
-- Table structure for table `propertypayer_item`
--

DROP TABLE IF EXISTS `propertypayer_item`;
/*!40101 SET @saved_cs_client     = @@character_set_client */;
/*!40101 SET character_set_client = utf8 */;
CREATE TABLE `propertypayer_item` (
  `objid` varchar(50) NOT NULL DEFAULT '',
  `parentid` varchar(50) NOT NULL,
  `rptledger_objid` varchar(50) NOT NULL,
  PRIMARY KEY (`objid`),
  UNIQUE KEY `ux_propertypayeritem_rptledgerid` (`parentid`,`rptledger_objid`),
  KEY `ix_propertypayeritem_parentid` (`parentid`),
  KEY `ix_propertypayeritem_rptledgerid` (`rptledger_objid`)
) ENGINE=InnoDB DEFAULT CHARSET=utf8;
/*!40101 SET character_set_client = @saved_cs_client */;

--
-- Dumping data for table `propertypayer_item`
--

LOCK TABLES `propertypayer_item` WRITE;
/*!40000 ALTER TABLE `propertypayer_item` DISABLE KEYS */;
/*!40000 ALTER TABLE `propertypayer_item` ENABLE KEYS */;
UNLOCK TABLES;

--
-- Table structure for table `province`
--

DROP TABLE IF EXISTS `province`;
/*!40101 SET @saved_cs_client     = @@character_set_client */;
/*!40101 SET character_set_client = utf8 */;
CREATE TABLE `province` (
  `objid` varchar(50) NOT NULL,
  `state` varchar(10) DEFAULT NULL,
  `indexno` varchar(15) DEFAULT NULL,
  `pin` varchar(15) DEFAULT NULL,
  `name` varchar(50) DEFAULT NULL,
  `previd` varchar(50) DEFAULT NULL,
  `parentid` varchar(50) DEFAULT NULL,
  `governor_name` varchar(100) DEFAULT NULL,
  `governor_title` varchar(50) DEFAULT NULL,
  `governor_office` varchar(50) DEFAULT NULL,
  `assessor_name` varchar(100) DEFAULT NULL,
  `assessor_title` varchar(50) DEFAULT NULL,
  `assessor_office` varchar(50) DEFAULT NULL,
  `treasurer_name` varchar(100) DEFAULT NULL,
  `treasurer_title` varchar(50) DEFAULT NULL,
  `treasurer_office` varchar(50) DEFAULT NULL,
  `address` varchar(100) DEFAULT NULL,
  `fullname` varchar(50) DEFAULT NULL,
  PRIMARY KEY (`objid`),
  KEY `ix_indexno` (`indexno`),
  KEY `ix_pin` (`pin`),
  KEY `ix_parentid` (`parentid`),
  KEY `ix_previd` (`previd`),
  CONSTRAINT `fk_province_org` FOREIGN KEY (`objid`) REFERENCES `sys_org` (`objid`)
) ENGINE=InnoDB DEFAULT CHARSET=utf8;
/*!40101 SET character_set_client = @saved_cs_client */;

--
-- Dumping data for table `province`
--

LOCK TABLES `province` WRITE;
/*!40000 ALTER TABLE `province` DISABLE KEYS */;
/*!40000 ALTER TABLE `province` ENABLE KEYS */;
UNLOCK TABLES;

--
-- Table structure for table `province_taxaccount_mapping`
--

DROP TABLE IF EXISTS `province_taxaccount_mapping`;
/*!40101 SET @saved_cs_client     = @@character_set_client */;
/*!40101 SET character_set_client = utf8 */;
CREATE TABLE `province_taxaccount_mapping` (
  `objid` varchar(50) NOT NULL DEFAULT '',
  `basicadvacct_objid` varchar(50) DEFAULT NULL,
  `basicprevacct_objid` varchar(50) DEFAULT NULL,
  `basicprevintacct_objid` varchar(50) DEFAULT NULL,
  `basicprioracct_objid` varchar(50) DEFAULT NULL,
  `basicpriorintacct_objid` varchar(50) DEFAULT NULL,
  `basiccurracct_objid` varchar(50) DEFAULT NULL,
  `basiccurrintacct_objid` varchar(50) DEFAULT NULL,
  `sefadvacct_objid` varchar(50) DEFAULT NULL,
  `sefprevacct_objid` varchar(50) DEFAULT NULL,
  `sefprevintacct_objid` varchar(50) DEFAULT NULL,
  `sefprioracct_objid` varchar(50) DEFAULT NULL,
  `sefpriorintacct_objid` varchar(50) DEFAULT NULL,
  `sefcurracct_objid` varchar(50) DEFAULT NULL,
  `sefcurrintacct_objid` varchar(50) DEFAULT NULL,
  `basicidlecurracct_objid` varchar(50) DEFAULT NULL,
  `basicidlecurrintacct_objid` varchar(50) DEFAULT NULL,
  `basicidleprevacct_objid` varchar(50) DEFAULT NULL,
  `basicidleprevintacct_objid` varchar(50) DEFAULT NULL,
  `basicidleadvacct_objid` varchar(50) DEFAULT NULL,
  PRIMARY KEY (`objid`)
) ENGINE=InnoDB DEFAULT CHARSET=utf8;
/*!40101 SET character_set_client = @saved_cs_client */;

--
-- Dumping data for table `province_taxaccount_mapping`
--

LOCK TABLES `province_taxaccount_mapping` WRITE;
/*!40000 ALTER TABLE `province_taxaccount_mapping` DISABLE KEYS */;
/*!40000 ALTER TABLE `province_taxaccount_mapping` ENABLE KEYS */;
UNLOCK TABLES;

--
-- Table structure for table `psic`
--

DROP TABLE IF EXISTS `psic`;
/*!40101 SET @saved_cs_client     = @@character_set_client */;
/*!40101 SET character_set_client = utf8 */;
CREATE TABLE `psic` (
  `objid` varchar(50) NOT NULL,
  `title` varchar(255) NOT NULL,
  `parentid` varchar(50) DEFAULT NULL,
  PRIMARY KEY (`objid`),
  KEY `ix_title` (`title`),
  KEY `ix_parentid` (`parentid`),
  CONSTRAINT `fk_psic_parentid` FOREIGN KEY (`parentid`) REFERENCES `psic` (`objid`)
) ENGINE=InnoDB DEFAULT CHARSET=utf8;
/*!40101 SET character_set_client = @saved_cs_client */;

--
-- Dumping data for table `psic`
--

LOCK TABLES `psic` WRITE;
/*!40000 ALTER TABLE `psic` DISABLE KEYS */;
/*!40000 ALTER TABLE `psic` ENABLE KEYS */;
UNLOCK TABLES;

--
-- Table structure for table `realproperty`
--

DROP TABLE IF EXISTS `realproperty`;
/*!40101 SET @saved_cs_client     = @@character_set_client */;
/*!40101 SET character_set_client = utf8 */;
CREATE TABLE `realproperty` (
  `objid` varchar(50) NOT NULL,
  `state` varchar(25) NOT NULL,
  `autonumber` int(11) NOT NULL,
  `pintype` varchar(5) NOT NULL,
  `pin` varchar(30) NOT NULL,
  `ry` int(11) NOT NULL,
  `claimno` varchar(5) DEFAULT NULL,
  `section` varchar(3) DEFAULT NULL,
  `parcel` varchar(3) DEFAULT NULL,
  `cadastrallotno` text,
  `blockno` varchar(255) DEFAULT NULL,
  `surveyno` varchar(255) DEFAULT NULL,
  `street` varchar(100) DEFAULT NULL,
  `purok` varchar(100) DEFAULT NULL,
  `north` varchar(500) DEFAULT NULL,
  `south` varchar(500) DEFAULT NULL,
  `east` varchar(500) DEFAULT NULL,
  `west` varchar(500) DEFAULT NULL,
  `barangayid` varchar(50) NOT NULL,
  `lgutype` varchar(50) NOT NULL,
  `previd` varchar(50) DEFAULT NULL,
  `lguid` varchar(50) DEFAULT NULL,
  `stewardshipno` varchar(3) DEFAULT NULL,
  PRIMARY KEY (`objid`),
  KEY `ix_barangayid` (`barangayid`),
  KEY `ix_realproperty_blockno` (`blockno`),
  KEY `ix_realproperty_pin` (`pin`),
  KEY `ix_realproperty_ry` (`ry`),
  KEY `ix_realproperty_surveyno` (`surveyno`),
  KEY `ix_realproperty_claimno` (`claimno`),
  CONSTRAINT `realproperty_ibfk_1` FOREIGN KEY (`barangayid`) REFERENCES `barangay` (`objid`)
) ENGINE=InnoDB DEFAULT CHARSET=utf8;
/*!40101 SET character_set_client = @saved_cs_client */;

--
-- Dumping data for table `realproperty`
--

LOCK TABLES `realproperty` WRITE;
/*!40000 ALTER TABLE `realproperty` DISABLE KEYS */;
/*!40000 ALTER TABLE `realproperty` ENABLE KEYS */;
UNLOCK TABLES;

--
-- Table structure for table `religion`
--

DROP TABLE IF EXISTS `religion`;
/*!40101 SET @saved_cs_client     = @@character_set_client */;
/*!40101 SET character_set_client = utf8 */;
CREATE TABLE `religion` (
  `objid` varchar(50) NOT NULL DEFAULT '',
  PRIMARY KEY (`objid`)
) ENGINE=InnoDB DEFAULT CHARSET=utf8;
/*!40101 SET character_set_client = @saved_cs_client */;

--
-- Dumping data for table `religion`
--

LOCK TABLES `religion` WRITE;
/*!40000 ALTER TABLE `religion` DISABLE KEYS */;
/*!40000 ALTER TABLE `religion` ENABLE KEYS */;
UNLOCK TABLES;

--
-- Table structure for table `remittance`
--

DROP TABLE IF EXISTS `remittance`;
/*!40101 SET @saved_cs_client     = @@character_set_client */;
/*!40101 SET character_set_client = utf8 */;
CREATE TABLE `remittance` (
  `objid` varchar(50) NOT NULL,
  `state` varchar(20) NOT NULL,
  `controlno` varchar(100) NOT NULL,
  `dtposted` datetime NOT NULL,
  `collector_objid` varchar(50) NOT NULL,
  `collector_name` varchar(100) NOT NULL,
  `collector_title` varchar(50) NOT NULL,
  `liquidatingofficer_objid` varchar(50) DEFAULT NULL,
  `liquidatingofficer_name` varchar(100) DEFAULT NULL,
  `liquidatingofficer_title` varchar(50) DEFAULT NULL,
  `amount` decimal(18,2) NOT NULL,
  `totalcash` decimal(18,2) NOT NULL,
  `totalcheck` decimal(16,2) NOT NULL,
  `cashbreakdown` text NOT NULL,
  `controldate` datetime NOT NULL,
  `remarks` varchar(255) DEFAULT NULL,
  `totalcr` decimal(16,2) NOT NULL,
  `collector_signature` longtext,
  `liquidatingofficer_signature` longtext,
  `collectionvoucherid` varchar(50) DEFAULT NULL,
  PRIMARY KEY (`objid`),
  UNIQUE KEY `uix_txnno` (`controlno`),
  UNIQUE KEY `uix_controlno` (`controlno`),
  KEY `ix_state` (`state`),
  KEY `ix_dtposted` (`dtposted`),
  KEY `ix_collector_objid` (`collector_objid`),
  KEY `ix_liquidatingofficer_objid` (`liquidatingofficer_objid`),
  KEY `ix_remittancedate` (`controldate`),
  KEY `ix_controldate` (`controldate`),
  KEY `ix_collectionvoucherid` (`collectionvoucherid`),
  CONSTRAINT `fk_remittance_collectionvoucherid` FOREIGN KEY (`collectionvoucherid`) REFERENCES `collectionvoucher` (`objid`),
  CONSTRAINT `fk_remittance_collector` FOREIGN KEY (`collector_objid`) REFERENCES `sys_user` (`objid`),
  CONSTRAINT `fk_remittance_liqofficer` FOREIGN KEY (`liquidatingofficer_objid`) REFERENCES `sys_user` (`objid`)
) ENGINE=InnoDB DEFAULT CHARSET=utf8;
/*!40101 SET character_set_client = @saved_cs_client */;

--
-- Dumping data for table `remittance`
--

LOCK TABLES `remittance` WRITE;
/*!40000 ALTER TABLE `remittance` DISABLE KEYS */;
/*!40000 ALTER TABLE `remittance` ENABLE KEYS */;
UNLOCK TABLES;

--
-- Table structure for table `remittance_af`
--

DROP TABLE IF EXISTS `remittance_af`;
/*!40101 SET @saved_cs_client     = @@character_set_client */;
/*!40101 SET character_set_client = utf8 */;
CREATE TABLE `remittance_af` (
  `objid` varchar(150) NOT NULL,
  `remittanceid` varchar(50) DEFAULT NULL,
  `controlid` varchar(50) DEFAULT NULL,
  `receivedstartseries` int(11) DEFAULT NULL,
  `receivedendseries` int(11) DEFAULT NULL,
  `beginstartseries` int(11) DEFAULT NULL,
  `beginendseries` int(11) DEFAULT NULL,
  `issuedstartseries` int(11) DEFAULT NULL,
  `issuedendseries` int(11) DEFAULT NULL,
  `endingstartseries` int(11) DEFAULT NULL,
  `endingendseries` int(11) DEFAULT NULL,
  `qtyreceived` int(11) DEFAULT NULL,
  `qtybegin` int(11) DEFAULT NULL,
  `qtyissued` int(11) DEFAULT NULL,
  `qtyending` int(11) DEFAULT NULL,
  `qtycancelled` int(11) DEFAULT NULL,
  `remarks` varchar(255) DEFAULT NULL,
  PRIMARY KEY (`objid`),
  KEY `ix_remittanceid` (`remittanceid`),
  KEY `ix_controlid` (`controlid`),
  CONSTRAINT `fk_remittance_af_remittanceid` FOREIGN KEY (`remittanceid`) REFERENCES `remittance` (`objid`)
) ENGINE=InnoDB DEFAULT CHARSET=utf8;
/*!40101 SET character_set_client = @saved_cs_client */;

--
-- Dumping data for table `remittance_af`
--

LOCK TABLES `remittance_af` WRITE;
/*!40000 ALTER TABLE `remittance_af` DISABLE KEYS */;
/*!40000 ALTER TABLE `remittance_af` ENABLE KEYS */;
UNLOCK TABLES;

--
-- Table structure for table `remittance_fund`
--

DROP TABLE IF EXISTS `remittance_fund`;
/*!40101 SET @saved_cs_client     = @@character_set_client */;
/*!40101 SET character_set_client = utf8 */;
CREATE TABLE `remittance_fund` (
  `objid` varchar(150) NOT NULL,
  `remittanceid` varchar(50) NOT NULL,
  `fund_objid` varchar(100) NOT NULL,
  `fund_title` varchar(255) NOT NULL,
  `amount` decimal(16,4) NOT NULL,
  `totalcash` decimal(16,4) NOT NULL,
  `totalcheck` decimal(16,4) NOT NULL,
  `totalcr` decimal(16,4) NOT NULL,
  `cashbreakdown` longtext,
  `controlno` varchar(100) DEFAULT NULL,
  PRIMARY KEY (`objid`),
  UNIQUE KEY `uix_remittance_fund` (`remittanceid`,`fund_objid`),
  KEY `ix_remittanceid` (`remittanceid`),
  KEY `ix_fund_objid` (`fund_objid`),
  CONSTRAINT `fk_remittance_fund_fund` FOREIGN KEY (`fund_objid`) REFERENCES `fund` (`objid`),
  CONSTRAINT `fk_remittance_fund_fund_objid` FOREIGN KEY (`fund_objid`) REFERENCES `fund` (`objid`),
  CONSTRAINT `fk_remittance_fund_remittanceid` FOREIGN KEY (`remittanceid`) REFERENCES `remittance` (`objid`)
) ENGINE=InnoDB DEFAULT CHARSET=utf8;
/*!40101 SET character_set_client = @saved_cs_client */;

--
-- Dumping data for table `remittance_fund`
--

LOCK TABLES `remittance_fund` WRITE;
/*!40000 ALTER TABLE `remittance_fund` DISABLE KEYS */;
/*!40000 ALTER TABLE `remittance_fund` ENABLE KEYS */;
UNLOCK TABLES;

--
-- Table structure for table `remote_mapping`
--

DROP TABLE IF EXISTS `remote_mapping`;
/*!40101 SET @saved_cs_client     = @@character_set_client */;
/*!40101 SET character_set_client = utf8 */;
CREATE TABLE `remote_mapping` (
  `objid` varchar(50) NOT NULL,
  `doctype` varchar(50) NOT NULL,
  `remote_objid` varchar(50) NOT NULL,
  `createdby_name` varchar(255) NOT NULL,
  `createdby_title` varchar(100) DEFAULT NULL,
  `dtcreated` datetime NOT NULL,
  `orgcode` varchar(10) DEFAULT NULL,
  `remote_orgcode` varchar(10) DEFAULT NULL,
  PRIMARY KEY (`objid`),
  KEY `ix_doctype` (`doctype`),
  KEY `ix_orgcode` (`orgcode`),
  KEY `ix_remote_orgcode` (`remote_orgcode`),
  KEY `ix_remote_objid` (`remote_objid`)
) ENGINE=InnoDB DEFAULT CHARSET=utf8;
/*!40101 SET character_set_client = @saved_cs_client */;

--
-- Dumping data for table `remote_mapping`
--

LOCK TABLES `remote_mapping` WRITE;
/*!40000 ALTER TABLE `remote_mapping` DISABLE KEYS */;
/*!40000 ALTER TABLE `remote_mapping` ENABLE KEYS */;
UNLOCK TABLES;

--
-- Table structure for table `remoteserverdata`
--

DROP TABLE IF EXISTS `remoteserverdata`;
/*!40101 SET @saved_cs_client     = @@character_set_client */;
/*!40101 SET character_set_client = utf8 */;
CREATE TABLE `remoteserverdata` (
  `objid` varchar(50) NOT NULL,
  `data` longtext NOT NULL,
  PRIMARY KEY (`objid`)
) ENGINE=InnoDB DEFAULT CHARSET=utf8;
/*!40101 SET character_set_client = @saved_cs_client */;

--
-- Dumping data for table `remoteserverdata`
--

LOCK TABLES `remoteserverdata` WRITE;
/*!40000 ALTER TABLE `remoteserverdata` DISABLE KEYS */;
/*!40000 ALTER TABLE `remoteserverdata` ENABLE KEYS */;
UNLOCK TABLES;

--
-- Table structure for table `report_bpdelinquency`
--

DROP TABLE IF EXISTS `report_bpdelinquency`;
/*!40101 SET @saved_cs_client     = @@character_set_client */;
/*!40101 SET character_set_client = utf8 */;
CREATE TABLE `report_bpdelinquency` (
  `objid` varchar(50) NOT NULL,
  `state` varchar(25) DEFAULT NULL,
  `dtfiled` datetime DEFAULT NULL,
  `userid` varchar(50) DEFAULT NULL,
  `username` varchar(160) DEFAULT NULL,
  `totalcount` int(255) DEFAULT NULL,
  `processedcount` int(255) DEFAULT NULL,
  `billdate` date DEFAULT NULL,
  `duedate` date DEFAULT NULL,
  `lockid` varchar(50) DEFAULT NULL,
  PRIMARY KEY (`objid`),
  KEY `ix_dtfiled` (`dtfiled`),
  KEY `ix_state` (`state`),
  KEY `ix_userid` (`userid`),
  KEY `ix_duedate` (`duedate`),
  KEY `ix_billdate` (`billdate`)
) ENGINE=InnoDB DEFAULT CHARSET=utf8;
/*!40101 SET character_set_client = @saved_cs_client */;

--
-- Dumping data for table `report_bpdelinquency`
--

LOCK TABLES `report_bpdelinquency` WRITE;
/*!40000 ALTER TABLE `report_bpdelinquency` DISABLE KEYS */;
/*!40000 ALTER TABLE `report_bpdelinquency` ENABLE KEYS */;
UNLOCK TABLES;

--
-- Table structure for table `report_bpdelinquency_item`
--

DROP TABLE IF EXISTS `report_bpdelinquency_item`;
/*!40101 SET @saved_cs_client     = @@character_set_client */;
/*!40101 SET character_set_client = utf8 */;
CREATE TABLE `report_bpdelinquency_item` (
  `objid` varchar(50) NOT NULL,
  `parentid` varchar(50) DEFAULT NULL,
  `applicationid` varchar(50) DEFAULT NULL,
  `amount` decimal(16,2) DEFAULT NULL,
  `amtpaid` decimal(16,2) DEFAULT NULL,
  `surcharge` decimal(16,2) DEFAULT NULL,
  `interest` decimal(16,2) DEFAULT NULL,
  `balance` decimal(16,2) DEFAULT NULL,
  `total` decimal(16,2) DEFAULT NULL,
  PRIMARY KEY (`objid`),
  KEY `ix_parentid` (`parentid`),
  KEY `ix_applicationid` (`applicationid`)
) ENGINE=InnoDB DEFAULT CHARSET=utf8;
/*!40101 SET character_set_client = @saved_cs_client */;

--
-- Dumping data for table `report_bpdelinquency_item`
--

LOCK TABLES `report_bpdelinquency_item` WRITE;
/*!40000 ALTER TABLE `report_bpdelinquency_item` DISABLE KEYS */;
/*!40000 ALTER TABLE `report_bpdelinquency_item` ENABLE KEYS */;
UNLOCK TABLES;

--
-- Table structure for table `report_rptdelinquency`
--

DROP TABLE IF EXISTS `report_rptdelinquency`;
/*!40101 SET @saved_cs_client     = @@character_set_client */;
/*!40101 SET character_set_client = utf8 */;
CREATE TABLE `report_rptdelinquency` (
  `objid` varchar(50) NOT NULL,
  `state` varchar(50) NOT NULL,
  `dtgenerated` datetime NOT NULL,
  `dtcomputed` datetime NOT NULL,
  `generatedby_name` varchar(255) NOT NULL,
  `generatedby_title` varchar(100) NOT NULL,
  PRIMARY KEY (`objid`)
) ENGINE=InnoDB DEFAULT CHARSET=utf8;
/*!40101 SET character_set_client = @saved_cs_client */;

--
-- Dumping data for table `report_rptdelinquency`
--

LOCK TABLES `report_rptdelinquency` WRITE;
/*!40000 ALTER TABLE `report_rptdelinquency` DISABLE KEYS */;
/*!40000 ALTER TABLE `report_rptdelinquency` ENABLE KEYS */;
UNLOCK TABLES;

--
-- Table structure for table `report_rptdelinquency_barangay`
--

DROP TABLE IF EXISTS `report_rptdelinquency_barangay`;
/*!40101 SET @saved_cs_client     = @@character_set_client */;
/*!40101 SET character_set_client = utf8 */;
CREATE TABLE `report_rptdelinquency_barangay` (
  `objid` varchar(50) NOT NULL,
  `parentid` varchar(50) NOT NULL,
  `barangayid` varchar(50) NOT NULL,
  `count` int(11) NOT NULL,
  `processed` int(11) NOT NULL,
  `errors` int(11) NOT NULL,
  `ignored` int(11) NOT NULL,
  `idx` int(11) DEFAULT NULL,
  PRIMARY KEY (`objid`),
  KEY `fk_rptdelinquency_barangay_rptdelinquency` (`parentid`),
  KEY `fk_rptdelinquency_barangay_barangay` (`barangayid`),
  CONSTRAINT `fk_rptdelinquency_barangay_barangay` FOREIGN KEY (`barangayid`) REFERENCES `barangay` (`objid`),
  CONSTRAINT `fk_rptdelinquency_barangay_rptdelinquency` FOREIGN KEY (`parentid`) REFERENCES `report_rptdelinquency` (`objid`)
) ENGINE=InnoDB DEFAULT CHARSET=utf8;
/*!40101 SET character_set_client = @saved_cs_client */;

--
-- Dumping data for table `report_rptdelinquency_barangay`
--

LOCK TABLES `report_rptdelinquency_barangay` WRITE;
/*!40000 ALTER TABLE `report_rptdelinquency_barangay` DISABLE KEYS */;
/*!40000 ALTER TABLE `report_rptdelinquency_barangay` ENABLE KEYS */;
UNLOCK TABLES;

--
-- Table structure for table `report_rptdelinquency_error`
--

DROP TABLE IF EXISTS `report_rptdelinquency_error`;
/*!40101 SET @saved_cs_client     = @@character_set_client */;
/*!40101 SET character_set_client = utf8 */;
CREATE TABLE `report_rptdelinquency_error` (
  `objid` varchar(50) NOT NULL,
  `barangayid` varchar(50) NOT NULL,
  `error` text,
  `ignored` int(11) DEFAULT NULL,
  PRIMARY KEY (`objid`),
  KEY `ix_barangayid` (`barangayid`)
) ENGINE=InnoDB DEFAULT CHARSET=utf8;
/*!40101 SET character_set_client = @saved_cs_client */;

--
-- Dumping data for table `report_rptdelinquency_error`
--

LOCK TABLES `report_rptdelinquency_error` WRITE;
/*!40000 ALTER TABLE `report_rptdelinquency_error` DISABLE KEYS */;
/*!40000 ALTER TABLE `report_rptdelinquency_error` ENABLE KEYS */;
UNLOCK TABLES;

--
-- Table structure for table `report_rptdelinquency_forprocess`
--

DROP TABLE IF EXISTS `report_rptdelinquency_forprocess`;
/*!40101 SET @saved_cs_client     = @@character_set_client */;
/*!40101 SET character_set_client = utf8 */;
CREATE TABLE `report_rptdelinquency_forprocess` (
  `objid` varchar(50) NOT NULL,
  `barangayid` varchar(50) NOT NULL,
  PRIMARY KEY (`objid`),
  KEY `ix_barangayid` (`barangayid`)
) ENGINE=InnoDB DEFAULT CHARSET=utf8;
/*!40101 SET character_set_client = @saved_cs_client */;

--
-- Dumping data for table `report_rptdelinquency_forprocess`
--

LOCK TABLES `report_rptdelinquency_forprocess` WRITE;
/*!40000 ALTER TABLE `report_rptdelinquency_forprocess` DISABLE KEYS */;
/*!40000 ALTER TABLE `report_rptdelinquency_forprocess` ENABLE KEYS */;
UNLOCK TABLES;

--
-- Table structure for table `report_rptdelinquency_item`
--

DROP TABLE IF EXISTS `report_rptdelinquency_item`;
/*!40101 SET @saved_cs_client     = @@character_set_client */;
/*!40101 SET character_set_client = utf8 */;
CREATE TABLE `report_rptdelinquency_item` (
  `objid` varchar(50) NOT NULL,
  `parentid` varchar(50) NOT NULL,
  `rptledgerid` varchar(50) NOT NULL,
  `barangayid` varchar(50) NOT NULL,
  `year` int(11) NOT NULL,
  `qtr` int(11) DEFAULT NULL,
  `revtype` varchar(50) NOT NULL,
  `amount` decimal(16,2) NOT NULL,
  `interest` decimal(16,2) NOT NULL,
  `discount` decimal(16,2) NOT NULL,
  PRIMARY KEY (`objid`),
  KEY `fk_rptdelinquency_item_rptdelinquency` (`parentid`),
  KEY `fk_rptdelinquency_item_rptledger` (`rptledgerid`),
  KEY `fk_rptdelinquency_item_barangay` (`barangayid`),
  KEY `fk_rptdelinquency_barangay_rptdelinquency` (`parentid`),
  CONSTRAINT `fk_rptdelinquency_item_barangay` FOREIGN KEY (`barangayid`) REFERENCES `barangay` (`objid`),
  CONSTRAINT `fk_rptdelinquency_item_rptdelinquency` FOREIGN KEY (`parentid`) REFERENCES `report_rptdelinquency` (`objid`),
  CONSTRAINT `fk_rptdelinquency_item_rptledger` FOREIGN KEY (`rptledgerid`) REFERENCES `rptledger` (`objid`)
) ENGINE=InnoDB DEFAULT CHARSET=utf8;
/*!40101 SET character_set_client = @saved_cs_client */;

--
-- Dumping data for table `report_rptdelinquency_item`
--

LOCK TABLES `report_rptdelinquency_item` WRITE;
/*!40000 ALTER TABLE `report_rptdelinquency_item` DISABLE KEYS */;
/*!40000 ALTER TABLE `report_rptdelinquency_item` ENABLE KEYS */;
UNLOCK TABLES;

--
-- Table structure for table `requirement_type`
--

DROP TABLE IF EXISTS `requirement_type`;
/*!40101 SET @saved_cs_client     = @@character_set_client */;
/*!40101 SET character_set_client = utf8 */;
CREATE TABLE `requirement_type` (
  `code` varchar(10) NOT NULL,
  `title` varchar(50) DEFAULT NULL,
  PRIMARY KEY (`code`)
) ENGINE=InnoDB DEFAULT CHARSET=utf8;
/*!40101 SET character_set_client = @saved_cs_client */;

--
-- Dumping data for table `requirement_type`
--

LOCK TABLES `requirement_type` WRITE;
/*!40000 ALTER TABLE `requirement_type` DISABLE KEYS */;
/*!40000 ALTER TABLE `requirement_type` ENABLE KEYS */;
UNLOCK TABLES;

--
-- Table structure for table `resection`
--

DROP TABLE IF EXISTS `resection`;
/*!40101 SET @saved_cs_client     = @@character_set_client */;
/*!40101 SET character_set_client = utf8 */;
CREATE TABLE `resection` (
  `objid` varchar(50) NOT NULL,
  `state` varchar(25) NOT NULL,
  `txnno` varchar(25) NOT NULL,
  `txndate` datetime NOT NULL,
  `lgu_objid` varchar(50) NOT NULL,
  `barangay_objid` varchar(50) NOT NULL,
  `pintype` varchar(3) NOT NULL,
  `section` varchar(3) NOT NULL,
  `originlgu_objid` varchar(50) NOT NULL,
  `memoranda` varchar(255) DEFAULT NULL,
  `taskid` varchar(50) DEFAULT NULL,
  `taskstate` varchar(50) DEFAULT NULL,
  `assignee_objid` varchar(50) DEFAULT NULL,
  PRIMARY KEY (`objid`),
  UNIQUE KEY `ux_resection_txnno` (`txnno`),
  KEY `FK_resection_lgu_org` (`lgu_objid`),
  KEY `FK_resection_barangay_org` (`barangay_objid`),
  KEY `FK_resection_originlgu_org` (`originlgu_objid`),
  KEY `ix_resection_state` (`state`),
  CONSTRAINT `FK_resection_barangay_org` FOREIGN KEY (`barangay_objid`) REFERENCES `sys_org` (`objid`),
  CONSTRAINT `FK_resection_lgu_org` FOREIGN KEY (`lgu_objid`) REFERENCES `sys_org` (`objid`),
  CONSTRAINT `FK_resection_originlgu_org` FOREIGN KEY (`originlgu_objid`) REFERENCES `sys_org` (`objid`)
) ENGINE=InnoDB DEFAULT CHARSET=utf8;
/*!40101 SET character_set_client = @saved_cs_client */;

--
-- Dumping data for table `resection`
--

LOCK TABLES `resection` WRITE;
/*!40000 ALTER TABLE `resection` DISABLE KEYS */;
/*!40000 ALTER TABLE `resection` ENABLE KEYS */;
UNLOCK TABLES;

--
-- Table structure for table `resection_item`
--

DROP TABLE IF EXISTS `resection_item`;
/*!40101 SET @saved_cs_client     = @@character_set_client */;
/*!40101 SET character_set_client = utf8 */;
CREATE TABLE `resection_item` (
  `objid` varchar(50) NOT NULL,
  `parent_objid` varchar(50) NOT NULL,
  `faas_objid` varchar(50) NOT NULL,
  `faas_rputype` varchar(15) NOT NULL,
  `faas_pin` varchar(25) NOT NULL,
  `faas_suffix` int(255) NOT NULL,
  `newfaas_objid` varchar(50) DEFAULT NULL,
  `newfaas_rpuid` varchar(50) DEFAULT NULL,
  `newfaas_rpid` varchar(50) DEFAULT NULL,
  `newfaas_section` varchar(3) DEFAULT NULL,
  `newfaas_parcel` varchar(3) DEFAULT NULL,
  `newfaas_suffix` int(255) DEFAULT NULL,
  `newfaas_tdno` varchar(25) DEFAULT NULL,
  `newfaas_fullpin` varchar(50) DEFAULT NULL,
  `newfaas_claimno` varchar(25) DEFAULT NULL,
  `faas_claimno` varchar(25) DEFAULT NULL,
  PRIMARY KEY (`objid`),
  UNIQUE KEY `ux_resection_item_tdno` (`newfaas_tdno`) USING BTREE,
  KEY `FK_resection_item_item` (`parent_objid`),
  KEY `FK_resection_item_faas` (`faas_objid`),
  KEY `FK_resection_item_newfaas` (`newfaas_objid`),
  KEY `ix_resection_item_fullpin` (`newfaas_fullpin`),
  CONSTRAINT `FK_resection_item_faas` FOREIGN KEY (`faas_objid`) REFERENCES `faas` (`objid`),
  CONSTRAINT `FK_resection_item_item` FOREIGN KEY (`parent_objid`) REFERENCES `resection` (`objid`),
  CONSTRAINT `FK_resection_item_newfaas` FOREIGN KEY (`newfaas_objid`) REFERENCES `faas` (`objid`)
) ENGINE=InnoDB DEFAULT CHARSET=utf8;
/*!40101 SET character_set_client = @saved_cs_client */;

--
-- Dumping data for table `resection_item`
--

LOCK TABLES `resection_item` WRITE;
/*!40000 ALTER TABLE `resection_item` DISABLE KEYS */;
/*!40000 ALTER TABLE `resection_item` ENABLE KEYS */;
UNLOCK TABLES;

--
-- Table structure for table `resection_task`
--

DROP TABLE IF EXISTS `resection_task`;
/*!40101 SET @saved_cs_client     = @@character_set_client */;
/*!40101 SET character_set_client = utf8 */;
CREATE TABLE `resection_task` (
  `objid` varchar(50) NOT NULL,
  `refid` varchar(50) DEFAULT NULL,
  `parentprocessid` varchar(50) DEFAULT NULL,
  `state` varchar(50) DEFAULT NULL,
  `startdate` datetime DEFAULT NULL,
  `enddate` datetime DEFAULT NULL,
  `assignee_objid` varchar(50) DEFAULT NULL,
  `assignee_name` varchar(100) DEFAULT NULL,
  `assignee_title` varchar(80) DEFAULT NULL,
  `actor_objid` varchar(50) DEFAULT NULL,
  `actor_name` varchar(100) DEFAULT NULL,
  `actor_title` varchar(80) DEFAULT NULL,
  `message` varchar(255) DEFAULT NULL,
  `signature` longtext,
  PRIMARY KEY (`objid`),
  KEY `ix_assignee_objid` (`assignee_objid`),
  KEY `ix_refid` (`refid`)
) ENGINE=InnoDB DEFAULT CHARSET=utf8;
/*!40101 SET character_set_client = @saved_cs_client */;

--
-- Dumping data for table `resection_task`
--

LOCK TABLES `resection_task` WRITE;
/*!40000 ALTER TABLE `resection_task` DISABLE KEYS */;
/*!40000 ALTER TABLE `resection_task` ENABLE KEYS */;
UNLOCK TABLES;

--
-- Table structure for table `rpt_changeinfo`
--

DROP TABLE IF EXISTS `rpt_changeinfo`;
/*!40101 SET @saved_cs_client     = @@character_set_client */;
/*!40101 SET character_set_client = utf8 */;
CREATE TABLE `rpt_changeinfo` (
  `objid` varchar(50) NOT NULL,
  `faasid` varchar(50) DEFAULT NULL,
  `rpid` varchar(50) DEFAULT NULL,
  `rpuid` varchar(50) DEFAULT NULL,
  `action` varchar(100) NOT NULL,
  `reason` text NOT NULL,
  `newinfo` text NOT NULL,
  `previnfo` text NOT NULL,
  `dtposted` datetime NOT NULL,
  `postedbyid` varchar(50) DEFAULT NULL,
  `postedby` varchar(100) NOT NULL,
  `postedbytitle` varchar(100) NOT NULL,
  `refid` varchar(50) DEFAULT NULL,
  `redflagid` varchar(50) DEFAULT NULL,
  PRIMARY KEY (`objid`)
) ENGINE=InnoDB DEFAULT CHARSET=utf8;
/*!40101 SET character_set_client = @saved_cs_client */;

--
-- Dumping data for table `rpt_changeinfo`
--

LOCK TABLES `rpt_changeinfo` WRITE;
/*!40000 ALTER TABLE `rpt_changeinfo` DISABLE KEYS */;
/*!40000 ALTER TABLE `rpt_changeinfo` ENABLE KEYS */;
UNLOCK TABLES;

--
-- Table structure for table `rpt_redflag`
--

DROP TABLE IF EXISTS `rpt_redflag`;
/*!40101 SET @saved_cs_client     = @@character_set_client */;
/*!40101 SET character_set_client = utf8 */;
CREATE TABLE `rpt_redflag` (
  `objid` varchar(50) NOT NULL,
  `parentid` varchar(50) NOT NULL,
  `state` varchar(30) NOT NULL,
  `refid` varchar(50) NOT NULL,
  `refno` varchar(15) NOT NULL,
  `caseno` varchar(25) NOT NULL,
  `message` text NOT NULL,
  `filedby_date` datetime NOT NULL,
  `filedby_objid` varchar(50) NOT NULL,
  `filedby_name` varchar(150) NOT NULL,
  `action` varchar(50) NOT NULL,
  `resolvedby_objid` varchar(50) DEFAULT NULL,
  `resolvedby_name` varchar(150) DEFAULT NULL,
  `resolvedby_date` datetime DEFAULT NULL,
  `lguid` varchar(15) NOT NULL,
  `dtclosed` datetime DEFAULT NULL,
  `remarks` text,
  `info` text,
  PRIMARY KEY (`objid`),
  UNIQUE KEY `ux_rptredflag_caseno` (`caseno`),
  KEY `ix_rptredflag_refid` (`refid`)
) ENGINE=InnoDB DEFAULT CHARSET=utf8;
/*!40101 SET character_set_client = @saved_cs_client */;

--
-- Dumping data for table `rpt_redflag`
--

LOCK TABLES `rpt_redflag` WRITE;
/*!40000 ALTER TABLE `rpt_redflag` DISABLE KEYS */;
/*!40000 ALTER TABLE `rpt_redflag` ENABLE KEYS */;
UNLOCK TABLES;

--
-- Table structure for table `rpt_requirement`
--

DROP TABLE IF EXISTS `rpt_requirement`;
/*!40101 SET @saved_cs_client     = @@character_set_client */;
/*!40101 SET character_set_client = utf8 */;
CREATE TABLE `rpt_requirement` (
  `objid` varchar(50) NOT NULL,
  `requirementtypeid` varchar(50) NOT NULL,
  `handler` varchar(50) NOT NULL,
  `refid` varchar(50) NOT NULL,
  `value_objid` varchar(50) DEFAULT NULL,
  `value_txnno` varchar(50) DEFAULT NULL,
  `value_txndate` date DEFAULT NULL,
  `value_txnamount` decimal(16,2) DEFAULT NULL,
  `value_remarks` text,
  `complied` int(11) NOT NULL,
  PRIMARY KEY (`objid`),
  KEY `ix_rptrequirement_refid` (`refid`),
  KEY `ix_rptrequirement_requirementtypeid` (`requirementtypeid`),
  KEY `ix_rptrequirement_valueobjid` (`value_objid`),
  CONSTRAINT `rpt_requirement_ibfk_1` FOREIGN KEY (`requirementtypeid`) REFERENCES `rpt_requirement_type` (`objid`)
) ENGINE=InnoDB DEFAULT CHARSET=utf8;
/*!40101 SET character_set_client = @saved_cs_client */;

--
-- Dumping data for table `rpt_requirement`
--

LOCK TABLES `rpt_requirement` WRITE;
/*!40000 ALTER TABLE `rpt_requirement` DISABLE KEYS */;
/*!40000 ALTER TABLE `rpt_requirement` ENABLE KEYS */;
UNLOCK TABLES;

--
-- Table structure for table `rpt_requirement_type`
--

DROP TABLE IF EXISTS `rpt_requirement_type`;
/*!40101 SET @saved_cs_client     = @@character_set_client */;
/*!40101 SET character_set_client = utf8 */;
CREATE TABLE `rpt_requirement_type` (
  `objid` varchar(50) NOT NULL,
  `state` varchar(50) NOT NULL,
  `name` varchar(100) NOT NULL,
  `description` varchar(150) DEFAULT NULL,
  `handler` varchar(100) DEFAULT NULL,
  `sortorder` int(11) NOT NULL,
  PRIMARY KEY (`objid`),
  UNIQUE KEY `ix_rptrequirementtype_name` (`name`)
) ENGINE=InnoDB DEFAULT CHARSET=utf8;
/*!40101 SET character_set_client = @saved_cs_client */;

--
-- Dumping data for table `rpt_requirement_type`
--

LOCK TABLES `rpt_requirement_type` WRITE;
/*!40000 ALTER TABLE `rpt_requirement_type` DISABLE KEYS */;
/*!40000 ALTER TABLE `rpt_requirement_type` ENABLE KEYS */;
UNLOCK TABLES;

--
-- Table structure for table `rpt_sales_data`
--

DROP TABLE IF EXISTS `rpt_sales_data`;
/*!40101 SET @saved_cs_client     = @@character_set_client */;
/*!40101 SET character_set_client = utf8 */;
CREATE TABLE `rpt_sales_data` (
  `objid` varchar(50) NOT NULL,
  `seller_name` varchar(250) NOT NULL,
  `seller_address` varchar(100) NOT NULL,
  `buyer_name` varchar(250) NOT NULL,
  `buyer_address` varchar(100) NOT NULL,
  `saledate` date NOT NULL,
  `amount` decimal(16,2) NOT NULL,
  `remarks` text,
  PRIMARY KEY (`objid`),
  KEY `ix_buyername` (`buyer_name`),
  KEY `ix_sellername` (`seller_name`),
  CONSTRAINT `rpt_sales_data_ibfk_1` FOREIGN KEY (`objid`) REFERENCES `faas` (`objid`)
) ENGINE=InnoDB DEFAULT CHARSET=utf8;
/*!40101 SET character_set_client = @saved_cs_client */;

--
-- Dumping data for table `rpt_sales_data`
--

LOCK TABLES `rpt_sales_data` WRITE;
/*!40000 ALTER TABLE `rpt_sales_data` DISABLE KEYS */;
/*!40000 ALTER TABLE `rpt_sales_data` ENABLE KEYS */;
UNLOCK TABLES;

--
-- Table structure for table `rpt_sms`
--

DROP TABLE IF EXISTS `rpt_sms`;
/*!40101 SET @saved_cs_client     = @@character_set_client */;
/*!40101 SET character_set_client = utf8 */;
CREATE TABLE `rpt_sms` (
  `objid` varchar(50) NOT NULL,
  `traceid` varchar(50) DEFAULT NULL,
  `phoneno` varchar(50) NOT NULL,
  `logdate` datetime NOT NULL,
  `message` text,
  `amount` decimal(10,2) NOT NULL,
  `amtpaid` decimal(10,2) NOT NULL,
  `action` varchar(100) DEFAULT NULL,
  `status` varchar(25) DEFAULT NULL,
  PRIMARY KEY (`objid`),
  KEY `ix_rptsms_phoneno` (`phoneno`),
  KEY `ix_rptsms_traceid` (`traceid`)
) ENGINE=InnoDB DEFAULT CHARSET=utf8;
/*!40101 SET character_set_client = @saved_cs_client */;

--
-- Dumping data for table `rpt_sms`
--

LOCK TABLES `rpt_sms` WRITE;
/*!40000 ALTER TABLE `rpt_sms` DISABLE KEYS */;
/*!40000 ALTER TABLE `rpt_sms` ENABLE KEYS */;
UNLOCK TABLES;

--
-- Table structure for table `rpt_sms_registration`
--

DROP TABLE IF EXISTS `rpt_sms_registration`;
/*!40101 SET @saved_cs_client     = @@character_set_client */;
/*!40101 SET character_set_client = utf8 */;
CREATE TABLE `rpt_sms_registration` (
  `phoneno` varchar(25) NOT NULL,
  `refid` varchar(50) NOT NULL,
  `dtregistered` datetime NOT NULL,
  PRIMARY KEY (`phoneno`,`refid`),
  KEY `ix_rptsmsreg_refid` (`refid`)
) ENGINE=InnoDB DEFAULT CHARSET=utf8;
/*!40101 SET character_set_client = @saved_cs_client */;

--
-- Dumping data for table `rpt_sms_registration`
--

LOCK TABLES `rpt_sms_registration` WRITE;
/*!40000 ALTER TABLE `rpt_sms_registration` DISABLE KEYS */;
/*!40000 ALTER TABLE `rpt_sms_registration` ENABLE KEYS */;
UNLOCK TABLES;

--
-- Table structure for table `rpt_syncdata`
--

DROP TABLE IF EXISTS `rpt_syncdata`;
/*!40101 SET @saved_cs_client     = @@character_set_client */;
/*!40101 SET character_set_client = utf8 */;
CREATE TABLE `rpt_syncdata` (
  `objid` varchar(50) NOT NULL,
  `state` varchar(25) NOT NULL,
  `refid` varchar(50) NOT NULL,
  `reftype` varchar(50) NOT NULL,
  `refno` varchar(50) NOT NULL,
  `action` varchar(50) NOT NULL,
  `dtfiled` datetime NOT NULL,
  `orgid` varchar(50) NOT NULL,
  `remote_orgid` varchar(50) DEFAULT NULL,
  `remote_orgcode` varchar(5) DEFAULT NULL,
  `remote_orgclass` varchar(25) DEFAULT NULL,
  `sender_objid` varchar(50) DEFAULT NULL,
  `sender_name` varchar(255) DEFAULT NULL,
  `sender_title` varchar(80) DEFAULT NULL,
  PRIMARY KEY (`objid`),
  KEY `ix_state` (`state`),
  KEY `ix_refid` (`refid`),
  KEY `ix_refno` (`refno`),
  KEY `ix_orgid` (`orgid`)
) ENGINE=InnoDB DEFAULT CHARSET=utf8;
/*!40101 SET character_set_client = @saved_cs_client */;

--
-- Dumping data for table `rpt_syncdata`
--

LOCK TABLES `rpt_syncdata` WRITE;
/*!40000 ALTER TABLE `rpt_syncdata` DISABLE KEYS */;
/*!40000 ALTER TABLE `rpt_syncdata` ENABLE KEYS */;
UNLOCK TABLES;

--
-- Table structure for table `rpt_syncdata_error`
--

DROP TABLE IF EXISTS `rpt_syncdata_error`;
/*!40101 SET @saved_cs_client     = @@character_set_client */;
/*!40101 SET character_set_client = utf8 */;
CREATE TABLE `rpt_syncdata_error` (
  `objid` varchar(50) NOT NULL,
  `filekey` varchar(1000) NOT NULL,
  `error` text,
  `refid` varchar(50) NOT NULL,
  `reftype` varchar(50) NOT NULL,
  `refno` varchar(50) NOT NULL,
  `action` varchar(50) NOT NULL,
  `idx` int(11) NOT NULL,
  `info` text,
  `parent` text,
  `remote_orgid` varchar(50) DEFAULT NULL,
  `remote_orgcode` varchar(5) DEFAULT NULL,
  `remote_orgclass` varchar(50) DEFAULT NULL,
  PRIMARY KEY (`objid`),
  KEY `ix_refid` (`refid`),
  KEY `ix_refno` (`refno`),
  KEY `ix_filekey` (`filekey`(255)),
  KEY `ix_remote_orgid` (`remote_orgid`),
  KEY `ix_remote_orgcode` (`remote_orgcode`)
) ENGINE=InnoDB DEFAULT CHARSET=utf8;
/*!40101 SET character_set_client = @saved_cs_client */;

--
-- Dumping data for table `rpt_syncdata_error`
--

LOCK TABLES `rpt_syncdata_error` WRITE;
/*!40000 ALTER TABLE `rpt_syncdata_error` DISABLE KEYS */;
/*!40000 ALTER TABLE `rpt_syncdata_error` ENABLE KEYS */;
UNLOCK TABLES;

--
-- Table structure for table `rpt_syncdata_forsync`
--

DROP TABLE IF EXISTS `rpt_syncdata_forsync`;
/*!40101 SET @saved_cs_client     = @@character_set_client */;
/*!40101 SET character_set_client = utf8 */;
CREATE TABLE `rpt_syncdata_forsync` (
  `objid` varchar(50) NOT NULL,
  `reftype` varchar(50) NOT NULL,
  `refno` varchar(50) NOT NULL,
  `action` varchar(50) NOT NULL,
  `orgid` varchar(50) NOT NULL,
  `dtfiled` datetime NOT NULL,
  `createdby_objid` varchar(50) DEFAULT NULL,
  `createdby_name` varchar(255) DEFAULT NULL,
  `createdby_title` varchar(50) DEFAULT NULL,
  `remote_orgid` varchar(15) DEFAULT NULL,
  `state` varchar(25) DEFAULT NULL,
  PRIMARY KEY (`objid`),
  KEY `ix_refno` (`refno`),
  KEY `ix_orgid` (`orgid`),
  KEY `ix_state` (`state`)
) ENGINE=InnoDB DEFAULT CHARSET=utf8;
/*!40101 SET character_set_client = @saved_cs_client */;

--
-- Dumping data for table `rpt_syncdata_forsync`
--

LOCK TABLES `rpt_syncdata_forsync` WRITE;
/*!40000 ALTER TABLE `rpt_syncdata_forsync` DISABLE KEYS */;
/*!40000 ALTER TABLE `rpt_syncdata_forsync` ENABLE KEYS */;
UNLOCK TABLES;

--
-- Table structure for table `rpt_syncdata_item`
--

DROP TABLE IF EXISTS `rpt_syncdata_item`;
/*!40101 SET @saved_cs_client     = @@character_set_client */;
/*!40101 SET character_set_client = utf8 */;
CREATE TABLE `rpt_syncdata_item` (
  `objid` varchar(50) NOT NULL,
  `parentid` varchar(50) NOT NULL,
  `state` varchar(25) NOT NULL,
  `refid` varchar(50) NOT NULL,
  `reftype` varchar(50) NOT NULL,
  `refno` varchar(50) NOT NULL,
  `action` varchar(50) NOT NULL,
  `idx` int(11) NOT NULL,
  `info` text,
  PRIMARY KEY (`objid`),
  KEY `ix_parentid` (`parentid`),
  KEY `ix_state` (`state`),
  KEY `ix_refid` (`refid`),
  KEY `ix_refno` (`refno`),
  CONSTRAINT `FK_parentid_rpt_syncdata` FOREIGN KEY (`parentid`) REFERENCES `rpt_syncdata` (`objid`)
) ENGINE=InnoDB DEFAULT CHARSET=utf8;
/*!40101 SET character_set_client = @saved_cs_client */;

--
-- Dumping data for table `rpt_syncdata_item`
--

LOCK TABLES `rpt_syncdata_item` WRITE;
/*!40000 ALTER TABLE `rpt_syncdata_item` DISABLE KEYS */;
/*!40000 ALTER TABLE `rpt_syncdata_item` ENABLE KEYS */;
UNLOCK TABLES;

--
-- Table structure for table `rptacknowledgement`
--

DROP TABLE IF EXISTS `rptacknowledgement`;
/*!40101 SET @saved_cs_client     = @@character_set_client */;
/*!40101 SET character_set_client = utf8 */;
CREATE TABLE `rptacknowledgement` (
  `objid` varchar(50) NOT NULL,
  `state` varchar(25) NOT NULL,
  `txnno` varchar(25) NOT NULL,
  `txndate` datetime DEFAULT NULL,
  `taxpayer_objid` varchar(50) DEFAULT NULL,
  `txntype_objid` varchar(50) DEFAULT NULL,
  `releasedate` datetime DEFAULT NULL,
  `releasemode` varchar(50) DEFAULT NULL,
  `receivedby` varchar(255) DEFAULT NULL,
  `remarks` varchar(255) DEFAULT NULL,
  `pin` varchar(25) DEFAULT NULL,
  `createdby_objid` varchar(25) DEFAULT NULL,
  `createdby_name` varchar(25) DEFAULT NULL,
  `createdby_title` varchar(25) DEFAULT NULL,
  PRIMARY KEY (`objid`),
  UNIQUE KEY `ux_rptacknowledgement_txnno` (`txnno`),
  KEY `ix_rptacknowledgement_pin` (`pin`),
  KEY `ix_rptacknowledgement_taxpayerid` (`taxpayer_objid`)
) ENGINE=InnoDB DEFAULT CHARSET=utf8;
/*!40101 SET character_set_client = @saved_cs_client */;

--
-- Dumping data for table `rptacknowledgement`
--

LOCK TABLES `rptacknowledgement` WRITE;
/*!40000 ALTER TABLE `rptacknowledgement` DISABLE KEYS */;
/*!40000 ALTER TABLE `rptacknowledgement` ENABLE KEYS */;
UNLOCK TABLES;

--
-- Table structure for table `rptacknowledgement_item`
--

DROP TABLE IF EXISTS `rptacknowledgement_item`;
/*!40101 SET @saved_cs_client     = @@character_set_client */;
/*!40101 SET character_set_client = utf8 */;
CREATE TABLE `rptacknowledgement_item` (
  `objid` varchar(50) NOT NULL,
  `parent_objid` varchar(50) NOT NULL,
  `trackingno` varchar(25) DEFAULT NULL,
  `faas_objid` varchar(50) DEFAULT NULL,
  `newfaas_objid` varchar(50) DEFAULT NULL,
  `remarks` varchar(255) DEFAULT NULL,
  PRIMARY KEY (`objid`),
  UNIQUE KEY `ux_rptacknowledgement_itemno` (`trackingno`),
  KEY `ix_rptacknowledgement_parentid` (`parent_objid`),
  KEY `ix_rptacknowledgement_item_faasid` (`faas_objid`),
  KEY `ix_rptacknowledgement_item_newfaasid` (`newfaas_objid`),
  CONSTRAINT `fk_rptacknowledgement_item_rptacknowledgement` FOREIGN KEY (`parent_objid`) REFERENCES `rptacknowledgement` (`objid`)
) ENGINE=InnoDB DEFAULT CHARSET=utf8;
/*!40101 SET character_set_client = @saved_cs_client */;

--
-- Dumping data for table `rptacknowledgement_item`
--

LOCK TABLES `rptacknowledgement_item` WRITE;
/*!40000 ALTER TABLE `rptacknowledgement_item` DISABLE KEYS */;
/*!40000 ALTER TABLE `rptacknowledgement_item` ENABLE KEYS */;
UNLOCK TABLES;

--
-- Table structure for table `rptbill`
--

DROP TABLE IF EXISTS `rptbill`;
/*!40101 SET @saved_cs_client     = @@character_set_client */;
/*!40101 SET character_set_client = utf8 */;
CREATE TABLE `rptbill` (
  `objid` varchar(50) NOT NULL,
  `taxpayer_objid` varchar(50) NOT NULL,
  `barcode` varchar(25) NOT NULL,
  `expirydate` date NOT NULL,
  `postedby` varchar(100) NOT NULL,
  `postedbytitle` varchar(50) DEFAULT NULL,
  `billtoyear` int(11) DEFAULT NULL,
  `billtoqtr` int(11) DEFAULT NULL,
  `dtposted` datetime DEFAULT NULL,
  `taxpayer_name` text,
  `taxpayer_address` varchar(150) DEFAULT NULL,
  PRIMARY KEY (`objid`),
  KEY `taxpayer_objid` (`taxpayer_objid`),
  CONSTRAINT `rptbill_ibfk_1` FOREIGN KEY (`taxpayer_objid`) REFERENCES `entity` (`objid`)
) ENGINE=InnoDB DEFAULT CHARSET=utf8;
/*!40101 SET character_set_client = @saved_cs_client */;

--
-- Dumping data for table `rptbill`
--

LOCK TABLES `rptbill` WRITE;
/*!40000 ALTER TABLE `rptbill` DISABLE KEYS */;
/*!40000 ALTER TABLE `rptbill` ENABLE KEYS */;
UNLOCK TABLES;

--
-- Table structure for table `rptbill_ledger`
--

DROP TABLE IF EXISTS `rptbill_ledger`;
/*!40101 SET @saved_cs_client     = @@character_set_client */;
/*!40101 SET character_set_client = utf8 */;
CREATE TABLE `rptbill_ledger` (
  `rptledgerid` varchar(50) NOT NULL DEFAULT '',
  `billid` varchar(50) NOT NULL DEFAULT '',
  `updateflag` varchar(50) DEFAULT NULL,
  PRIMARY KEY (`rptledgerid`,`billid`),
  KEY `rptbillid` (`billid`),
  KEY `rptledgerid` (`rptledgerid`),
  CONSTRAINT `FK_rptbillledger_rptbill` FOREIGN KEY (`billid`) REFERENCES `rptbill` (`objid`),
  CONSTRAINT `FK_rptbillledger_rptledger` FOREIGN KEY (`rptledgerid`) REFERENCES `rptledger` (`objid`)
) ENGINE=InnoDB DEFAULT CHARSET=utf8;
/*!40101 SET character_set_client = @saved_cs_client */;

--
-- Dumping data for table `rptbill_ledger`
--

LOCK TABLES `rptbill_ledger` WRITE;
/*!40000 ALTER TABLE `rptbill_ledger` DISABLE KEYS */;
/*!40000 ALTER TABLE `rptbill_ledger` ENABLE KEYS */;
UNLOCK TABLES;

--
-- Table structure for table `rptcertification`
--

DROP TABLE IF EXISTS `rptcertification`;
/*!40101 SET @saved_cs_client     = @@character_set_client */;
/*!40101 SET character_set_client = utf8 */;
CREATE TABLE `rptcertification` (
  `objid` varchar(50) NOT NULL,
  `txnno` varchar(25) NOT NULL,
  `txndate` datetime NOT NULL,
  `opener` varchar(50) NOT NULL,
  `faasid` varchar(50) DEFAULT NULL,
  `taxpayer_objid` varchar(50) DEFAULT NULL,
  `taxpayer_name` longtext NOT NULL,
  `taxpayer_address` varchar(150) DEFAULT NULL,
  `requestedby` longtext NOT NULL,
  `requestedbyaddress` varchar(100) NOT NULL,
  `purpose` text,
  `certifiedby` varchar(150) NOT NULL,
  `certifiedbytitle` varchar(50) NOT NULL,
  `byauthority` varchar(150) DEFAULT NULL,
  `byauthoritytitle` varchar(50) DEFAULT NULL,
  `official` int(11) NOT NULL,
  `orno` varchar(25) DEFAULT NULL,
  `ordate` datetime DEFAULT NULL,
  `oramount` decimal(16,2) NOT NULL,
  `stampamount` decimal(16,2) NOT NULL,
  `createdbyid` varchar(50) DEFAULT NULL,
  `createdby` varchar(150) NOT NULL,
  `createdbytitle` varchar(50) NOT NULL,
  `office` varchar(50) DEFAULT NULL,
  `addlinfo` text,
  `attestedby` varchar(150) DEFAULT NULL,
  `attestedbytitle` varchar(50) DEFAULT NULL,
  `asofyear` int(11) DEFAULT NULL,
  `year` int(11) DEFAULT NULL,
  `qtr` int(11) DEFAULT NULL,
  `properties` text,
  PRIMARY KEY (`objid`),
  KEY `FK_rptcertification_faas` (`faasid`),
  KEY `ix_rptcertification_office` (`office`),
  KEY `ix_rptcertification_office_txnno` (`office`,`txnno`),
  KEY `ix_rptcertification_taxpayerid` (`taxpayer_objid`),
  KEY `createdbyid` (`createdbyid`),
  CONSTRAINT `rptcertification_ibfk_1` FOREIGN KEY (`faasid`) REFERENCES `faas` (`objid`),
  CONSTRAINT `rptcertification_ibfk_2` FOREIGN KEY (`taxpayer_objid`) REFERENCES `entity` (`objid`),
  CONSTRAINT `rptcertification_ibfk_3` FOREIGN KEY (`createdbyid`) REFERENCES `sys_user` (`objid`)
) ENGINE=InnoDB DEFAULT CHARSET=utf8;
/*!40101 SET character_set_client = @saved_cs_client */;

--
-- Dumping data for table `rptcertification`
--

LOCK TABLES `rptcertification` WRITE;
/*!40000 ALTER TABLE `rptcertification` DISABLE KEYS */;
/*!40000 ALTER TABLE `rptcertification` ENABLE KEYS */;
UNLOCK TABLES;

--
-- Table structure for table `rptcertification_online`
--

DROP TABLE IF EXISTS `rptcertification_online`;
/*!40101 SET @saved_cs_client     = @@character_set_client */;
/*!40101 SET character_set_client = utf8 */;
CREATE TABLE `rptcertification_online` (
  `objid` varchar(50) NOT NULL,
  `state` varchar(25) NOT NULL,
  `reftype` varchar(25) NOT NULL,
  `refid` varchar(50) NOT NULL,
  `refno` varchar(50) NOT NULL,
  `refdate` date NOT NULL,
  `orno` varchar(25) DEFAULT NULL,
  `ordate` date DEFAULT NULL,
  `oramount` decimal(16,2) DEFAULT NULL,
  PRIMARY KEY (`objid`),
  KEY `ix_state` (`state`),
  KEY `ix_refid` (`refid`),
  KEY `ix_refno` (`refno`),
  KEY `ix_orno` (`orno`),
  CONSTRAINT `fk_rptcertification_online_rptcertification` FOREIGN KEY (`objid`) REFERENCES `rptcertification` (`objid`)
) ENGINE=InnoDB DEFAULT CHARSET=utf8;
/*!40101 SET character_set_client = @saved_cs_client */;

--
-- Dumping data for table `rptcertification_online`
--

LOCK TABLES `rptcertification_online` WRITE;
/*!40000 ALTER TABLE `rptcertification_online` DISABLE KEYS */;
/*!40000 ALTER TABLE `rptcertification_online` ENABLE KEYS */;
UNLOCK TABLES;

--
-- Table structure for table `rptcertificationitem`
--

DROP TABLE IF EXISTS `rptcertificationitem`;
/*!40101 SET @saved_cs_client     = @@character_set_client */;
/*!40101 SET character_set_client = utf8 */;
CREATE TABLE `rptcertificationitem` (
  `rptcertificationid` varchar(50) NOT NULL,
  `refid` varchar(50) NOT NULL,
  KEY `FK_rptcertificationitem_rptcertification` (`rptcertificationid`),
  KEY `ix_rptcertificationitem_refid` (`refid`),
  CONSTRAINT `rptcertificationitem_ibfk_1` FOREIGN KEY (`rptcertificationid`) REFERENCES `rptcertification` (`objid`)
) ENGINE=InnoDB DEFAULT CHARSET=utf8;
/*!40101 SET character_set_client = @saved_cs_client */;

--
-- Dumping data for table `rptcertificationitem`
--

LOCK TABLES `rptcertificationitem` WRITE;
/*!40000 ALTER TABLE `rptcertificationitem` DISABLE KEYS */;
/*!40000 ALTER TABLE `rptcertificationitem` ENABLE KEYS */;
UNLOCK TABLES;

--
-- Table structure for table `rptcompromise`
--

DROP TABLE IF EXISTS `rptcompromise`;
/*!40101 SET @saved_cs_client     = @@character_set_client */;
/*!40101 SET character_set_client = utf8 */;
CREATE TABLE `rptcompromise` (
  `objid` varchar(50) NOT NULL,
  `state` varchar(25) NOT NULL,
  `txnno` varchar(25) NOT NULL,
  `txndate` date NOT NULL,
  `faasid` varchar(50) DEFAULT NULL,
  `rptledgerid` varchar(50) NOT NULL,
  `lastyearpaid` int(11) NOT NULL,
  `lastqtrpaid` int(11) NOT NULL,
  `startyear` int(11) NOT NULL,
  `startqtr` int(11) NOT NULL,
  `endyear` int(11) NOT NULL,
  `endqtr` int(11) NOT NULL,
  `enddate` date NOT NULL,
  `cypaymentrequired` int(11) DEFAULT NULL,
  `cypaymentorno` varchar(10) DEFAULT NULL,
  `cypaymentordate` date DEFAULT NULL,
  `cypaymentoramount` decimal(10,2) DEFAULT NULL,
  `downpaymentrequired` int(11) NOT NULL,
  `downpaymentrate` decimal(10,0) NOT NULL,
  `downpayment` decimal(10,2) NOT NULL,
  `downpaymentorno` varchar(50) DEFAULT NULL,
  `downpaymentordate` date DEFAULT NULL,
  `term` int(11) NOT NULL,
  `numofinstallment` int(11) NOT NULL,
  `amount` decimal(16,2) NOT NULL,
  `amtforinstallment` decimal(16,2) NOT NULL,
  `amtpaid` decimal(16,2) NOT NULL,
  `firstpartyname` varchar(100) NOT NULL,
  `firstpartytitle` varchar(50) NOT NULL,
  `firstpartyaddress` varchar(100) NOT NULL,
  `firstpartyctcno` varchar(15) NOT NULL,
  `firstpartyctcissued` varchar(100) NOT NULL,
  `firstpartyctcdate` date NOT NULL,
  `firstpartynationality` varchar(50) NOT NULL,
  `firstpartystatus` varchar(50) NOT NULL,
  `firstpartygender` varchar(10) NOT NULL,
  `secondpartyrepresentative` varchar(100) NOT NULL,
  `secondpartyname` varchar(100) NOT NULL,
  `secondpartyaddress` varchar(100) NOT NULL,
  `secondpartyctcno` varchar(15) NOT NULL,
  `secondpartyctcissued` varchar(100) NOT NULL,
  `secondpartyctcdate` date NOT NULL,
  `secondpartynationality` varchar(50) NOT NULL,
  `secondpartystatus` varchar(50) NOT NULL,
  `secondpartygender` varchar(10) NOT NULL,
  `dtsigned` date DEFAULT NULL,
  `notarizeddate` date DEFAULT NULL,
  `notarizedby` varchar(100) DEFAULT NULL,
  `notarizedbytitle` varchar(50) DEFAULT NULL,
  `signatories` varchar(1000) NOT NULL,
  `manualdiff` decimal(16,2) NOT NULL DEFAULT '0.00',
  `cypaymentreceiptid` varchar(50) DEFAULT NULL,
  `downpaymentreceiptid` varchar(50) DEFAULT NULL,
  PRIMARY KEY (`objid`),
  KEY `ix_rptcompromise_faasid` (`faasid`),
  KEY `ix_rptcompromise_ledgerid` (`rptledgerid`),
  CONSTRAINT `fk_rptcompromise_faas` FOREIGN KEY (`faasid`) REFERENCES `faas` (`objid`),
  CONSTRAINT `fk_rptcompromise_rptledger` FOREIGN KEY (`rptledgerid`) REFERENCES `rptledger` (`objid`)
) ENGINE=InnoDB DEFAULT CHARSET=utf8;
/*!40101 SET character_set_client = @saved_cs_client */;

--
-- Dumping data for table `rptcompromise`
--

LOCK TABLES `rptcompromise` WRITE;
/*!40000 ALTER TABLE `rptcompromise` DISABLE KEYS */;
/*!40000 ALTER TABLE `rptcompromise` ENABLE KEYS */;
UNLOCK TABLES;

--
-- Table structure for table `rptcompromise_credit`
--

DROP TABLE IF EXISTS `rptcompromise_credit`;
/*!40101 SET @saved_cs_client     = @@character_set_client */;
/*!40101 SET character_set_client = utf8 */;
CREATE TABLE `rptcompromise_credit` (
  `objid` varchar(50) NOT NULL,
  `parentid` varchar(50) NOT NULL,
  `receiptid` varchar(50) DEFAULT NULL,
  `installmentid` varchar(50) DEFAULT NULL,
  `collector_name` varchar(100) NOT NULL,
  `collector_title` varchar(50) NOT NULL,
  `orno` varchar(10) NOT NULL,
  `ordate` date NOT NULL,
  `oramount` decimal(16,2) NOT NULL,
  `amount` decimal(16,2) NOT NULL,
  `mode` varchar(50) NOT NULL,
  `paidby` varchar(150) NOT NULL,
  `paidbyaddress` varchar(100) NOT NULL,
  `partial` int(11) DEFAULT NULL,
  `remarks` varchar(100) DEFAULT NULL,
  PRIMARY KEY (`objid`),
  KEY `ix_rptcompromise_credit_parentid` (`parentid`),
  KEY `ix_rptcompromise_credit_receiptid` (`receiptid`),
  KEY `ix_rptcompromise_credit_installmentid` (`installmentid`),
  CONSTRAINT `fk_rptcompromise_credit_cashreceipt` FOREIGN KEY (`receiptid`) REFERENCES `cashreceipt` (`objid`),
  CONSTRAINT `fk_rptcompromise_credit_rptcompromise` FOREIGN KEY (`parentid`) REFERENCES `rptcompromise` (`objid`),
  CONSTRAINT `fk_rptcompromise_credit_rptcompromise_installment` FOREIGN KEY (`installmentid`) REFERENCES `rptcompromise_installment` (`objid`)
) ENGINE=InnoDB DEFAULT CHARSET=utf8;
/*!40101 SET character_set_client = @saved_cs_client */;

--
-- Dumping data for table `rptcompromise_credit`
--

LOCK TABLES `rptcompromise_credit` WRITE;
/*!40000 ALTER TABLE `rptcompromise_credit` DISABLE KEYS */;
/*!40000 ALTER TABLE `rptcompromise_credit` ENABLE KEYS */;
UNLOCK TABLES;

--
-- Table structure for table `rptcompromise_installment`
--

DROP TABLE IF EXISTS `rptcompromise_installment`;
/*!40101 SET @saved_cs_client     = @@character_set_client */;
/*!40101 SET character_set_client = utf8 */;
CREATE TABLE `rptcompromise_installment` (
  `objid` varchar(50) NOT NULL,
  `parentid` varchar(50) NOT NULL,
  `installmentno` int(11) NOT NULL,
  `duedate` date NOT NULL,
  `amount` decimal(16,2) NOT NULL,
  `amtpaid` decimal(16,2) NOT NULL,
  `fullypaid` int(11) NOT NULL,
  PRIMARY KEY (`objid`),
  KEY `ix_rptcompromise_installment_rptcompromiseid` (`parentid`),
  CONSTRAINT `fk_rptcompromise_installment_rptcompromise` FOREIGN KEY (`parentid`) REFERENCES `rptcompromise` (`objid`)
) ENGINE=InnoDB DEFAULT CHARSET=utf8;
/*!40101 SET character_set_client = @saved_cs_client */;

--
-- Dumping data for table `rptcompromise_installment`
--

LOCK TABLES `rptcompromise_installment` WRITE;
/*!40000 ALTER TABLE `rptcompromise_installment` DISABLE KEYS */;
/*!40000 ALTER TABLE `rptcompromise_installment` ENABLE KEYS */;
UNLOCK TABLES;

--
-- Table structure for table `rptcompromise_item`
--

DROP TABLE IF EXISTS `rptcompromise_item`;
/*!40101 SET @saved_cs_client     = @@character_set_client */;
/*!40101 SET character_set_client = utf8 */;
CREATE TABLE `rptcompromise_item` (
  `objid` varchar(50) NOT NULL,
  `parentid` varchar(50) NOT NULL,
  `rptledgerfaasid` varchar(50) NOT NULL,
  `revtype` varchar(50) NOT NULL,
  `revperiod` varchar(50) NOT NULL,
  `year` int(11) NOT NULL,
  `amount` decimal(16,2) NOT NULL,
  `amtpaid` decimal(16,2) NOT NULL,
  `interest` decimal(16,2) NOT NULL,
  `interestpaid` decimal(16,2) NOT NULL,
  `priority` int(11) DEFAULT NULL,
  `taxdifference` int(11) DEFAULT NULL,
  `qtr` int(11) DEFAULT NULL,
  PRIMARY KEY (`objid`),
  KEY `ix_rptcompromise_item_rptcompromise` (`parentid`),
  KEY `ix_rptcompromise_item_rptledgerfaas` (`rptledgerfaasid`),
  CONSTRAINT `fk_rptcompromise_item_rptcompromise` FOREIGN KEY (`parentid`) REFERENCES `rptcompromise` (`objid`),
  CONSTRAINT `fk_rptcompromise_item_rptledgerfaas` FOREIGN KEY (`rptledgerfaasid`) REFERENCES `rptledgerfaas` (`objid`)
) ENGINE=InnoDB DEFAULT CHARSET=utf8;
/*!40101 SET character_set_client = @saved_cs_client */;

--
-- Dumping data for table `rptcompromise_item`
--

LOCK TABLES `rptcompromise_item` WRITE;
/*!40000 ALTER TABLE `rptcompromise_item` DISABLE KEYS */;
/*!40000 ALTER TABLE `rptcompromise_item` ENABLE KEYS */;
UNLOCK TABLES;

--
-- Table structure for table `rptexpiry`
--

DROP TABLE IF EXISTS `rptexpiry`;
/*!40101 SET @saved_cs_client     = @@character_set_client */;
/*!40101 SET character_set_client = utf8 */;
CREATE TABLE `rptexpiry` (
  `iyear` int(11) NOT NULL,
  `iqtr` int(11) NOT NULL,
  `expirytype` varchar(50) NOT NULL,
  `expirydate` datetime DEFAULT NULL,
  `reason` varchar(100) DEFAULT NULL,
  PRIMARY KEY (`iqtr`,`iyear`,`expirytype`),
  KEY `ix_rptexpiry_yrqtr` (`iyear`,`iqtr`)
) ENGINE=InnoDB DEFAULT CHARSET=utf8;
/*!40101 SET character_set_client = @saved_cs_client */;

--
-- Dumping data for table `rptexpiry`
--

LOCK TABLES `rptexpiry` WRITE;
/*!40000 ALTER TABLE `rptexpiry` DISABLE KEYS */;
/*!40000 ALTER TABLE `rptexpiry` ENABLE KEYS */;
UNLOCK TABLES;

--
-- Table structure for table `rptledger`
--

DROP TABLE IF EXISTS `rptledger`;
/*!40101 SET @saved_cs_client     = @@character_set_client */;
/*!40101 SET character_set_client = utf8 */;
CREATE TABLE `rptledger` (
  `objid` varchar(50) NOT NULL,
  `state` varchar(25) NOT NULL,
  `faasid` varchar(50) DEFAULT NULL,
  `nextbilldate` date DEFAULT NULL,
  `lastyearpaid` int(11) NOT NULL,
  `lastqtrpaid` int(11) NOT NULL,
  `firstqtrpaidontime` int(11) DEFAULT NULL,
  `qtrlypaymentavailed` int(11) DEFAULT NULL,
  `qtrlypaymentpaidontime` int(11) DEFAULT NULL,
  `lastitemyear` int(11) DEFAULT NULL,
  `lastreceiptid` varchar(50) DEFAULT NULL,
  `barangayid` varchar(50) NOT NULL,
  `advancebill` int(11) DEFAULT NULL,
  `lastbilledyear` int(11) DEFAULT NULL,
  `lastbilledqtr` int(11) DEFAULT NULL,
  `partialbasic` decimal(16,2) DEFAULT NULL,
  `partialbasicint` decimal(16,2) DEFAULT NULL,
  `partialbasicdisc` decimal(16,2) DEFAULT NULL,
  `partialsef` decimal(16,2) DEFAULT NULL,
  `partialsefint` decimal(16,2) DEFAULT NULL,
  `partialsefdisc` decimal(16,2) DEFAULT NULL,
  `partialledyear` int(11) DEFAULT NULL,
  `partialledqtr` int(11) DEFAULT NULL,
  `taxpayer_objid` varchar(50) DEFAULT NULL,
  `fullpin` varchar(30) NOT NULL DEFAULT '',
  `tdno` varchar(20) DEFAULT NULL,
  `cadastrallotno` varchar(50) DEFAULT NULL,
  `rputype` varchar(12) DEFAULT NULL,
  `txntype_objid` varchar(5) DEFAULT NULL,
  `classcode` varchar(5) DEFAULT NULL,
  `totalav` decimal(16,2) DEFAULT NULL,
  `totalmv` decimal(16,2) DEFAULT NULL,
  `totalareaha` decimal(16,6) DEFAULT NULL,
  `taxable` int(255) DEFAULT NULL,
  `owner_name` varchar(1500) NOT NULL,
  `prevtdno` varchar(800) DEFAULT NULL,
  `classification_objid` varchar(50) DEFAULT NULL,
  `titleno` varchar(30) DEFAULT NULL,
  `undercompromise` int(11) DEFAULT NULL,
  `updateflag` varchar(50) DEFAULT NULL,
  `forcerecalcbill` int(11) DEFAULT NULL,
  `administrator_name` varchar(150) DEFAULT NULL,
  `blockno` varchar(50) DEFAULT NULL,
  `lguid` varchar(50) DEFAULT NULL,
  `beneficiary_objid` varchar(50) DEFAULT NULL,
  PRIMARY KEY (`objid`),
  UNIQUE KEY `ux_rptledger_tdno` (`tdno`),
  KEY `barangayid` (`barangayid`),
  KEY `ix_rptledger_faasid` (`faasid`),
  KEY `ix_rptledger_state` (`state`),
  KEY `ix_rptledger_state_barangay` (`state`,`barangayid`),
  KEY `ix_rptledger_state_faasid` (`state`,`faasid`),
  KEY `ix_rptledger_state_lastyearpaid` (`state`,`lastyearpaid`),
  KEY `ix_rptledgerlastyearpaidqtr` (`lastyearpaid`,`lastqtrpaid`),
  KEY `ix_rptledger_taxpayerid` (`taxpayer_objid`),
  KEY `ix_rptledger_cadastrallotno` (`cadastrallotno`),
  KEY `ix_rptledger_administartorname` (`administrator_name`),
  KEY `ix_rptledger_blockno` (`blockno`),
  KEY `ix_beneficiary_objid` (`beneficiary_objid`),
  KEY `ix_rptledger_prevtdno` (`prevtdno`(255)),
  KEY `ix_rptledger_owner_name` (`owner_name`(255)),
  CONSTRAINT `FK_rptledger_taxpayer` FOREIGN KEY (`taxpayer_objid`) REFERENCES `entity` (`objid`),
  CONSTRAINT `rptledger_ibfk_1` FOREIGN KEY (`barangayid`) REFERENCES `barangay` (`objid`),
  CONSTRAINT `rptledger_ibfk_2` FOREIGN KEY (`faasid`) REFERENCES `faas` (`objid`)
) ENGINE=InnoDB DEFAULT CHARSET=utf8;
/*!40101 SET character_set_client = @saved_cs_client */;

--
-- Dumping data for table `rptledger`
--

LOCK TABLES `rptledger` WRITE;
/*!40000 ALTER TABLE `rptledger` DISABLE KEYS */;
/*!40000 ALTER TABLE `rptledger` ENABLE KEYS */;
UNLOCK TABLES;

--
-- Table structure for table `rptledger_avdifference`
--

DROP TABLE IF EXISTS `rptledger_avdifference`;
/*!40101 SET @saved_cs_client     = @@character_set_client */;
/*!40101 SET character_set_client = utf8 */;
CREATE TABLE `rptledger_avdifference` (
  `objid` varchar(50) NOT NULL,
  `parent_objid` varchar(50) NOT NULL,
  `rptledgerfaas_objid` varchar(50) NOT NULL,
  `year` int(11) NOT NULL,
  `av` decimal(16,2) NOT NULL,
  `paid` int(11) NOT NULL,
  PRIMARY KEY (`objid`),
  KEY `fk_rptledger` (`parent_objid`),
  KEY `fk_rptledgerfaas` (`rptledgerfaas_objid`),
  CONSTRAINT `fk_rptledger` FOREIGN KEY (`parent_objid`) REFERENCES `rptledger` (`objid`),
  CONSTRAINT `fk_rptledgerfaas` FOREIGN KEY (`rptledgerfaas_objid`) REFERENCES `rptledgerfaas` (`objid`)
) ENGINE=InnoDB DEFAULT CHARSET=utf8;
/*!40101 SET character_set_client = @saved_cs_client */;

--
-- Dumping data for table `rptledger_avdifference`
--

LOCK TABLES `rptledger_avdifference` WRITE;
/*!40000 ALTER TABLE `rptledger_avdifference` DISABLE KEYS */;
/*!40000 ALTER TABLE `rptledger_avdifference` ENABLE KEYS */;
UNLOCK TABLES;

--
-- Table structure for table `rptledger_compromise`
--

DROP TABLE IF EXISTS `rptledger_compromise`;
/*!40101 SET @saved_cs_client     = @@character_set_client */;
/*!40101 SET character_set_client = utf8 */;
CREATE TABLE `rptledger_compromise` (
  `objid` varchar(50) NOT NULL DEFAULT '',
  `state` varchar(25) NOT NULL DEFAULT '',
  `txnno` varchar(25) NOT NULL DEFAULT '',
  `txndate` date NOT NULL,
  `faasid` varchar(50) DEFAULT NULL,
  `rptledgerid` varchar(50) NOT NULL DEFAULT '',
  `lastyearpaid` int(11) NOT NULL,
  `lastqtrpaid` int(11) NOT NULL,
  `startyear` int(11) NOT NULL,
  `startqtr` int(11) NOT NULL,
  `endyear` int(11) NOT NULL,
  `endqtr` int(11) NOT NULL,
  `enddate` date NOT NULL,
  `cypaymentrequired` int(11) DEFAULT NULL,
  `cypaymentorno` varchar(10) DEFAULT NULL,
  `cypaymentordate` date DEFAULT NULL,
  `cypaymentoramount` decimal(10,2) DEFAULT NULL,
  `downpaymentrequired` int(11) NOT NULL,
  `downpaymentrate` decimal(10,0) NOT NULL,
  `downpayment` decimal(10,2) NOT NULL,
  `downpaymentorno` varchar(50) DEFAULT NULL,
  `downpaymentordate` date DEFAULT NULL,
  `term` int(11) NOT NULL,
  `numofinstallment` int(11) NOT NULL,
  `amount` decimal(16,2) NOT NULL,
  `amtforinstallment` decimal(16,2) NOT NULL,
  `amtpaid` decimal(16,2) NOT NULL,
  `firstpartyname` varchar(100) NOT NULL DEFAULT '',
  `firstpartytitle` varchar(50) NOT NULL DEFAULT '',
  `firstpartyaddress` varchar(100) NOT NULL DEFAULT '',
  `firstpartyctcno` varchar(15) NOT NULL DEFAULT '',
  `firstpartyctcissued` varchar(100) NOT NULL DEFAULT '',
  `firstpartyctcdate` date NOT NULL,
  `firstpartynationality` varchar(50) NOT NULL DEFAULT '',
  `firstpartystatus` varchar(50) NOT NULL DEFAULT '',
  `firstpartygender` varchar(10) NOT NULL DEFAULT '',
  `secondpartyrepresentative` varchar(100) NOT NULL DEFAULT '',
  `secondpartyname` varchar(100) NOT NULL DEFAULT '',
  `secondpartyaddress` varchar(100) NOT NULL DEFAULT '',
  `secondpartyctcno` varchar(15) NOT NULL DEFAULT '',
  `secondpartyctcissued` varchar(100) NOT NULL DEFAULT '',
  `secondpartyctcdate` date NOT NULL,
  `secondpartynationality` varchar(50) NOT NULL DEFAULT '',
  `secondpartystatus` varchar(50) NOT NULL DEFAULT '',
  `secondpartygender` varchar(10) NOT NULL DEFAULT '',
  `dtsigned` date DEFAULT NULL,
  `notarizeddate` date DEFAULT NULL,
  `notarizedby` varchar(100) DEFAULT NULL,
  `notarizedbytitle` varchar(50) DEFAULT NULL,
  `signatories` varchar(1000) NOT NULL DEFAULT '',
  `manualdiff` decimal(16,2) NOT NULL DEFAULT '0.00',
  `cypaymentreceiptid` varchar(50) DEFAULT NULL,
  `downpaymentreceiptid` varchar(50) DEFAULT NULL,
  PRIMARY KEY (`objid`),
  KEY `ix_rptcompromise_faasid` (`faasid`),
  KEY `ix_rptcompromise_ledgerid` (`rptledgerid`),
  CONSTRAINT `FK_rptleger_compromise_faas` FOREIGN KEY (`faasid`) REFERENCES `faas` (`objid`),
  CONSTRAINT `FK_rptleger_compromise_rptledger` FOREIGN KEY (`rptledgerid`) REFERENCES `rptledger` (`objid`)
) ENGINE=InnoDB DEFAULT CHARSET=utf8;
/*!40101 SET character_set_client = @saved_cs_client */;

--
-- Dumping data for table `rptledger_compromise`
--

LOCK TABLES `rptledger_compromise` WRITE;
/*!40000 ALTER TABLE `rptledger_compromise` DISABLE KEYS */;
/*!40000 ALTER TABLE `rptledger_compromise` ENABLE KEYS */;
UNLOCK TABLES;

--
-- Table structure for table `rptledger_compromise_credit`
--

DROP TABLE IF EXISTS `rptledger_compromise_credit`;
/*!40101 SET @saved_cs_client     = @@character_set_client */;
/*!40101 SET character_set_client = utf8 */;
CREATE TABLE `rptledger_compromise_credit` (
  `objid` varchar(50) NOT NULL DEFAULT '',
  `rptcompromiseid` varchar(50) NOT NULL DEFAULT '',
  `rptreceiptid` varchar(50) DEFAULT NULL,
  `installmentid` varchar(50) DEFAULT NULL,
  `collector_name` varchar(100) NOT NULL DEFAULT '',
  `collector_title` varchar(50) NOT NULL DEFAULT '',
  `orno` varchar(10) NOT NULL DEFAULT '',
  `ordate` date NOT NULL,
  `oramount` decimal(16,2) NOT NULL,
  `amount` decimal(16,2) NOT NULL,
  `mode` varchar(50) NOT NULL DEFAULT '',
  `paidby` varchar(150) NOT NULL DEFAULT '',
  `paidbyaddress` varchar(100) NOT NULL DEFAULT '',
  `partial` int(11) DEFAULT NULL,
  `remarks` varchar(100) DEFAULT NULL,
  PRIMARY KEY (`objid`),
  KEY `ix_rptcompromise_credit_rptcompromiseid` (`rptcompromiseid`),
  KEY `ix_rptcompromise_credit_receiptid` (`rptreceiptid`),
  KEY `ix_rptcompromise_credit_installmentid` (`installmentid`),
  CONSTRAINT `FK_rptleger_compromise_credit_installment` FOREIGN KEY (`installmentid`) REFERENCES `rptledger_compromise_installment` (`objid`),
  CONSTRAINT `FK_rptleger_compromise_credit_receipt` FOREIGN KEY (`rptreceiptid`) REFERENCES `cashreceipt` (`objid`),
  CONSTRAINT `FK_rptleger_compromise_credit_rptcompromise` FOREIGN KEY (`rptcompromiseid`) REFERENCES `rptledger_compromise` (`objid`)
) ENGINE=InnoDB DEFAULT CHARSET=utf8;
/*!40101 SET character_set_client = @saved_cs_client */;

--
-- Dumping data for table `rptledger_compromise_credit`
--

LOCK TABLES `rptledger_compromise_credit` WRITE;
/*!40000 ALTER TABLE `rptledger_compromise_credit` DISABLE KEYS */;
/*!40000 ALTER TABLE `rptledger_compromise_credit` ENABLE KEYS */;
UNLOCK TABLES;

--
-- Table structure for table `rptledger_compromise_installment`
--

DROP TABLE IF EXISTS `rptledger_compromise_installment`;
/*!40101 SET @saved_cs_client     = @@character_set_client */;
/*!40101 SET character_set_client = utf8 */;
CREATE TABLE `rptledger_compromise_installment` (
  `objid` varchar(50) NOT NULL DEFAULT '',
  `rptcompromiseid` varchar(50) NOT NULL DEFAULT '',
  `installmentno` int(11) NOT NULL,
  `duedate` date NOT NULL,
  `amount` decimal(16,2) NOT NULL,
  `amtpaid` decimal(16,2) NOT NULL,
  `fullypaid` int(11) NOT NULL,
  PRIMARY KEY (`objid`),
  KEY `ix_rptcompromise_installment_rptcompromiseid` (`rptcompromiseid`),
  CONSTRAINT `FK_rptleger_compromise_installment_rptcompromise` FOREIGN KEY (`rptcompromiseid`) REFERENCES `rptledger_compromise` (`objid`)
) ENGINE=InnoDB DEFAULT CHARSET=utf8;
/*!40101 SET character_set_client = @saved_cs_client */;

--
-- Dumping data for table `rptledger_compromise_installment`
--

LOCK TABLES `rptledger_compromise_installment` WRITE;
/*!40000 ALTER TABLE `rptledger_compromise_installment` DISABLE KEYS */;
/*!40000 ALTER TABLE `rptledger_compromise_installment` ENABLE KEYS */;
UNLOCK TABLES;

--
-- Table structure for table `rptledger_compromise_item`
--

DROP TABLE IF EXISTS `rptledger_compromise_item`;
/*!40101 SET @saved_cs_client     = @@character_set_client */;
/*!40101 SET character_set_client = utf8 */;
CREATE TABLE `rptledger_compromise_item` (
  `objid` varchar(50) NOT NULL DEFAULT '',
  `rptcompromiseid` varchar(50) NOT NULL DEFAULT '',
  `year` int(11) NOT NULL,
  `qtr` int(11) NOT NULL,
  `faasid` varchar(50) DEFAULT NULL,
  `assessedvalue` decimal(16,2) NOT NULL,
  `tdno` varchar(25) NOT NULL DEFAULT '',
  `classcode` varchar(10) NOT NULL DEFAULT '',
  `actualusecode` varchar(10) NOT NULL DEFAULT '',
  `basic` decimal(16,2) NOT NULL,
  `basicpaid` decimal(16,2) NOT NULL,
  `basicint` decimal(16,2) NOT NULL,
  `basicintpaid` decimal(16,2) NOT NULL,
  `basicidle` decimal(16,2) NOT NULL,
  `basicidlepaid` decimal(16,2) NOT NULL,
  `sef` decimal(16,2) NOT NULL,
  `sefpaid` decimal(16,2) NOT NULL,
  `sefint` decimal(16,2) NOT NULL,
  `sefintpaid` decimal(16,2) NOT NULL,
  `firecode` decimal(16,2) NOT NULL,
  `firecodepaid` decimal(16,2) NOT NULL,
  `total` decimal(16,2) NOT NULL,
  `fullypaid` int(11) NOT NULL,
  `basicidleint` decimal(16,4) NOT NULL,
  `basicidleintpaid` decimal(16,4) NOT NULL,
  `sh` decimal(16,2) DEFAULT NULL,
  `shpaid` decimal(16,2) DEFAULT NULL,
  `shint` decimal(16,2) DEFAULT NULL,
  `shintpaid` decimal(16,2) DEFAULT NULL,
  PRIMARY KEY (`objid`),
  KEY `ix_rptcompromise_item_rptcompromise` (`rptcompromiseid`),
  KEY `ix_rptcompromise_item_faas` (`faasid`),
  CONSTRAINT `FK_rptleger_compromise_item_faas` FOREIGN KEY (`faasid`) REFERENCES `faas` (`objid`),
  CONSTRAINT `FK_rptleger_compromise_item_rptcompromise` FOREIGN KEY (`rptcompromiseid`) REFERENCES `rptledger_compromise` (`objid`)
) ENGINE=InnoDB DEFAULT CHARSET=utf8;
/*!40101 SET character_set_client = @saved_cs_client */;

--
-- Dumping data for table `rptledger_compromise_item`
--

LOCK TABLES `rptledger_compromise_item` WRITE;
/*!40000 ALTER TABLE `rptledger_compromise_item` DISABLE KEYS */;
/*!40000 ALTER TABLE `rptledger_compromise_item` ENABLE KEYS */;
UNLOCK TABLES;

--
-- Table structure for table `rptledger_compromise_item_credit`
--

DROP TABLE IF EXISTS `rptledger_compromise_item_credit`;
/*!40101 SET @saved_cs_client     = @@character_set_client */;
/*!40101 SET character_set_client = utf8 */;
CREATE TABLE `rptledger_compromise_item_credit` (
  `objid` varchar(50) NOT NULL DEFAULT '',
  `rptcompromiseitemid` varchar(50) NOT NULL DEFAULT '',
  `rptreceiptid` varchar(50) DEFAULT NULL,
  `year` int(11) NOT NULL,
  `qtr` int(11) NOT NULL,
  `basic` decimal(16,2) NOT NULL,
  `basicint` decimal(16,2) NOT NULL,
  `basicidle` decimal(16,2) NOT NULL,
  `sef` decimal(16,2) NOT NULL,
  `sefint` decimal(16,2) NOT NULL,
  `firecode` decimal(16,2) NOT NULL,
  `basicidleint` decimal(16,4) NOT NULL,
  `sh` decimal(16,2) DEFAULT NULL,
  `shint` decimal(16,2) DEFAULT NULL,
  PRIMARY KEY (`objid`),
  KEY `ix_rptledger_compromise_item_credit_rptcompromiseitemid` (`rptcompromiseitemid`),
  KEY `ix_rptledger_compromise_item_credit_rptreceiptid` (`rptreceiptid`),
  CONSTRAINT `FK_rptledger_compromise_item_credit_rptcompromise_item` FOREIGN KEY (`rptcompromiseitemid`) REFERENCES `rptledger_compromise_item` (`objid`),
  CONSTRAINT `FK_rptledger_compromise_item_credit_rptreceipt` FOREIGN KEY (`rptreceiptid`) REFERENCES `cashreceipt_rpt` (`objid`)
) ENGINE=InnoDB DEFAULT CHARSET=utf8;
/*!40101 SET character_set_client = @saved_cs_client */;

--
-- Dumping data for table `rptledger_compromise_item_credit`
--

LOCK TABLES `rptledger_compromise_item_credit` WRITE;
/*!40000 ALTER TABLE `rptledger_compromise_item_credit` DISABLE KEYS */;
/*!40000 ALTER TABLE `rptledger_compromise_item_credit` ENABLE KEYS */;
UNLOCK TABLES;

--
-- Table structure for table `rptledger_credit`
--

DROP TABLE IF EXISTS `rptledger_credit`;
/*!40101 SET @saved_cs_client     = @@character_set_client */;
/*!40101 SET character_set_client = utf8 */;
CREATE TABLE `rptledger_credit` (
  `objid` varchar(100) NOT NULL DEFAULT '',
  `rptledgerid` varchar(50) NOT NULL DEFAULT '',
  `type` varchar(20) NOT NULL DEFAULT '',
  `refno` varchar(50) NOT NULL DEFAULT '',
  `refdate` date NOT NULL,
  `payorid` varchar(50) DEFAULT NULL,
  `paidby_name` longtext NOT NULL,
  `paidby_address` varchar(150) NOT NULL DEFAULT '',
  `collector` varchar(80) NOT NULL DEFAULT '',
  `postedby` varchar(100) NOT NULL DEFAULT '',
  `postedbytitle` varchar(50) NOT NULL DEFAULT '',
  `dtposted` datetime NOT NULL,
  `fromyear` int(11) NOT NULL,
  `fromqtr` int(11) NOT NULL,
  `toyear` int(11) NOT NULL,
  `toqtr` int(11) NOT NULL,
  `basic` decimal(12,2) NOT NULL,
  `basicint` decimal(12,2) NOT NULL,
  `basicdisc` decimal(12,2) NOT NULL,
  `basicidle` decimal(12,2) NOT NULL,
  `sef` decimal(12,2) NOT NULL,
  `sefint` decimal(12,2) NOT NULL,
  `sefdisc` decimal(12,2) NOT NULL,
  `firecode` decimal(12,2) NOT NULL,
  `amount` decimal(12,2) NOT NULL,
  `collectingagency` varchar(50) DEFAULT NULL,
  PRIMARY KEY (`objid`),
  KEY `ix_rptreceipt_payorid` (`payorid`),
  KEY `ix_rptreceipt_receiptno` (`refno`),
  KEY `FK_rptledgercredit_rptledger` (`rptledgerid`),
  CONSTRAINT `rptledger_credit_ibfk_1` FOREIGN KEY (`rptledgerid`) REFERENCES `rptledger` (`objid`)
) ENGINE=InnoDB DEFAULT CHARSET=utf8;
/*!40101 SET character_set_client = @saved_cs_client */;

--
-- Dumping data for table `rptledger_credit`
--

LOCK TABLES `rptledger_credit` WRITE;
/*!40000 ALTER TABLE `rptledger_credit` DISABLE KEYS */;
/*!40000 ALTER TABLE `rptledger_credit` ENABLE KEYS */;
UNLOCK TABLES;

--
-- Table structure for table `rptledger_forprocess`
--

DROP TABLE IF EXISTS `rptledger_forprocess`;
/*!40101 SET @saved_cs_client     = @@character_set_client */;
/*!40101 SET character_set_client = utf8 */;
CREATE TABLE `rptledger_forprocess` (
  `objid` varchar(255) NOT NULL,
  PRIMARY KEY (`objid`)
) ENGINE=InnoDB DEFAULT CHARSET=utf8;
/*!40101 SET character_set_client = @saved_cs_client */;

--
-- Dumping data for table `rptledger_forprocess`
--

LOCK TABLES `rptledger_forprocess` WRITE;
/*!40000 ALTER TABLE `rptledger_forprocess` DISABLE KEYS */;
/*!40000 ALTER TABLE `rptledger_forprocess` ENABLE KEYS */;
UNLOCK TABLES;

--
-- Table structure for table `rptledger_item`
--

DROP TABLE IF EXISTS `rptledger_item`;
/*!40101 SET @saved_cs_client     = @@character_set_client */;
/*!40101 SET character_set_client = utf8 */;
CREATE TABLE `rptledger_item` (
  `objid` varchar(50) NOT NULL,
  `parentid` varchar(50) NOT NULL,
  `rptledgerfaasid` varchar(50) DEFAULT NULL,
  `remarks` varchar(100) DEFAULT NULL,
  `basicav` decimal(16,2) NOT NULL,
  `sefav` decimal(16,2) NOT NULL,
  `av` decimal(16,2) NOT NULL,
  `revtype` varchar(50) NOT NULL,
  `year` int(11) NOT NULL,
  `amount` decimal(16,2) NOT NULL,
  `amtpaid` decimal(16,2) NOT NULL,
  `priority` int(11) NOT NULL,
  `taxdifference` int(11) NOT NULL,
  `system` int(11) NOT NULL,
  `fromqtr` int(11) DEFAULT NULL,
  `toqtr` int(11) DEFAULT NULL,
  PRIMARY KEY (`objid`),
  KEY `fk_rptledger_item_rptledger` (`parentid`),
  CONSTRAINT `fk_rptledger_item_rptledger` FOREIGN KEY (`parentid`) REFERENCES `rptledger` (`objid`)
) ENGINE=InnoDB DEFAULT CHARSET=utf8;
/*!40101 SET character_set_client = @saved_cs_client */;

--
-- Dumping data for table `rptledger_item`
--

LOCK TABLES `rptledger_item` WRITE;
/*!40000 ALTER TABLE `rptledger_item` DISABLE KEYS */;
/*!40000 ALTER TABLE `rptledger_item` ENABLE KEYS */;
UNLOCK TABLES;

--
-- Table structure for table `rptledger_payment`
--

DROP TABLE IF EXISTS `rptledger_payment`;
/*!40101 SET @saved_cs_client     = @@character_set_client */;
/*!40101 SET character_set_client = utf8 */;
CREATE TABLE `rptledger_payment` (
  `objid` varchar(100) NOT NULL,
  `rptledgerid` varchar(50) NOT NULL,
  `type` varchar(20) NOT NULL,
  `receiptid` varchar(50) DEFAULT NULL,
  `receiptno` varchar(50) NOT NULL,
  `receiptdate` date NOT NULL,
  `paidby_name` longtext NOT NULL,
  `paidby_address` varchar(150) NOT NULL,
  `postedby` varchar(100) NOT NULL,
  `postedbytitle` varchar(50) NOT NULL,
  `dtposted` datetime NOT NULL,
  `fromyear` int(11) NOT NULL,
  `fromqtr` int(11) NOT NULL,
  `toyear` int(11) NOT NULL,
  `toqtr` int(11) NOT NULL,
  `amount` decimal(12,2) NOT NULL,
  `collectingagency` varchar(50) DEFAULT NULL,
  `voided` int(11) NOT NULL,
  PRIMARY KEY (`objid`),
  KEY `fk_rptledger_payment_rptledger` (`rptledgerid`) USING BTREE,
  KEY `fk_rptledger_payment_cashreceipt` (`receiptid`) USING BTREE,
  KEY `ix_receiptno` (`receiptno`) USING BTREE,
  CONSTRAINT `fk_rptledger_payment_cashreceipt` FOREIGN KEY (`receiptid`) REFERENCES `cashreceipt` (`objid`),
  CONSTRAINT `fk_rptledger_payment_rptledger` FOREIGN KEY (`rptledgerid`) REFERENCES `rptledger` (`objid`)
) ENGINE=InnoDB DEFAULT CHARSET=utf8;
/*!40101 SET character_set_client = @saved_cs_client */;

--
-- Dumping data for table `rptledger_payment`
--

LOCK TABLES `rptledger_payment` WRITE;
/*!40000 ALTER TABLE `rptledger_payment` DISABLE KEYS */;
/*!40000 ALTER TABLE `rptledger_payment` ENABLE KEYS */;
UNLOCK TABLES;

--
-- Table structure for table `rptledger_payment_item`
--

DROP TABLE IF EXISTS `rptledger_payment_item`;
/*!40101 SET @saved_cs_client     = @@character_set_client */;
/*!40101 SET character_set_client = utf8 */;
CREATE TABLE `rptledger_payment_item` (
  `objid` varchar(50) NOT NULL,
  `parentid` varchar(100) NOT NULL,
  `rptledgerfaasid` varchar(50) DEFAULT NULL,
  `rptledgeritemid` varchar(50) DEFAULT NULL,
  `rptledgeritemqtrlyid` varchar(50) DEFAULT NULL,
  `year` int(11) NOT NULL,
  `qtr` int(11) NOT NULL,
  `basic` decimal(16,2) NOT NULL,
  `basicint` decimal(16,2) NOT NULL,
  `basicdisc` decimal(16,2) NOT NULL,
  `basicidle` decimal(16,2) NOT NULL,
  `basicidledisc` decimal(16,2) DEFAULT NULL,
  `basicidleint` decimal(16,2) DEFAULT NULL,
  `sef` decimal(16,2) NOT NULL,
  `sefint` decimal(16,2) NOT NULL,
  `sefdisc` decimal(16,2) NOT NULL,
  `firecode` decimal(10,2) DEFAULT NULL,
  `sh` decimal(16,2) NOT NULL,
  `shint` decimal(16,2) NOT NULL,
  `shdisc` decimal(16,2) NOT NULL,
  `total` decimal(16,2) DEFAULT NULL,
  `revperiod` varchar(25) DEFAULT NULL,
  `partialled` int(11) NOT NULL,
  PRIMARY KEY (`objid`),
  KEY `FK_rptledger_payment_item_parentid` (`parentid`) USING BTREE,
  KEY `FK_rptledger_payment_item_rptledgerfaasid` (`rptledgerfaasid`) USING BTREE,
  KEY `ix_rptledgeritemid` (`rptledgeritemid`) USING BTREE,
  KEY `ix_rptledgeritemqtrlyid` (`rptledgeritemqtrlyid`) USING BTREE,
  CONSTRAINT `fk_rptledger_payment_item_parentid` FOREIGN KEY (`parentid`) REFERENCES `rptledger_payment` (`objid`),
  CONSTRAINT `fk_rptledger_payment_item_rptledgerfaasid` FOREIGN KEY (`rptledgerfaasid`) REFERENCES `rptledgerfaas` (`objid`)
) ENGINE=InnoDB DEFAULT CHARSET=utf8;
/*!40101 SET character_set_client = @saved_cs_client */;

--
-- Dumping data for table `rptledger_payment_item`
--

LOCK TABLES `rptledger_payment_item` WRITE;
/*!40000 ALTER TABLE `rptledger_payment_item` DISABLE KEYS */;
/*!40000 ALTER TABLE `rptledger_payment_item` ENABLE KEYS */;
UNLOCK TABLES;

--
-- Table structure for table `rptledger_payment_share`
--

DROP TABLE IF EXISTS `rptledger_payment_share`;
/*!40101 SET @saved_cs_client     = @@character_set_client */;
/*!40101 SET character_set_client = utf8 */;
CREATE TABLE `rptledger_payment_share` (
  `objid` varchar(50) NOT NULL,
  `parentid` varchar(100) DEFAULT NULL,
  `revperiod` varchar(25) NOT NULL,
  `revtype` varchar(25) NOT NULL,
  `item_objid` varchar(50) NOT NULL,
  `amount` decimal(16,4) NOT NULL,
  `sharetype` varchar(25) NOT NULL,
  `discount` decimal(16,4) DEFAULT NULL,
  PRIMARY KEY (`objid`),
  KEY `FK_parentid` (`parentid`) USING BTREE,
  KEY `FK_item_objid` (`item_objid`) USING BTREE,
  CONSTRAINT `FK_rptledger_payment_share_itemaccount` FOREIGN KEY (`item_objid`) REFERENCES `itemaccount` (`objid`),
  CONSTRAINT `FK_rptledger_payment_share_parentid` FOREIGN KEY (`parentid`) REFERENCES `rptledger_payment` (`objid`)
) ENGINE=InnoDB DEFAULT CHARSET=utf8;
/*!40101 SET character_set_client = @saved_cs_client */;

--
-- Dumping data for table `rptledger_payment_share`
--

LOCK TABLES `rptledger_payment_share` WRITE;
/*!40000 ALTER TABLE `rptledger_payment_share` DISABLE KEYS */;
/*!40000 ALTER TABLE `rptledger_payment_share` ENABLE KEYS */;
UNLOCK TABLES;

--
-- Table structure for table `rptledger_redflag`
--

DROP TABLE IF EXISTS `rptledger_redflag`;
/*!40101 SET @saved_cs_client     = @@character_set_client */;
/*!40101 SET character_set_client = utf8 */;
CREATE TABLE `rptledger_redflag` (
  `objid` varchar(50) NOT NULL,
  `parent_objid` varchar(50) NOT NULL,
  `state` varchar(25) NOT NULL,
  `caseno` varchar(25) DEFAULT NULL,
  `dtfiled` datetime DEFAULT NULL,
  `type` varchar(25) NOT NULL,
  `finding` text,
  `remarks` text,
  `blockaction` varchar(25) DEFAULT NULL,
  `filedby_objid` varchar(50) DEFAULT NULL,
  `filedby_name` varchar(255) DEFAULT NULL,
  `filedby_title` varchar(50) DEFAULT NULL,
  `resolvedby_objid` varchar(50) DEFAULT NULL,
  `resolvedby_name` varchar(255) DEFAULT NULL,
  `resolvedby_title` varchar(50) DEFAULT NULL,
  `dtresolved` datetime DEFAULT NULL,
  PRIMARY KEY (`objid`),
  UNIQUE KEY `ux_caseno` (`caseno`),
  KEY `ix_parent_objid` (`parent_objid`),
  KEY `ix_state` (`state`),
  KEY `ix_type` (`type`),
  KEY `ix_filedby_objid` (`filedby_objid`),
  KEY `ix_resolvedby_objid` (`resolvedby_objid`),
  CONSTRAINT `fk_rptledger_redflag_filedby` FOREIGN KEY (`filedby_objid`) REFERENCES `sys_user` (`objid`),
  CONSTRAINT `fk_rptledger_redflag_resolvedby` FOREIGN KEY (`resolvedby_objid`) REFERENCES `sys_user` (`objid`),
  CONSTRAINT `fk_rptledger_redflag_rptledger` FOREIGN KEY (`parent_objid`) REFERENCES `rptledger` (`objid`)
) ENGINE=InnoDB DEFAULT CHARSET=utf8;
/*!40101 SET character_set_client = @saved_cs_client */;

--
-- Dumping data for table `rptledger_redflag`
--

LOCK TABLES `rptledger_redflag` WRITE;
/*!40000 ALTER TABLE `rptledger_redflag` DISABLE KEYS */;
/*!40000 ALTER TABLE `rptledger_redflag` ENABLE KEYS */;
UNLOCK TABLES;

--
-- Table structure for table `rptledger_restriction`
--

DROP TABLE IF EXISTS `rptledger_restriction`;
/*!40101 SET @saved_cs_client     = @@character_set_client */;
/*!40101 SET character_set_client = utf8 */;
CREATE TABLE `rptledger_restriction` (
  `objid` varchar(50) NOT NULL,
  `parentid` varchar(50) NOT NULL,
  `restrictionid` varchar(50) NOT NULL,
  `remarks` varchar(150) DEFAULT NULL,
  PRIMARY KEY (`objid`),
  UNIQUE KEY `ux_rptledger_restriction` (`parentid`,`restrictionid`),
  CONSTRAINT `FK_rptledger_restriction_rptledger` FOREIGN KEY (`parentid`) REFERENCES `rptledger` (`objid`)
) ENGINE=InnoDB DEFAULT CHARSET=utf8;
/*!40101 SET character_set_client = @saved_cs_client */;

--
-- Dumping data for table `rptledger_restriction`
--

LOCK TABLES `rptledger_restriction` WRITE;
/*!40000 ALTER TABLE `rptledger_restriction` DISABLE KEYS */;
/*!40000 ALTER TABLE `rptledger_restriction` ENABLE KEYS */;
UNLOCK TABLES;

--
-- Table structure for table `rptledger_subledger`
--

DROP TABLE IF EXISTS `rptledger_subledger`;
/*!40101 SET @saved_cs_client     = @@character_set_client */;
/*!40101 SET character_set_client = utf8 */;
CREATE TABLE `rptledger_subledger` (
  `objid` varchar(50) NOT NULL DEFAULT '',
  `parent_objid` varchar(50) NOT NULL DEFAULT '',
  `subacctno` varchar(10) NOT NULL DEFAULT '',
  PRIMARY KEY (`objid`),
  UNIQUE KEY `ux_parentid_subacctno` (`parent_objid`,`subacctno`),
  CONSTRAINT `FK_rptledger_subledger_rptldger` FOREIGN KEY (`parent_objid`) REFERENCES `rptledger` (`objid`)
) ENGINE=InnoDB DEFAULT CHARSET=utf8;
/*!40101 SET character_set_client = @saved_cs_client */;

--
-- Dumping data for table `rptledger_subledger`
--

LOCK TABLES `rptledger_subledger` WRITE;
/*!40000 ALTER TABLE `rptledger_subledger` DISABLE KEYS */;
/*!40000 ALTER TABLE `rptledger_subledger` ENABLE KEYS */;
UNLOCK TABLES;

--
-- Table structure for table `rptledger_tag`
--

DROP TABLE IF EXISTS `rptledger_tag`;
/*!40101 SET @saved_cs_client     = @@character_set_client */;
/*!40101 SET character_set_client = utf8 */;
CREATE TABLE `rptledger_tag` (
  `objid` varchar(50) NOT NULL,
  `parent_objid` varchar(50) NOT NULL,
  `tag` varchar(255) NOT NULL,
  PRIMARY KEY (`objid`),
  UNIQUE KEY `ux_rptledger_tag` (`parent_objid`,`tag`),
  KEY `FK_rptledgertag_rptledger` (`parent_objid`),
  CONSTRAINT `FK_rptledgertag_rptledger` FOREIGN KEY (`parent_objid`) REFERENCES `rptledger` (`objid`)
) ENGINE=InnoDB DEFAULT CHARSET=utf8;
/*!40101 SET character_set_client = @saved_cs_client */;

--
-- Dumping data for table `rptledger_tag`
--

LOCK TABLES `rptledger_tag` WRITE;
/*!40000 ALTER TABLE `rptledger_tag` DISABLE KEYS */;
/*!40000 ALTER TABLE `rptledger_tag` ENABLE KEYS */;
UNLOCK TABLES;

--
-- Table structure for table `rptledgerfaas`
--

DROP TABLE IF EXISTS `rptledgerfaas`;
/*!40101 SET @saved_cs_client     = @@character_set_client */;
/*!40101 SET character_set_client = utf8 */;
CREATE TABLE `rptledgerfaas` (
  `objid` varchar(50) NOT NULL,
  `state` varchar(25) NOT NULL,
  `rptledgerid` varchar(50) NOT NULL,
  `faasid` varchar(50) DEFAULT NULL,
  `tdno` varchar(60) NOT NULL,
  `txntype_objid` varchar(10) DEFAULT NULL,
  `classification_objid` varchar(50) DEFAULT NULL,
  `actualuse_objid` varchar(50) DEFAULT NULL,
  `taxable` int(11) NOT NULL,
  `backtax` int(11) NOT NULL,
  `fromyear` int(11) NOT NULL,
  `fromqtr` int(11) NOT NULL,
  `toyear` int(11) NOT NULL,
  `toqtr` int(11) NOT NULL,
  `assessedvalue` decimal(16,2) NOT NULL,
  `systemcreated` int(11) NOT NULL,
  `reclassed` int(11) DEFAULT NULL,
  `idleland` int(11) DEFAULT NULL,
  PRIMARY KEY (`objid`),
  KEY `faasid` (`faasid`),
  KEY `ix_rptledgerfaas_rptledgerid_faasid` (`rptledgerid`,`faasid`),
  KEY `ix_rptledgerhistory_ledgerid_toyear` (`rptledgerid`,`toyear`),
  KEY `fk_rptledgerhistory_rptledger` (`rptledgerid`),
  KEY `ix_rptledgerfaas_tdno` (`tdno`),
  CONSTRAINT `rptledgerfaas_ibfk_1` FOREIGN KEY (`faasid`) REFERENCES `faas` (`objid`),
  CONSTRAINT `rptledgerfaas_ibfk_2` FOREIGN KEY (`faasid`) REFERENCES `faas` (`objid`),
  CONSTRAINT `rptledgerfaas_ibfk_3` FOREIGN KEY (`rptledgerid`) REFERENCES `rptledger` (`objid`)
) ENGINE=InnoDB DEFAULT CHARSET=utf8;
/*!40101 SET character_set_client = @saved_cs_client */;

--
-- Dumping data for table `rptledgerfaas`
--

LOCK TABLES `rptledgerfaas` WRITE;
/*!40000 ALTER TABLE `rptledgerfaas` DISABLE KEYS */;
/*!40000 ALTER TABLE `rptledgerfaas` ENABLE KEYS */;
UNLOCK TABLES;

--
-- Table structure for table `rptledgeritem`
--

DROP TABLE IF EXISTS `rptledgeritem`;
/*!40101 SET @saved_cs_client     = @@character_set_client */;
/*!40101 SET character_set_client = utf8 */;
CREATE TABLE `rptledgeritem` (
  `objid` varchar(50) NOT NULL,
  `rptledgerid` varchar(50) NOT NULL DEFAULT '',
  `rptledgerfaasid` varchar(50) NOT NULL DEFAULT '',
  `year` int(11) NOT NULL,
  `av` decimal(16,2) NOT NULL,
  `remarks` varchar(255) DEFAULT NULL,
  `taxdifference` int(11) DEFAULT NULL,
  `classification_objid` varchar(50) DEFAULT NULL,
  `actualuse_objid` varchar(50) DEFAULT NULL,
  `basicav` decimal(16,2) DEFAULT NULL,
  `sefav` decimal(16,2) DEFAULT NULL,
  `basic` decimal(16,2) DEFAULT NULL,
  `basicpaid` decimal(16,2) DEFAULT NULL,
  `basicint` decimal(16,2) DEFAULT NULL,
  `basicintpaid` decimal(16,2) DEFAULT NULL,
  `basicdisc` decimal(16,2) DEFAULT NULL,
  `basicdisctaken` decimal(16,2) DEFAULT NULL,
  `basicidle` decimal(16,2) DEFAULT NULL,
  `basicidlepaid` decimal(16,2) DEFAULT NULL,
  `basicidledisc` decimal(16,2) DEFAULT NULL,
  `basicidledisctaken` decimal(16,2) DEFAULT NULL,
  `basicidleint` decimal(16,2) DEFAULT NULL,
  `basicidleintpaid` decimal(16,2) DEFAULT NULL,
  `sef` decimal(16,2) DEFAULT NULL,
  `sefpaid` decimal(16,2) DEFAULT NULL,
  `sefint` decimal(16,2) DEFAULT NULL,
  `sefintpaid` decimal(16,2) DEFAULT NULL,
  `sefdisc` decimal(16,2) DEFAULT NULL,
  `sefdisctaken` decimal(16,2) DEFAULT NULL,
  `firecode` decimal(16,2) DEFAULT NULL,
  `firecodepaid` decimal(16,2) DEFAULT NULL,
  `revperiod` varchar(50) DEFAULT NULL,
  `qtrly` int(11) DEFAULT NULL,
  `fullypaid` int(11) DEFAULT NULL,
  `sh` decimal(16,2) DEFAULT NULL,
  `shdisc` decimal(16,2) DEFAULT NULL,
  `shpaid` decimal(16,2) DEFAULT NULL,
  `shint` decimal(16,2) DEFAULT NULL,
  PRIMARY KEY (`objid`),
  KEY `FK_rptledgeritem_rptledger` (`rptledgerid`),
  KEY `FK_rptledgeritem_rptledgerfaas` (`rptledgerfaasid`),
  CONSTRAINT `rptledgeritem_ibfk_1` FOREIGN KEY (`rptledgerid`) REFERENCES `rptledger` (`objid`),
  CONSTRAINT `rptledgeritem_ibfk_2` FOREIGN KEY (`rptledgerfaasid`) REFERENCES `rptledgerfaas` (`objid`)
) ENGINE=InnoDB DEFAULT CHARSET=utf8;
/*!40101 SET character_set_client = @saved_cs_client */;

--
-- Dumping data for table `rptledgeritem`
--

LOCK TABLES `rptledgeritem` WRITE;
/*!40000 ALTER TABLE `rptledgeritem` DISABLE KEYS */;
/*!40000 ALTER TABLE `rptledgeritem` ENABLE KEYS */;
UNLOCK TABLES;

--
-- Table structure for table `rptledgeritem_qtrly`
--

DROP TABLE IF EXISTS `rptledgeritem_qtrly`;
/*!40101 SET @saved_cs_client     = @@character_set_client */;
/*!40101 SET character_set_client = utf8 */;
CREATE TABLE `rptledgeritem_qtrly` (
  `objid` varchar(50) NOT NULL,
  `parentid` varchar(50) NOT NULL,
  `rptledgerid` varchar(50) NOT NULL,
  `basicav` decimal(16,2) NOT NULL,
  `sefav` decimal(16,2) NOT NULL,
  `av` decimal(16,2) NOT NULL,
  `year` int(11) NOT NULL,
  `qtr` int(11) NOT NULL,
  `basic` decimal(16,2) NOT NULL,
  `basicpaid` decimal(16,2) NOT NULL,
  `basicint` decimal(16,2) NOT NULL,
  `basicintpaid` decimal(16,2) DEFAULT NULL,
  `basicdisc` decimal(16,2) NOT NULL,
  `basicdisctaken` decimal(16,2) DEFAULT NULL,
  `basicidle` decimal(16,2) NOT NULL,
  `basicidlepaid` decimal(16,2) NOT NULL,
  `basicidledisc` decimal(16,2) NOT NULL,
  `basicidledisctaken` decimal(16,2) DEFAULT NULL,
  `basicidleint` decimal(16,2) NOT NULL,
  `basicidleintpaid` decimal(16,2) DEFAULT NULL,
  `sef` decimal(16,2) NOT NULL,
  `sefpaid` decimal(16,2) NOT NULL,
  `sefint` decimal(16,2) NOT NULL,
  `sefintpaid` decimal(16,2) DEFAULT NULL,
  `sefdisc` decimal(16,2) NOT NULL,
  `sefdisctaken` decimal(16,2) DEFAULT NULL,
  `firecode` decimal(16,2) NOT NULL,
  `firecodepaid` decimal(16,2) NOT NULL,
  `revperiod` varchar(50) DEFAULT NULL,
  `partialled` int(11) NOT NULL,
  `fullypaid` int(11) NOT NULL,
  `sh` decimal(16,2) DEFAULT NULL,
  `shdisc` decimal(16,2) DEFAULT NULL,
  `shpaid` decimal(16,2) DEFAULT NULL,
  `shint` decimal(16,2) DEFAULT NULL,
  PRIMARY KEY (`objid`),
  KEY `FK_rptledgeritemqtrly_rptledgeritem` (`parentid`),
  KEY `FK_rptledgeritemqtrly_rptledger` (`rptledgerid`),
  KEY `ix_rptledgeritemqtrly_year` (`year`),
  CONSTRAINT `FK_rptledgeritemqtrly_rptledger` FOREIGN KEY (`rptledgerid`) REFERENCES `rptledger` (`objid`),
  CONSTRAINT `FK_rptledgeritemqtrly_rptledgeritem` FOREIGN KEY (`parentid`) REFERENCES `rptledgeritem` (`objid`)
) ENGINE=InnoDB DEFAULT CHARSET=utf8;
/*!40101 SET character_set_client = @saved_cs_client */;

--
-- Dumping data for table `rptledgeritem_qtrly`
--

LOCK TABLES `rptledgeritem_qtrly` WRITE;
/*!40000 ALTER TABLE `rptledgeritem_qtrly` DISABLE KEYS */;
/*!40000 ALTER TABLE `rptledgeritem_qtrly` ENABLE KEYS */;
UNLOCK TABLES;

--
-- Table structure for table `rptparameter`
--

DROP TABLE IF EXISTS `rptparameter`;
/*!40101 SET @saved_cs_client     = @@character_set_client */;
/*!40101 SET character_set_client = utf8 */;
CREATE TABLE `rptparameter` (
  `objid` varchar(50) NOT NULL,
  `state` varchar(10) NOT NULL,
  `name` varchar(100) NOT NULL,
  `caption` varchar(100) NOT NULL,
  `description` text,
  `paramtype` varchar(20) NOT NULL,
  `minvalue` decimal(10,2) NOT NULL,
  `maxvalue` decimal(10,2) NOT NULL,
  PRIMARY KEY (`objid`),
  UNIQUE KEY `ux_rptparameter_name` (`name`),
  KEY `ix_rptparameter_caption` (`caption`),
  KEY `ix_rptparameter_state` (`state`)
) ENGINE=InnoDB DEFAULT CHARSET=utf8;
/*!40101 SET character_set_client = @saved_cs_client */;

--
-- Dumping data for table `rptparameter`
--

LOCK TABLES `rptparameter` WRITE;
/*!40000 ALTER TABLE `rptparameter` DISABLE KEYS */;
/*!40000 ALTER TABLE `rptparameter` ENABLE KEYS */;
UNLOCK TABLES;

--
-- Table structure for table `rptpayment`
--

DROP TABLE IF EXISTS `rptpayment`;
/*!40101 SET @saved_cs_client     = @@character_set_client */;
/*!40101 SET character_set_client = utf8 */;
CREATE TABLE `rptpayment` (
  `objid` varchar(100) NOT NULL,
  `type` varchar(50) DEFAULT NULL,
  `refid` varchar(50) NOT NULL,
  `reftype` varchar(50) NOT NULL,
  `receiptid` varchar(50) DEFAULT NULL,
  `receiptno` varchar(50) NOT NULL,
  `receiptdate` date NOT NULL,
  `paidby_name` longtext NOT NULL,
  `paidby_address` varchar(150) NOT NULL,
  `postedby` varchar(100) NOT NULL,
  `postedbytitle` varchar(50) NOT NULL,
  `dtposted` datetime NOT NULL,
  `fromyear` int(11) NOT NULL,
  `fromqtr` int(11) NOT NULL,
  `toyear` int(11) NOT NULL,
  `toqtr` int(11) NOT NULL,
  `amount` decimal(12,2) NOT NULL,
  `collectingagency` varchar(50) DEFAULT NULL,
  `voided` int(11) NOT NULL,
  PRIMARY KEY (`objid`),
  KEY `fk_rptpayment_rptledger` (`refid`),
  KEY `fk_rptpayment_cashreceipt` (`receiptid`),
  KEY `ix_receiptno` (`receiptno`)
) ENGINE=InnoDB DEFAULT CHARSET=utf8;
/*!40101 SET character_set_client = @saved_cs_client */;

--
-- Dumping data for table `rptpayment`
--

LOCK TABLES `rptpayment` WRITE;
/*!40000 ALTER TABLE `rptpayment` DISABLE KEYS */;
/*!40000 ALTER TABLE `rptpayment` ENABLE KEYS */;
UNLOCK TABLES;

--
-- Table structure for table `rptpayment_item`
--

DROP TABLE IF EXISTS `rptpayment_item`;
/*!40101 SET @saved_cs_client     = @@character_set_client */;
/*!40101 SET character_set_client = utf8 */;
CREATE TABLE `rptpayment_item` (
  `objid` varchar(50) NOT NULL,
  `parentid` varchar(100) NOT NULL,
  `rptledgerfaasid` varchar(50) DEFAULT NULL,
  `year` int(11) NOT NULL,
  `qtr` int(11) DEFAULT NULL,
  `revtype` varchar(50) NOT NULL,
  `revperiod` varchar(25) DEFAULT NULL,
  `amount` decimal(16,2) NOT NULL,
  `interest` decimal(16,2) NOT NULL,
  `discount` decimal(16,2) NOT NULL,
  `partialled` int(11) NOT NULL,
  `priority` int(11) DEFAULT NULL,
  PRIMARY KEY (`objid`),
  KEY `fk_rptpayment_item_parentid` (`parentid`),
  KEY `fk_rptpayment_item_rptledgerfaasid` (`rptledgerfaasid`),
  CONSTRAINT `rptpayment_item_rptledgerfaas` FOREIGN KEY (`rptledgerfaasid`) REFERENCES `rptledgerfaas` (`objid`),
  CONSTRAINT `rptpayment_item_rptpayment` FOREIGN KEY (`parentid`) REFERENCES `rptpayment` (`objid`)
) ENGINE=InnoDB DEFAULT CHARSET=utf8;
/*!40101 SET character_set_client = @saved_cs_client */;

--
-- Dumping data for table `rptpayment_item`
--

LOCK TABLES `rptpayment_item` WRITE;
/*!40000 ALTER TABLE `rptpayment_item` DISABLE KEYS */;
/*!40000 ALTER TABLE `rptpayment_item` ENABLE KEYS */;
UNLOCK TABLES;

--
-- Table structure for table `rptpayment_share`
--

DROP TABLE IF EXISTS `rptpayment_share`;
/*!40101 SET @saved_cs_client     = @@character_set_client */;
/*!40101 SET character_set_client = utf8 */;
CREATE TABLE `rptpayment_share` (
  `objid` varchar(50) NOT NULL,
  `parentid` varchar(100) DEFAULT NULL,
  `revperiod` varchar(25) NOT NULL,
  `revtype` varchar(25) NOT NULL,
  `sharetype` varchar(25) NOT NULL,
  `item_objid` varchar(50) NOT NULL,
  `amount` decimal(16,4) NOT NULL,
  `discount` decimal(16,4) DEFAULT NULL,
  `iscommon` int(11) DEFAULT NULL,
  `year` int(11) DEFAULT NULL,
  PRIMARY KEY (`objid`),
  KEY `fk_rptpayment_share_parentid` (`parentid`),
  KEY `fk_rptpayment_share_item_objid` (`item_objid`),
  CONSTRAINT `rptpayment_share_itemaccount` FOREIGN KEY (`item_objid`) REFERENCES `itemaccount` (`objid`),
  CONSTRAINT `rptpayment_share_rptpayment` FOREIGN KEY (`parentid`) REFERENCES `rptpayment` (`objid`)
) ENGINE=InnoDB DEFAULT CHARSET=utf8;
/*!40101 SET character_set_client = @saved_cs_client */;

--
-- Dumping data for table `rptpayment_share`
--

LOCK TABLES `rptpayment_share` WRITE;
/*!40000 ALTER TABLE `rptpayment_share` DISABLE KEYS */;
/*!40000 ALTER TABLE `rptpayment_share` ENABLE KEYS */;
UNLOCK TABLES;

--
-- Table structure for table `rptreceipt_capture`
--

DROP TABLE IF EXISTS `rptreceipt_capture`;
/*!40101 SET @saved_cs_client     = @@character_set_client */;
/*!40101 SET character_set_client = utf8 */;
CREATE TABLE `rptreceipt_capture` (
  `objid` varchar(100) NOT NULL,
  `rptledgerid` varchar(50) NOT NULL,
  `receiptno` varchar(50) NOT NULL,
  `receiptdate` date NOT NULL,
  `payorid` varchar(50) DEFAULT NULL,
  `paidby_name` longtext NOT NULL,
  `paidby_address` varchar(150) NOT NULL,
  `collector` varchar(80) NOT NULL,
  `amount` decimal(12,2) NOT NULL,
  `postedby` varchar(100) NOT NULL,
  `postedbytitle` varchar(50) NOT NULL,
  `dtposted` datetime NOT NULL,
  `paidby` varchar(255) NOT NULL,
  `fromyear` int(11) NOT NULL,
  `fromqtr` int(11) NOT NULL,
  `toyear` int(11) NOT NULL,
  `toqtr` int(11) NOT NULL,
  `period` varchar(50) NOT NULL,
  `basic` decimal(12,2) NOT NULL,
  `basicint` decimal(12,2) NOT NULL,
  `basicdisc` decimal(12,2) NOT NULL,
  `sef` decimal(12,2) NOT NULL,
  `sefint` decimal(12,2) NOT NULL,
  `sefdisc` decimal(12,2) NOT NULL,
  `firecode` decimal(12,2) NOT NULL,
  PRIMARY KEY (`objid`),
  KEY `ix_rptreceipt_capture_paidby` (`paidby`),
  KEY `ix_rptreceipt_payorid` (`payorid`),
  KEY `ix_rptreceipt_receiptno` (`receiptno`)
) ENGINE=InnoDB DEFAULT CHARSET=utf8;
/*!40101 SET character_set_client = @saved_cs_client */;

--
-- Dumping data for table `rptreceipt_capture`
--

LOCK TABLES `rptreceipt_capture` WRITE;
/*!40000 ALTER TABLE `rptreceipt_capture` DISABLE KEYS */;
/*!40000 ALTER TABLE `rptreceipt_capture` ENABLE KEYS */;
UNLOCK TABLES;

--
-- Table structure for table `rpttask`
--

DROP TABLE IF EXISTS `rpttask`;
/*!40101 SET @saved_cs_client     = @@character_set_client */;
/*!40101 SET character_set_client = utf8 */;
CREATE TABLE `rpttask` (
  `taskid` varchar(50) NOT NULL,
  `objid` varchar(50) NOT NULL,
  `action` varchar(50) NOT NULL,
  `refno` varchar(50) NOT NULL,
  `filetype` varchar(50) NOT NULL,
  `msg` varchar(100) DEFAULT NULL,
  `startdate` datetime NOT NULL,
  `enddate` datetime DEFAULT NULL,
  `createdby_objid` varchar(50) NOT NULL,
  `createdby_name` varchar(150) NOT NULL,
  `createdby_title` varchar(50) DEFAULT NULL,
  `assignedto_objid` varchar(50) DEFAULT NULL,
  `assignedto_name` varchar(150) DEFAULT NULL,
  `assignedto_title` varchar(50) DEFAULT NULL,
  `workflowid` varchar(50) DEFAULT NULL,
  `signatory` varchar(50) DEFAULT NULL,
  `docname` varchar(50) DEFAULT NULL,
  `status` varchar(100) DEFAULT NULL,
  PRIMARY KEY (`taskid`),
  KEY `ix_rpttask_assignedto_enddate` (`assignedto_objid`,`enddate`),
  KEY `ix_rpttask_assignedto_name` (`assignedto_name`),
  KEY `ix_rpttask_assignedto_objid` (`assignedto_objid`),
  KEY `ix_rpttask_createdby_name` (`createdby_name`),
  KEY `ix_rpttask_createdby_objid` (`createdby_objid`),
  KEY `ix_rpttask_enddate` (`enddate`),
  KEY `ix_rpttask_objid` (`objid`)
) ENGINE=InnoDB DEFAULT CHARSET=utf8;
/*!40101 SET character_set_client = @saved_cs_client */;

--
-- Dumping data for table `rpttask`
--

LOCK TABLES `rpttask` WRITE;
/*!40000 ALTER TABLE `rpttask` DISABLE KEYS */;
/*!40000 ALTER TABLE `rpttask` ENABLE KEYS */;
UNLOCK TABLES;

--
-- Table structure for table `rpttaxclearance`
--

DROP TABLE IF EXISTS `rpttaxclearance`;
/*!40101 SET @saved_cs_client     = @@character_set_client */;
/*!40101 SET character_set_client = utf8 */;
CREATE TABLE `rpttaxclearance` (
  `objid` varchar(50) NOT NULL,
  `year` int(11) NOT NULL,
  `qtr` int(11) NOT NULL,
  `reporttype` varchar(15) DEFAULT NULL,
  PRIMARY KEY (`objid`),
  CONSTRAINT `rpttaxclearance_ibfk_1` FOREIGN KEY (`objid`) REFERENCES `rptcertification` (`objid`)
) ENGINE=InnoDB DEFAULT CHARSET=utf8;
/*!40101 SET character_set_client = @saved_cs_client */;

--
-- Dumping data for table `rpttaxclearance`
--

LOCK TABLES `rpttaxclearance` WRITE;
/*!40000 ALTER TABLE `rpttaxclearance` DISABLE KEYS */;
/*!40000 ALTER TABLE `rpttaxclearance` ENABLE KEYS */;
UNLOCK TABLES;

--
-- Table structure for table `rpttaxcredit`
--

DROP TABLE IF EXISTS `rpttaxcredit`;
/*!40101 SET @saved_cs_client     = @@character_set_client */;
/*!40101 SET character_set_client = utf8 */;
CREATE TABLE `rpttaxcredit` (
  `objid` varchar(50) NOT NULL,
  `state` varchar(25) NOT NULL,
  `type` varchar(25) NOT NULL,
  `txnno` varchar(25) DEFAULT NULL,
  `txndate` datetime DEFAULT NULL,
  `reftype` varchar(25) DEFAULT NULL,
  `refid` varchar(50) DEFAULT NULL,
  `refno` varchar(25) NOT NULL,
  `refdate` date NOT NULL,
  `amount` decimal(16,2) NOT NULL,
  `amtapplied` decimal(16,2) NOT NULL,
  `rptledger_objid` varchar(50) NOT NULL,
  `srcledger_objid` varchar(50) DEFAULT NULL,
  `remarks` varchar(255) DEFAULT NULL,
  `approvedby_objid` varchar(50) DEFAULT NULL,
  `approvedby_name` varchar(150) DEFAULT NULL,
  `approvedby_title` varchar(75) DEFAULT NULL,
  `info` text,
  `discapplied` decimal(16,2) NOT NULL,
  PRIMARY KEY (`objid`),
  UNIQUE KEY `ux_txnno` (`txnno`),
  KEY `ix_state` (`state`),
  KEY `ix_type` (`type`),
  KEY `ix_reftype` (`reftype`),
  KEY `ix_refid` (`refid`),
  KEY `ix_refno` (`refno`),
  KEY `ix_rptledger_objid` (`rptledger_objid`),
  KEY `ix_srcledger_objid` (`srcledger_objid`),
  KEY `fk_rpttaxcredit_sys_user` (`approvedby_objid`),
  CONSTRAINT `fk_rpttaxcredit_rptledger` FOREIGN KEY (`rptledger_objid`) REFERENCES `rptledger` (`objid`),
  CONSTRAINT `fk_rpttaxcredit_srcledger` FOREIGN KEY (`srcledger_objid`) REFERENCES `rptledger` (`objid`),
  CONSTRAINT `fk_rpttaxcredit_sys_user` FOREIGN KEY (`approvedby_objid`) REFERENCES `sys_user` (`objid`)
) ENGINE=InnoDB DEFAULT CHARSET=utf8;
/*!40101 SET character_set_client = @saved_cs_client */;

--
-- Dumping data for table `rpttaxcredit`
--

LOCK TABLES `rpttaxcredit` WRITE;
/*!40000 ALTER TABLE `rpttaxcredit` DISABLE KEYS */;
/*!40000 ALTER TABLE `rpttaxcredit` ENABLE KEYS */;
UNLOCK TABLES;

--
-- Table structure for table `rpttaxincentive`
--

DROP TABLE IF EXISTS `rpttaxincentive`;
/*!40101 SET @saved_cs_client     = @@character_set_client */;
/*!40101 SET character_set_client = utf8 */;
CREATE TABLE `rpttaxincentive` (
  `objid` varchar(50) NOT NULL,
  `state` varchar(25) NOT NULL,
  `txnno` varchar(25) DEFAULT NULL,
  `txndate` date DEFAULT NULL,
  `taxpayer_objid` varchar(50) NOT NULL,
  `taxpayer_name` longtext NOT NULL,
  `taxpayer_address` varchar(150) NOT NULL,
  `name` varchar(100) NOT NULL,
  `remarks` varchar(250) NOT NULL,
  `createdby_objid` varchar(50) NOT NULL,
  `createdby_name` varchar(100) NOT NULL,
  `createdby_title` varchar(50) NOT NULL,
  `createdby_date` datetime NOT NULL,
  PRIMARY KEY (`objid`),
  KEY `ix_rpttaxincentive_name` (`name`),
  KEY `ix_rpttaxincentive_state` (`state`),
  KEY `ix_rpttaxincentive_taxpayerid` (`taxpayer_objid`),
  KEY `ix_rpttaxincentive_txnno` (`txnno`),
  KEY `createdby_objid` (`createdby_objid`),
  CONSTRAINT `rpttaxincentive_ibfk_1` FOREIGN KEY (`taxpayer_objid`) REFERENCES `entity` (`objid`),
  CONSTRAINT `rpttaxincentive_ibfk_2` FOREIGN KEY (`createdby_objid`) REFERENCES `sys_user` (`objid`)
) ENGINE=InnoDB DEFAULT CHARSET=utf8;
/*!40101 SET character_set_client = @saved_cs_client */;

--
-- Dumping data for table `rpttaxincentive`
--

LOCK TABLES `rpttaxincentive` WRITE;
/*!40000 ALTER TABLE `rpttaxincentive` DISABLE KEYS */;
/*!40000 ALTER TABLE `rpttaxincentive` ENABLE KEYS */;
UNLOCK TABLES;

--
-- Table structure for table `rpttaxincentive_item`
--

DROP TABLE IF EXISTS `rpttaxincentive_item`;
/*!40101 SET @saved_cs_client     = @@character_set_client */;
/*!40101 SET character_set_client = utf8 */;
CREATE TABLE `rpttaxincentive_item` (
  `objid` varchar(50) NOT NULL,
  `rpttaxincentiveid` varchar(50) NOT NULL,
  `rptledgerid` varchar(50) NOT NULL,
  `fromyear` int(11) NOT NULL,
  `toyear` int(11) NOT NULL,
  `basicrate` int(11) NOT NULL,
  `sefrate` int(11) NOT NULL,
  PRIMARY KEY (`objid`),
  KEY `ix_rpttaxincentiveitem_rptledgerid` (`rptledgerid`),
  KEY `ix_rpttaxincentiveitem_rpttaxincentiveid` (`rpttaxincentiveid`),
  CONSTRAINT `rpttaxincentive_item_ibfk_1` FOREIGN KEY (`rptledgerid`) REFERENCES `rptledger` (`objid`),
  CONSTRAINT `rpttaxincentive_item_ibfk_2` FOREIGN KEY (`rpttaxincentiveid`) REFERENCES `rpttaxincentive` (`objid`)
) ENGINE=InnoDB DEFAULT CHARSET=utf8;
/*!40101 SET character_set_client = @saved_cs_client */;

--
-- Dumping data for table `rpttaxincentive_item`
--

LOCK TABLES `rpttaxincentive_item` WRITE;
/*!40000 ALTER TABLE `rpttaxincentive_item` DISABLE KEYS */;
/*!40000 ALTER TABLE `rpttaxincentive_item` ENABLE KEYS */;
UNLOCK TABLES;

--
-- Table structure for table `rpttracking`
--

DROP TABLE IF EXISTS `rpttracking`;
/*!40101 SET @saved_cs_client     = @@character_set_client */;
/*!40101 SET character_set_client = utf8 */;
CREATE TABLE `rpttracking` (
  `objid` varchar(50) NOT NULL,
  `filetype` varchar(50) NOT NULL,
  `trackingno` varchar(25) NOT NULL,
  `msg` varchar(150) DEFAULT NULL,
  PRIMARY KEY (`objid`)
) ENGINE=InnoDB DEFAULT CHARSET=utf8;
/*!40101 SET character_set_client = @saved_cs_client */;

--
-- Dumping data for table `rpttracking`
--

LOCK TABLES `rpttracking` WRITE;
/*!40000 ALTER TABLE `rpttracking` DISABLE KEYS */;
/*!40000 ALTER TABLE `rpttracking` ENABLE KEYS */;
UNLOCK TABLES;

--
-- Table structure for table `rpttransmittal`
--

DROP TABLE IF EXISTS `rpttransmittal`;
/*!40101 SET @saved_cs_client     = @@character_set_client */;
/*!40101 SET character_set_client = utf8 */;
CREATE TABLE `rpttransmittal` (
  `objid` varchar(50) NOT NULL,
  `state` varchar(50) NOT NULL,
  `type` varchar(15) NOT NULL,
  `filetype` varchar(50) NOT NULL,
  `txnno` varchar(15) NOT NULL,
  `txndate` datetime NOT NULL,
  `lgu_objid` varchar(50) NOT NULL,
  `lgu_name` varchar(50) NOT NULL,
  `lgu_type` varchar(50) NOT NULL,
  `tolgu_objid` varchar(50) NOT NULL,
  `tolgu_name` varchar(50) NOT NULL,
  `tolgu_type` varchar(50) NOT NULL,
  `createdby_objid` varchar(50) NOT NULL,
  `createdby_name` varchar(100) NOT NULL,
  `createdby_title` varchar(50) NOT NULL,
  `remarks` varchar(500) DEFAULT NULL,
  PRIMARY KEY (`objid`),
  UNIQUE KEY `ux_txnno` (`txnno`),
  KEY `ix_state` (`state`),
  KEY `ix_createdby_name` (`createdby_name`),
  KEY `ix_lguname` (`lgu_name`)
) ENGINE=InnoDB DEFAULT CHARSET=utf8;
/*!40101 SET character_set_client = @saved_cs_client */;

--
-- Dumping data for table `rpttransmittal`
--

LOCK TABLES `rpttransmittal` WRITE;
/*!40000 ALTER TABLE `rpttransmittal` DISABLE KEYS */;
/*!40000 ALTER TABLE `rpttransmittal` ENABLE KEYS */;
UNLOCK TABLES;

--
-- Table structure for table `rpttransmittal_item`
--

DROP TABLE IF EXISTS `rpttransmittal_item`;
/*!40101 SET @saved_cs_client     = @@character_set_client */;
/*!40101 SET character_set_client = utf8 */;
CREATE TABLE `rpttransmittal_item` (
  `objid` varchar(50) NOT NULL,
  `parentid` varchar(50) NOT NULL,
  `state` varchar(50) NOT NULL,
  `filetype` varchar(50) NOT NULL,
  `refid` varchar(50) NOT NULL,
  `refno` varchar(150) NOT NULL,
  `message` varchar(350) DEFAULT NULL,
  `remarks` varchar(350) DEFAULT NULL,
  `status` varchar(50) DEFAULT NULL,
  `disapprovedby_name` varchar(150) DEFAULT NULL,
  PRIMARY KEY (`objid`),
  UNIQUE KEY `ux_parentid_refid` (`parentid`,`refid`),
  KEY `ix_refid` (`refid`),
  KEY `FK_rpttransmittal_item_rpttransmittal` (`parentid`),
  CONSTRAINT `FK_rpttransmittal_item_rpttransmittal` FOREIGN KEY (`parentid`) REFERENCES `rpttransmittal` (`objid`)
) ENGINE=InnoDB DEFAULT CHARSET=utf8;
/*!40101 SET character_set_client = @saved_cs_client */;

--
-- Dumping data for table `rpttransmittal_item`
--

LOCK TABLES `rpttransmittal_item` WRITE;
/*!40000 ALTER TABLE `rpttransmittal_item` DISABLE KEYS */;
/*!40000 ALTER TABLE `rpttransmittal_item` ENABLE KEYS */;
UNLOCK TABLES;

--
-- Table structure for table `rptvariable`
--

DROP TABLE IF EXISTS `rptvariable`;
/*!40101 SET @saved_cs_client     = @@character_set_client */;
/*!40101 SET character_set_client = utf8 */;
CREATE TABLE `rptvariable` (
  `objid` varchar(50) NOT NULL,
  PRIMARY KEY (`objid`)
) ENGINE=InnoDB DEFAULT CHARSET=utf8;
/*!40101 SET character_set_client = @saved_cs_client */;

--
-- Dumping data for table `rptvariable`
--

LOCK TABLES `rptvariable` WRITE;
/*!40000 ALTER TABLE `rptvariable` DISABLE KEYS */;
/*!40000 ALTER TABLE `rptvariable` ENABLE KEYS */;
UNLOCK TABLES;

--
-- Table structure for table `rpu`
--

DROP TABLE IF EXISTS `rpu`;
/*!40101 SET @saved_cs_client     = @@character_set_client */;
/*!40101 SET character_set_client = utf8 */;
CREATE TABLE `rpu` (
  `objid` varchar(50) NOT NULL,
  `state` varchar(25) NOT NULL,
  `realpropertyid` varchar(50) DEFAULT NULL,
  `rputype` varchar(10) NOT NULL,
  `ry` int(11) NOT NULL,
  `fullpin` varchar(30) DEFAULT NULL,
  `suffix` int(11) NOT NULL,
  `subsuffix` int(11) DEFAULT NULL,
  `classification_objid` varchar(50) DEFAULT NULL,
  `exemptiontype_objid` varchar(50) DEFAULT NULL,
  `taxable` int(11) NOT NULL,
  `totalareaha` decimal(18,6) NOT NULL,
  `totalareasqm` decimal(18,6) NOT NULL,
  `totalbmv` decimal(16,2) NOT NULL,
  `totalmv` decimal(16,2) NOT NULL,
  `totalav` decimal(16,2) NOT NULL,
  `hasswornamount` int(11) NOT NULL,
  `swornamount` decimal(16,2) NOT NULL,
  `useswornamount` int(11) NOT NULL,
  `previd` varchar(50) DEFAULT NULL,
  `rpumasterid` varchar(50) DEFAULT NULL,
  `reclassed` int(11) DEFAULT NULL,
  `isonline` int(11) DEFAULT NULL,
  PRIMARY KEY (`objid`),
  KEY `exemptiontype_objid` (`exemptiontype_objid`),
  KEY `rpumasterid` (`rpumasterid`),
  KEY `FK_rpu_realpropertyid` (`realpropertyid`),
  KEY `ix_classification_objid` (`classification_objid`),
  KEY `ix_previd` (`previd`),
  KEY `ix_rpu_fullpin` (`fullpin`),
  KEY `ix_rpu_ry_fullpin` (`fullpin`,`ry`),
  KEY `ix_rpu_ry_state` (`state`),
  KEY `ix_rpu_state` (`state`),
  KEY `ix_rpy_ry` (`ry`),
  CONSTRAINT `rpu_ibfk_1` FOREIGN KEY (`exemptiontype_objid`) REFERENCES `exemptiontype` (`objid`),
  CONSTRAINT `rpu_ibfk_2` FOREIGN KEY (`classification_objid`) REFERENCES `propertyclassification` (`objid`),
  CONSTRAINT `rpu_ibfk_4` FOREIGN KEY (`rpumasterid`) REFERENCES `rpumaster` (`objid`)
) ENGINE=InnoDB DEFAULT CHARSET=utf8;
/*!40101 SET character_set_client = @saved_cs_client */;

--
-- Dumping data for table `rpu`
--

LOCK TABLES `rpu` WRITE;
/*!40000 ALTER TABLE `rpu` DISABLE KEYS */;
/*!40000 ALTER TABLE `rpu` ENABLE KEYS */;
UNLOCK TABLES;

--
-- Table structure for table `rpu_assessment`
--

DROP TABLE IF EXISTS `rpu_assessment`;
/*!40101 SET @saved_cs_client     = @@character_set_client */;
/*!40101 SET character_set_client = utf8 */;
CREATE TABLE `rpu_assessment` (
  `objid` varchar(50) NOT NULL,
  `rpuid` varchar(50) NOT NULL,
  `classification_objid` varchar(50) DEFAULT NULL,
  `actualuse_objid` varchar(50) DEFAULT NULL,
  `areasqm` decimal(16,2) NOT NULL,
  `areaha` decimal(16,6) NOT NULL,
  `marketvalue` decimal(16,2) NOT NULL,
  `assesslevel` decimal(16,2) NOT NULL,
  `assessedvalue` decimal(16,2) NOT NULL,
  `rputype` varchar(25) DEFAULT NULL,
  `taxable` int(11) DEFAULT NULL,
  PRIMARY KEY (`objid`),
  KEY `FK_rpuassessmetn_rpu` (`rpuid`),
  CONSTRAINT `FK_rpuassessmetn_rpu` FOREIGN KEY (`rpuid`) REFERENCES `rpu` (`objid`)
) ENGINE=InnoDB DEFAULT CHARSET=utf8;
/*!40101 SET character_set_client = @saved_cs_client */;

--
-- Dumping data for table `rpu_assessment`
--

LOCK TABLES `rpu_assessment` WRITE;
/*!40000 ALTER TABLE `rpu_assessment` DISABLE KEYS */;
/*!40000 ALTER TABLE `rpu_assessment` ENABLE KEYS */;
UNLOCK TABLES;

--
-- Table structure for table `rpu_type_suffix`
--

DROP TABLE IF EXISTS `rpu_type_suffix`;
/*!40101 SET @saved_cs_client     = @@character_set_client */;
/*!40101 SET character_set_client = utf8 */;
CREATE TABLE `rpu_type_suffix` (
  `objid` varchar(50) NOT NULL,
  `rputype` varchar(20) NOT NULL,
  `from` int(11) NOT NULL,
  `to` int(11) NOT NULL,
  PRIMARY KEY (`objid`)
) ENGINE=InnoDB DEFAULT CHARSET=utf8;
/*!40101 SET character_set_client = @saved_cs_client */;

--
-- Dumping data for table `rpu_type_suffix`
--

LOCK TABLES `rpu_type_suffix` WRITE;
/*!40000 ALTER TABLE `rpu_type_suffix` DISABLE KEYS */;
/*!40000 ALTER TABLE `rpu_type_suffix` ENABLE KEYS */;
UNLOCK TABLES;

--
-- Table structure for table `rpumaster`
--

DROP TABLE IF EXISTS `rpumaster`;
/*!40101 SET @saved_cs_client     = @@character_set_client */;
/*!40101 SET character_set_client = utf8 */;
CREATE TABLE `rpumaster` (
  `objid` varchar(50) NOT NULL,
  `currentfaasid` varchar(50) DEFAULT NULL,
  `currentrpuid` varchar(50) DEFAULT NULL,
  PRIMARY KEY (`objid`)
) ENGINE=InnoDB DEFAULT CHARSET=utf8;
/*!40101 SET character_set_client = @saved_cs_client */;

--
-- Dumping data for table `rpumaster`
--

LOCK TABLES `rpumaster` WRITE;
/*!40000 ALTER TABLE `rpumaster` DISABLE KEYS */;
/*!40000 ALTER TABLE `rpumaster` ENABLE KEYS */;
UNLOCK TABLES;

--
-- Table structure for table `rysetting_lgu`
--

DROP TABLE IF EXISTS `rysetting_lgu`;
/*!40101 SET @saved_cs_client     = @@character_set_client */;
/*!40101 SET character_set_client = utf8 */;
CREATE TABLE `rysetting_lgu` (
  `objid` varchar(50) NOT NULL DEFAULT '',
  `rysettingid` varchar(50) NOT NULL DEFAULT '',
  `lguid` varchar(50) NOT NULL DEFAULT '',
  `settingtype` varchar(15) NOT NULL DEFAULT '',
  `barangayid` varchar(50) DEFAULT NULL,
  `lguname` varchar(50) DEFAULT NULL,
  PRIMARY KEY (`objid`),
  UNIQUE KEY `ux_rysettinglgu` (`rysettingid`,`lguid`,`barangayid`)
) ENGINE=InnoDB DEFAULT CHARSET=utf8;
/*!40101 SET character_set_client = @saved_cs_client */;

--
-- Dumping data for table `rysetting_lgu`
--

LOCK TABLES `rysetting_lgu` WRITE;
/*!40000 ALTER TABLE `rysetting_lgu` DISABLE KEYS */;
/*!40000 ALTER TABLE `rysetting_lgu` ENABLE KEYS */;
UNLOCK TABLES;

--
-- Table structure for table `rysettinginfo`
--

DROP TABLE IF EXISTS `rysettinginfo`;
/*!40101 SET @saved_cs_client     = @@character_set_client */;
/*!40101 SET character_set_client = utf8 */;
CREATE TABLE `rysettinginfo` (
  `ry` int(11) NOT NULL,
  `ordinanceno` varchar(50) DEFAULT NULL,
  `ordinancedate` datetime DEFAULT NULL,
  `sangguniangname` varchar(50) DEFAULT NULL,
  PRIMARY KEY (`ry`)
) ENGINE=InnoDB DEFAULT CHARSET=utf8;
/*!40101 SET character_set_client = @saved_cs_client */;

--
-- Dumping data for table `rysettinginfo`
--

LOCK TABLES `rysettinginfo` WRITE;
/*!40000 ALTER TABLE `rysettinginfo` DISABLE KEYS */;
/*!40000 ALTER TABLE `rysettinginfo` ENABLE KEYS */;
UNLOCK TABLES;

--
-- Table structure for table `signatory`
--

DROP TABLE IF EXISTS `signatory`;
/*!40101 SET @saved_cs_client     = @@character_set_client */;
/*!40101 SET character_set_client = utf8 */;
CREATE TABLE `signatory` (
  `objid` varchar(50) NOT NULL,
  `state` varchar(10) NOT NULL,
  `doctype` varchar(50) NOT NULL,
  `indexno` int(11) NOT NULL,
  `lastname` varchar(50) NOT NULL,
  `firstname` varchar(50) NOT NULL,
  `middlename` varchar(50) DEFAULT NULL,
  `name` varchar(150) DEFAULT NULL,
  `title` varchar(50) NOT NULL,
  `department` varchar(50) DEFAULT NULL,
  `personnelid` varchar(50) DEFAULT NULL,
  PRIMARY KEY (`objid`),
  KEY `ix_doctype` (`doctype`),
  KEY `ix_personnelid` (`personnelid`)
) ENGINE=InnoDB DEFAULT CHARSET=utf8;
/*!40101 SET character_set_client = @saved_cs_client */;

--
-- Dumping data for table `signatory`
--

LOCK TABLES `signatory` WRITE;
/*!40000 ALTER TABLE `signatory` DISABLE KEYS */;
/*!40000 ALTER TABLE `signatory` ENABLE KEYS */;
UNLOCK TABLES;

--
-- Table structure for table `sre_revenue_mapping`
--

DROP TABLE IF EXISTS `sre_revenue_mapping`;
/*!40101 SET @saved_cs_client     = @@character_set_client */;
/*!40101 SET character_set_client = utf8 */;
CREATE TABLE `sre_revenue_mapping` (
  `objid` varchar(50) NOT NULL,
  `version` varchar(10) DEFAULT NULL,
  `revenueitemid` varchar(50) NOT NULL,
  `acctid` varchar(50) NOT NULL,
  PRIMARY KEY (`objid`),
  KEY `ix_revenueitemid` (`revenueitemid`),
  KEY `ix_acctid` (`acctid`)
) ENGINE=InnoDB DEFAULT CHARSET=utf8;
/*!40101 SET character_set_client = @saved_cs_client */;

--
-- Dumping data for table `sre_revenue_mapping`
--

LOCK TABLES `sre_revenue_mapping` WRITE;
/*!40000 ALTER TABLE `sre_revenue_mapping` DISABLE KEYS */;
/*!40000 ALTER TABLE `sre_revenue_mapping` ENABLE KEYS */;
UNLOCK TABLES;

--
-- Table structure for table `sreaccount`
--

DROP TABLE IF EXISTS `sreaccount`;
/*!40101 SET @saved_cs_client     = @@character_set_client */;
/*!40101 SET character_set_client = utf8 */;
CREATE TABLE `sreaccount` (
  `objid` varchar(50) NOT NULL,
  `parentid` varchar(50) DEFAULT NULL,
  `state` varchar(10) DEFAULT NULL,
  `chartid` varchar(50) DEFAULT NULL,
  `code` varchar(50) DEFAULT NULL,
  `title` varchar(255) DEFAULT NULL,
  `type` varchar(20) DEFAULT NULL,
  `acctgroup` varchar(50) DEFAULT NULL,
  PRIMARY KEY (`objid`),
  KEY `ix_parentid` (`parentid`),
  KEY `ix_code` (`code`),
  KEY `ix_title` (`title`)
) ENGINE=InnoDB DEFAULT CHARSET=utf8;
/*!40101 SET character_set_client = @saved_cs_client */;

--
-- Dumping data for table `sreaccount`
--

LOCK TABLES `sreaccount` WRITE;
/*!40000 ALTER TABLE `sreaccount` DISABLE KEYS */;
/*!40000 ALTER TABLE `sreaccount` ENABLE KEYS */;
UNLOCK TABLES;

--
-- Table structure for table `sreaccount_incometarget`
--

DROP TABLE IF EXISTS `sreaccount_incometarget`;
/*!40101 SET @saved_cs_client     = @@character_set_client */;
/*!40101 SET character_set_client = utf8 */;
CREATE TABLE `sreaccount_incometarget` (
  `objid` varchar(50) NOT NULL,
  `year` int(11) NOT NULL,
  `target` decimal(18,2) DEFAULT NULL,
  PRIMARY KEY (`objid`,`year`),
  CONSTRAINT `sreaccount_incometarget_ibfk_1` FOREIGN KEY (`objid`) REFERENCES `sreaccount` (`objid`)
) ENGINE=InnoDB DEFAULT CHARSET=utf8;
/*!40101 SET character_set_client = @saved_cs_client */;

--
-- Dumping data for table `sreaccount_incometarget`
--

LOCK TABLES `sreaccount_incometarget` WRITE;
/*!40000 ALTER TABLE `sreaccount_incometarget` DISABLE KEYS */;
/*!40000 ALTER TABLE `sreaccount_incometarget` ENABLE KEYS */;
UNLOCK TABLES;

--
-- Table structure for table `structure`
--

DROP TABLE IF EXISTS `structure`;
/*!40101 SET @saved_cs_client     = @@character_set_client */;
/*!40101 SET character_set_client = utf8 */;
CREATE TABLE `structure` (
  `objid` varchar(50) NOT NULL,
  `state` varchar(10) NOT NULL,
  `code` varchar(20) NOT NULL,
  `name` varchar(100) NOT NULL,
  `indexno` int(11) NOT NULL,
  `showinfaas` int(11) NOT NULL,
  PRIMARY KEY (`objid`),
  UNIQUE KEY `ux_structure_code` (`code`),
  UNIQUE KEY `ux_structure_name` (`name`),
  KEY `ix_structure_state` (`state`)
) ENGINE=InnoDB DEFAULT CHARSET=utf8;
/*!40101 SET character_set_client = @saved_cs_client */;

--
-- Dumping data for table `structure`
--

LOCK TABLES `structure` WRITE;
/*!40000 ALTER TABLE `structure` DISABLE KEYS */;
/*!40000 ALTER TABLE `structure` ENABLE KEYS */;
UNLOCK TABLES;

--
-- Table structure for table `structurematerial`
--

DROP TABLE IF EXISTS `structurematerial`;
/*!40101 SET @saved_cs_client     = @@character_set_client */;
/*!40101 SET character_set_client = utf8 */;
CREATE TABLE `structurematerial` (
  `structure_objid` varchar(50) NOT NULL,
  `material_objid` varchar(50) NOT NULL,
  `display` int(11) DEFAULT NULL,
  `idx` int(11) DEFAULT NULL,
  PRIMARY KEY (`structure_objid`,`material_objid`),
  KEY `FK_structurematerial_material` (`material_objid`),
  CONSTRAINT `structurematerial_ibfk_1` FOREIGN KEY (`material_objid`) REFERENCES `material` (`objid`),
  CONSTRAINT `structurematerial_ibfk_2` FOREIGN KEY (`structure_objid`) REFERENCES `structure` (`objid`)
) ENGINE=InnoDB DEFAULT CHARSET=utf8;
/*!40101 SET character_set_client = @saved_cs_client */;

--
-- Dumping data for table `structurematerial`
--

LOCK TABLES `structurematerial` WRITE;
/*!40000 ALTER TABLE `structurematerial` DISABLE KEYS */;
/*!40000 ALTER TABLE `structurematerial` ENABLE KEYS */;
UNLOCK TABLES;

--
-- Table structure for table `subcollector_remittance`
--

DROP TABLE IF EXISTS `subcollector_remittance`;
/*!40101 SET @saved_cs_client     = @@character_set_client */;
/*!40101 SET character_set_client = utf8 */;
CREATE TABLE `subcollector_remittance` (
  `objid` varchar(50) NOT NULL,
  `state` varchar(20) NOT NULL,
  `txnno` varchar(20) NOT NULL,
  `dtposted` datetime NOT NULL,
  `collector_objid` varchar(50) NOT NULL,
  `collector_name` varchar(100) NOT NULL,
  `collector_title` varchar(30) NOT NULL,
  `subcollector_objid` varchar(50) NOT NULL,
  `subcollector_name` varchar(100) NOT NULL,
  `subcollector_title` varchar(50) DEFAULT NULL,
  `amount` decimal(18,2) NOT NULL,
  `totalcash` decimal(12,2) DEFAULT NULL,
  `totalnoncash` decimal(12,2) DEFAULT NULL,
  `cashbreakdown` text,
  `collectionsummaries` longtext,
  PRIMARY KEY (`objid`),
  KEY `ix_state` (`state`),
  KEY `ix_txnno` (`txnno`),
  KEY `ix_dtposted` (`dtposted`),
  KEY `ix_collector_objid` (`collector_objid`),
  KEY `ix_subcollector_objid` (`subcollector_objid`)
) ENGINE=InnoDB DEFAULT CHARSET=utf8;
/*!40101 SET character_set_client = @saved_cs_client */;

--
-- Dumping data for table `subcollector_remittance`
--

LOCK TABLES `subcollector_remittance` WRITE;
/*!40000 ALTER TABLE `subcollector_remittance` DISABLE KEYS */;
/*!40000 ALTER TABLE `subcollector_remittance` ENABLE KEYS */;
UNLOCK TABLES;

--
-- Table structure for table `subcollector_remittance_cashreceipt`
--

DROP TABLE IF EXISTS `subcollector_remittance_cashreceipt`;
/*!40101 SET @saved_cs_client     = @@character_set_client */;
/*!40101 SET character_set_client = utf8 */;
CREATE TABLE `subcollector_remittance_cashreceipt` (
  `objid` varchar(50) NOT NULL,
  `remittanceid` varchar(50) NOT NULL,
  PRIMARY KEY (`objid`),
  KEY `ix_remittanceid` (`remittanceid`),
  CONSTRAINT `fk_subcollector_remittance_cashreceipt_objid` FOREIGN KEY (`objid`) REFERENCES `cashreceipt` (`objid`),
  CONSTRAINT `fk_subcollector_remittance_cashreceipt_remittanceid` FOREIGN KEY (`remittanceid`) REFERENCES `subcollector_remittance` (`objid`)
) ENGINE=InnoDB DEFAULT CHARSET=utf8;
/*!40101 SET character_set_client = @saved_cs_client */;

--
-- Dumping data for table `subcollector_remittance_cashreceipt`
--

LOCK TABLES `subcollector_remittance_cashreceipt` WRITE;
/*!40000 ALTER TABLE `subcollector_remittance_cashreceipt` DISABLE KEYS */;
/*!40000 ALTER TABLE `subcollector_remittance_cashreceipt` ENABLE KEYS */;
UNLOCK TABLES;

--
-- Table structure for table `subdividedland`
--

DROP TABLE IF EXISTS `subdividedland`;
/*!40101 SET @saved_cs_client     = @@character_set_client */;
/*!40101 SET character_set_client = utf8 */;
CREATE TABLE `subdividedland` (
  `objid` varchar(50) NOT NULL,
  `subdivisionid` varchar(50) NOT NULL,
  `itemno` varchar(10) DEFAULT NULL,
  `newtdno` varchar(50) DEFAULT NULL,
  `newutdno` varchar(50) DEFAULT NULL,
  `newpin` varchar(25) NOT NULL,
  `newtitletype` varchar(50) DEFAULT NULL,
  `newtitleno` varchar(50) DEFAULT NULL,
  `newtitledate` varchar(50) DEFAULT NULL,
  `areasqm` decimal(16,6) DEFAULT NULL,
  `areaha` decimal(16,6) DEFAULT NULL,
  `memoranda` varchar(500) DEFAULT NULL,
  `administrator_objid` varchar(50) DEFAULT NULL,
  `administrator_name` varchar(200) DEFAULT NULL,
  `administrator_address` varchar(200) DEFAULT NULL,
  `taxpayer_objid` varchar(50) DEFAULT NULL,
  `taxpayer_name` varchar(200) DEFAULT NULL,
  `taxpayer_address` varchar(200) DEFAULT NULL,
  `owner_name` varchar(200) DEFAULT NULL,
  `owner_address` varchar(200) DEFAULT NULL,
  `newrpid` varchar(50) NOT NULL,
  `newrpuid` varchar(50) DEFAULT NULL,
  `newfaasid` varchar(50) DEFAULT NULL,
  PRIMARY KEY (`objid`),
  UNIQUE KEY `ux_subdividedland_newpin` (`newpin`),
  UNIQUE KEY `ux_newpin` (`newpin`),
  KEY `FK_subdividedland_faas` (`newfaasid`),
  KEY `FK_subdividedland_newrp` (`newrpid`),
  KEY `FK_subdividedland_newrpu` (`newrpuid`),
  KEY `FK_subdividedland_subdivision` (`subdivisionid`),
  KEY `ix_subdividedland_administrator_name` (`administrator_name`),
  KEY `ix_subdividedland_newtdno` (`newtdno`),
  CONSTRAINT `subdividedland_ibfk_1` FOREIGN KEY (`newfaasid`) REFERENCES `faas` (`objid`),
  CONSTRAINT `subdividedland_ibfk_2` FOREIGN KEY (`newrpid`) REFERENCES `realproperty` (`objid`),
  CONSTRAINT `subdividedland_ibfk_3` FOREIGN KEY (`newrpuid`) REFERENCES `rpu` (`objid`),
  CONSTRAINT `subdividedland_ibfk_4` FOREIGN KEY (`subdivisionid`) REFERENCES `subdivision` (`objid`)
) ENGINE=InnoDB DEFAULT CHARSET=utf8;
/*!40101 SET character_set_client = @saved_cs_client */;

--
-- Dumping data for table `subdividedland`
--

LOCK TABLES `subdividedland` WRITE;
/*!40000 ALTER TABLE `subdividedland` DISABLE KEYS */;
/*!40000 ALTER TABLE `subdividedland` ENABLE KEYS */;
UNLOCK TABLES;

--
-- Table structure for table `subdivision`
--

DROP TABLE IF EXISTS `subdivision`;
/*!40101 SET @saved_cs_client     = @@character_set_client */;
/*!40101 SET character_set_client = utf8 */;
CREATE TABLE `subdivision` (
  `objid` varchar(50) NOT NULL,
  `state` varchar(50) NOT NULL,
  `ry` int(11) NOT NULL,
  `txntype_objid` varchar(5) NOT NULL,
  `txnno` varchar(25) NOT NULL,
  `txndate` datetime NOT NULL,
  `autonumber` int(11) NOT NULL,
  `effectivityyear` int(11) NOT NULL,
  `effectivityqtr` int(11) NOT NULL,
  `memoranda` text NOT NULL,
  `motherfaasid` varchar(50) DEFAULT NULL,
  `lguid` varchar(50) DEFAULT NULL,
  `signatories` text,
  `source` varchar(50) DEFAULT NULL,
  `filetype` varchar(25) DEFAULT NULL,
  `originlguid` varchar(50) DEFAULT NULL,
  `mothertdnos` varchar(1000) DEFAULT NULL,
  `motherpins` varchar(1000) DEFAULT NULL,
  PRIMARY KEY (`objid`),
  KEY `FK_subdivision_faas` (`motherfaasid`),
  KEY `txntype_objid` (`txntype_objid`),
  KEY `ix_subdivision_mothertdnos` (`mothertdnos`(255)),
  KEY `ix_subdivision_motherpins` (`motherpins`(255)),
  CONSTRAINT `subdivision_ibfk_2` FOREIGN KEY (`txntype_objid`) REFERENCES `faas_txntype` (`objid`)
) ENGINE=InnoDB DEFAULT CHARSET=utf8;
/*!40101 SET character_set_client = @saved_cs_client */;

--
-- Dumping data for table `subdivision`
--

LOCK TABLES `subdivision` WRITE;
/*!40000 ALTER TABLE `subdivision` DISABLE KEYS */;
/*!40000 ALTER TABLE `subdivision` ENABLE KEYS */;
UNLOCK TABLES;

--
-- Table structure for table `subdivision_assist`
--

DROP TABLE IF EXISTS `subdivision_assist`;
/*!40101 SET @saved_cs_client     = @@character_set_client */;
/*!40101 SET character_set_client = utf8 */;
CREATE TABLE `subdivision_assist` (
  `objid` varchar(50) NOT NULL,
  `parent_objid` varchar(50) NOT NULL,
  `taskstate` varchar(50) NOT NULL,
  `assignee_objid` varchar(50) NOT NULL,
  PRIMARY KEY (`objid`),
  UNIQUE KEY `ux_parent_assignee` (`parent_objid`,`taskstate`,`assignee_objid`),
  KEY `ix_parent_objid` (`parent_objid`),
  KEY `ix_assignee_objid` (`assignee_objid`),
  CONSTRAINT `fk_subdivision_assist_subdivision` FOREIGN KEY (`parent_objid`) REFERENCES `subdivision` (`objid`),
  CONSTRAINT `fk_subdivision_assist_user` FOREIGN KEY (`assignee_objid`) REFERENCES `sys_user` (`objid`)
) ENGINE=InnoDB DEFAULT CHARSET=utf8;
/*!40101 SET character_set_client = @saved_cs_client */;

--
-- Dumping data for table `subdivision_assist`
--

LOCK TABLES `subdivision_assist` WRITE;
/*!40000 ALTER TABLE `subdivision_assist` DISABLE KEYS */;
/*!40000 ALTER TABLE `subdivision_assist` ENABLE KEYS */;
UNLOCK TABLES;

--
-- Table structure for table `subdivision_assist_item`
--

DROP TABLE IF EXISTS `subdivision_assist_item`;
/*!40101 SET @saved_cs_client     = @@character_set_client */;
/*!40101 SET character_set_client = utf8 */;
CREATE TABLE `subdivision_assist_item` (
  `objid` varchar(50) NOT NULL,
  `subdivision_objid` varchar(50) NOT NULL,
  `parent_objid` varchar(50) NOT NULL,
  `pintype` varchar(10) NOT NULL,
  `section` varchar(5) NOT NULL,
  `startparcel` int(255) NOT NULL,
  `endparcel` int(255) NOT NULL,
  `parcelcount` int(11) DEFAULT NULL,
  `parcelcreated` int(11) DEFAULT NULL,
  PRIMARY KEY (`objid`),
  KEY `ix_subdivision_objid` (`subdivision_objid`),
  KEY `ix_parent_objid` (`parent_objid`),
  CONSTRAINT `fk_subdivision_assist_item_subdivision` FOREIGN KEY (`subdivision_objid`) REFERENCES `subdivision` (`objid`),
  CONSTRAINT `fk_subdivision_assist_item_subdivision_assist` FOREIGN KEY (`parent_objid`) REFERENCES `subdivision_assist` (`objid`)
) ENGINE=InnoDB DEFAULT CHARSET=utf8;
/*!40101 SET character_set_client = @saved_cs_client */;

--
-- Dumping data for table `subdivision_assist_item`
--

LOCK TABLES `subdivision_assist_item` WRITE;
/*!40000 ALTER TABLE `subdivision_assist_item` DISABLE KEYS */;
/*!40000 ALTER TABLE `subdivision_assist_item` ENABLE KEYS */;
UNLOCK TABLES;

--
-- Table structure for table `subdivision_cancelledimprovement`
--

DROP TABLE IF EXISTS `subdivision_cancelledimprovement`;
/*!40101 SET @saved_cs_client     = @@character_set_client */;
/*!40101 SET character_set_client = utf8 */;
CREATE TABLE `subdivision_cancelledimprovement` (
  `objid` varchar(50) NOT NULL,
  `parentid` varchar(50) NOT NULL,
  `faasid` varchar(50) DEFAULT NULL,
  `remarks` varchar(1000) DEFAULT NULL,
  `lasttaxyear` int(11) DEFAULT NULL,
  `lguid` varchar(50) DEFAULT NULL,
  `reason_objid` varchar(50) DEFAULT NULL,
  `cancelledbytdnos` varchar(500) DEFAULT NULL,
  `cancelledbypins` varchar(500) DEFAULT NULL,
  PRIMARY KEY (`objid`),
  KEY `FK_subdivision_cancelledimprovement_subdivision` (`parentid`),
  KEY `FK_subdivision_cancelledimprovement_faas` (`faasid`),
  CONSTRAINT `FK_subdivision_cancelledimprovement_faas` FOREIGN KEY (`faasid`) REFERENCES `faas` (`objid`),
  CONSTRAINT `FK_subdivision_cancelledimprovement_subdivision` FOREIGN KEY (`parentid`) REFERENCES `subdivision` (`objid`)
) ENGINE=InnoDB DEFAULT CHARSET=utf8;
/*!40101 SET character_set_client = @saved_cs_client */;

--
-- Dumping data for table `subdivision_cancelledimprovement`
--

LOCK TABLES `subdivision_cancelledimprovement` WRITE;
/*!40000 ALTER TABLE `subdivision_cancelledimprovement` DISABLE KEYS */;
/*!40000 ALTER TABLE `subdivision_cancelledimprovement` ENABLE KEYS */;
UNLOCK TABLES;

--
-- Table structure for table `subdivision_motherland`
--

DROP TABLE IF EXISTS `subdivision_motherland`;
/*!40101 SET @saved_cs_client     = @@character_set_client */;
/*!40101 SET character_set_client = utf8 */;
CREATE TABLE `subdivision_motherland` (
  `objid` varchar(50) NOT NULL,
  `subdivisionid` varchar(50) NOT NULL,
  `landfaasid` varchar(50) NOT NULL,
  `rpuid` varchar(50) NOT NULL,
  `rpid` varchar(50) NOT NULL,
  PRIMARY KEY (`objid`),
  KEY `FK_consolidatedland_faas` (`landfaasid`),
  KEY `FK_consolidatedland_subdivision` (`subdivisionid`),
  CONSTRAINT `subdivision_motherland_ibfk_2` FOREIGN KEY (`landfaasid`) REFERENCES `faas` (`objid`),
  CONSTRAINT `subdivison_motherland_ibfk_1` FOREIGN KEY (`subdivisionid`) REFERENCES `subdivision` (`objid`)
) ENGINE=InnoDB DEFAULT CHARSET=utf8;
/*!40101 SET character_set_client = @saved_cs_client */;

--
-- Dumping data for table `subdivision_motherland`
--

LOCK TABLES `subdivision_motherland` WRITE;
/*!40000 ALTER TABLE `subdivision_motherland` DISABLE KEYS */;
/*!40000 ALTER TABLE `subdivision_motherland` ENABLE KEYS */;
UNLOCK TABLES;

--
-- Table structure for table `subdivision_task`
--

DROP TABLE IF EXISTS `subdivision_task`;
/*!40101 SET @saved_cs_client     = @@character_set_client */;
/*!40101 SET character_set_client = utf8 */;
CREATE TABLE `subdivision_task` (
  `objid` varchar(50) NOT NULL DEFAULT '',
  `refid` varchar(50) DEFAULT NULL,
  `parentprocessid` varchar(50) DEFAULT NULL,
  `state` varchar(50) DEFAULT NULL,
  `startdate` datetime DEFAULT NULL,
  `enddate` datetime DEFAULT NULL,
  `assignee_objid` varchar(50) DEFAULT NULL,
  `assignee_name` varchar(100) DEFAULT NULL,
  `assignee_title` varchar(80) DEFAULT NULL,
  `actor_objid` varchar(50) DEFAULT NULL,
  `actor_name` varchar(100) DEFAULT NULL,
  `actor_title` varchar(80) DEFAULT NULL,
  `message` varchar(255) DEFAULT NULL,
  `signature` text,
  `returnedby` varchar(100) DEFAULT NULL,
  PRIMARY KEY (`objid`),
  KEY `ix_refid` (`refid`),
  KEY `ix_assignee_objid` (`assignee_objid`),
  CONSTRAINT `subdivision_task_ibfk_1` FOREIGN KEY (`refid`) REFERENCES `subdivision` (`objid`)
) ENGINE=InnoDB DEFAULT CHARSET=utf8;
/*!40101 SET character_set_client = @saved_cs_client */;

--
-- Dumping data for table `subdivision_task`
--

LOCK TABLES `subdivision_task` WRITE;
/*!40000 ALTER TABLE `subdivision_task` DISABLE KEYS */;
/*!40000 ALTER TABLE `subdivision_task` ENABLE KEYS */;
UNLOCK TABLES;

--
-- Table structure for table `subdivisionaffectedrpu`
--

DROP TABLE IF EXISTS `subdivisionaffectedrpu`;
/*!40101 SET @saved_cs_client     = @@character_set_client */;
/*!40101 SET character_set_client = utf8 */;
CREATE TABLE `subdivisionaffectedrpu` (
  `objid` varchar(50) NOT NULL,
  `subdivisionid` varchar(50) NOT NULL,
  `itemno` varchar(50) DEFAULT NULL,
  `subdividedlandid` varchar(50) DEFAULT NULL,
  `prevfaasid` varchar(50) DEFAULT NULL,
  `newfaasid` varchar(50) DEFAULT NULL,
  `newtdno` varchar(50) DEFAULT NULL,
  `newutdno` varchar(50) DEFAULT NULL,
  `newsuffix` int(11) DEFAULT NULL,
  `newpin` varchar(25) DEFAULT NULL,
  `newrpuid` varchar(50) DEFAULT NULL,
  `newrpid` varchar(50) DEFAULT NULL,
  `memoranda` varchar(500) DEFAULT NULL,
  `prevpin` varchar(50) DEFAULT NULL,
  `prevtdno` varchar(50) DEFAULT NULL,
  `isnew` int(11) DEFAULT NULL,
  PRIMARY KEY (`objid`),
  KEY `FK_subdivisionaffectedpru_newfaas` (`newfaasid`),
  KEY `FK_subdivisionaffectedpru_newrpu` (`newrpuid`),
  KEY `FK_subdivisionaffectedpru_prevfaas` (`prevfaasid`),
  KEY `FK_subdivisionaffectedpru_subdividedland` (`subdividedlandid`),
  KEY `FK_subdivisionaffectedpru_subdivision` (`subdivisionid`),
  KEY `ix_subdivisionaffectedrpu_newtdno` (`newtdno`),
  KEY `newrpid` (`newrpid`),
  CONSTRAINT `subdivisionaffectedrpu_ibfk_1` FOREIGN KEY (`newfaasid`) REFERENCES `faas` (`objid`),
  CONSTRAINT `subdivisionaffectedrpu_ibfk_2` FOREIGN KEY (`newrpuid`) REFERENCES `rpu` (`objid`),
  CONSTRAINT `subdivisionaffectedrpu_ibfk_3` FOREIGN KEY (`prevfaasid`) REFERENCES `faas` (`objid`),
  CONSTRAINT `subdivisionaffectedrpu_ibfk_4` FOREIGN KEY (`subdividedlandid`) REFERENCES `subdividedland` (`objid`),
  CONSTRAINT `subdivisionaffectedrpu_ibfk_5` FOREIGN KEY (`subdivisionid`) REFERENCES `subdivision` (`objid`),
  CONSTRAINT `subdivisionaffectedrpu_ibfk_6` FOREIGN KEY (`newrpid`) REFERENCES `realproperty` (`objid`)
) ENGINE=InnoDB DEFAULT CHARSET=utf8;
/*!40101 SET character_set_client = @saved_cs_client */;

--
-- Dumping data for table `subdivisionaffectedrpu`
--

LOCK TABLES `subdivisionaffectedrpu` WRITE;
/*!40000 ALTER TABLE `subdivisionaffectedrpu` DISABLE KEYS */;
/*!40000 ALTER TABLE `subdivisionaffectedrpu` ENABLE KEYS */;
UNLOCK TABLES;

--
-- Table structure for table `sync_data`
--

DROP TABLE IF EXISTS `sync_data`;
/*!40101 SET @saved_cs_client     = @@character_set_client */;
/*!40101 SET character_set_client = utf8 */;
CREATE TABLE `sync_data` (
  `objid` varchar(50) NOT NULL,
  `parentid` varchar(50) NOT NULL,
  `refid` varchar(50) NOT NULL,
  `reftype` varchar(50) NOT NULL,
  `action` varchar(50) NOT NULL,
  `orgid` varchar(50) DEFAULT NULL,
  `remote_orgid` varchar(50) DEFAULT NULL,
  `remote_orgcode` varchar(20) DEFAULT NULL,
  `remote_orgclass` varchar(20) DEFAULT NULL,
  `dtfiled` datetime NOT NULL,
  `idx` int(11) NOT NULL,
  `sender_objid` varchar(50) DEFAULT NULL,
  `sender_name` varchar(150) DEFAULT NULL,
  `refno` varchar(50) DEFAULT NULL,
  PRIMARY KEY (`objid`),
  KEY `ix_sync_data_refid` (`refid`),
  KEY `ix_sync_data_reftype` (`reftype`),
  KEY `ix_sync_data_orgid` (`orgid`),
  KEY `ix_sync_data_dtfiled` (`dtfiled`)
) ENGINE=InnoDB DEFAULT CHARSET=utf8;
/*!40101 SET character_set_client = @saved_cs_client */;

--
-- Dumping data for table `sync_data`
--

LOCK TABLES `sync_data` WRITE;
/*!40000 ALTER TABLE `sync_data` DISABLE KEYS */;
/*!40000 ALTER TABLE `sync_data` ENABLE KEYS */;
UNLOCK TABLES;

--
-- Table structure for table `sync_data_forprocess`
--

DROP TABLE IF EXISTS `sync_data_forprocess`;
/*!40101 SET @saved_cs_client     = @@character_set_client */;
/*!40101 SET character_set_client = utf8 */;
CREATE TABLE `sync_data_forprocess` (
  `objid` varchar(50) NOT NULL,
  PRIMARY KEY (`objid`),
  CONSTRAINT `fk_sync_data_forprocess_sync_data` FOREIGN KEY (`objid`) REFERENCES `sync_data` (`objid`)
) ENGINE=InnoDB DEFAULT CHARSET=utf8;
/*!40101 SET character_set_client = @saved_cs_client */;

--
-- Dumping data for table `sync_data_forprocess`
--

LOCK TABLES `sync_data_forprocess` WRITE;
/*!40000 ALTER TABLE `sync_data_forprocess` DISABLE KEYS */;
/*!40000 ALTER TABLE `sync_data_forprocess` ENABLE KEYS */;
UNLOCK TABLES;

--
-- Table structure for table `sync_data_pending`
--

DROP TABLE IF EXISTS `sync_data_pending`;
/*!40101 SET @saved_cs_client     = @@character_set_client */;
/*!40101 SET character_set_client = utf8 */;
CREATE TABLE `sync_data_pending` (
  `objid` varchar(50) NOT NULL,
  `error` text,
  `expirydate` datetime DEFAULT NULL,
  PRIMARY KEY (`objid`),
  KEY `ix_expirydate` (`expirydate`),
  CONSTRAINT `fk_sync_data_pending_sync_data` FOREIGN KEY (`objid`) REFERENCES `sync_data` (`objid`)
) ENGINE=InnoDB DEFAULT CHARSET=utf8;
/*!40101 SET character_set_client = @saved_cs_client */;

--
-- Dumping data for table `sync_data_pending`
--

LOCK TABLES `sync_data_pending` WRITE;
/*!40000 ALTER TABLE `sync_data_pending` DISABLE KEYS */;
/*!40000 ALTER TABLE `sync_data_pending` ENABLE KEYS */;
UNLOCK TABLES;

--
-- Table structure for table `sys_dataset`
--

DROP TABLE IF EXISTS `sys_dataset`;
/*!40101 SET @saved_cs_client     = @@character_set_client */;
/*!40101 SET character_set_client = utf8 */;
CREATE TABLE `sys_dataset` (
  `objid` varchar(50) NOT NULL,
  `name` varchar(50) DEFAULT NULL,
  `title` varchar(255) DEFAULT NULL,
  `input` longtext,
  `output` longtext,
  `statement` varchar(50) DEFAULT NULL,
  `datasource` varchar(50) DEFAULT NULL,
  `servicename` varchar(50) DEFAULT NULL,
  PRIMARY KEY (`objid`)
) ENGINE=InnoDB DEFAULT CHARSET=utf8;
/*!40101 SET character_set_client = @saved_cs_client */;

--
-- Dumping data for table `sys_dataset`
--

LOCK TABLES `sys_dataset` WRITE;
/*!40000 ALTER TABLE `sys_dataset` DISABLE KEYS */;
/*!40000 ALTER TABLE `sys_dataset` ENABLE KEYS */;
UNLOCK TABLES;

--
-- Table structure for table `sys_domain`
--

DROP TABLE IF EXISTS `sys_domain`;
/*!40101 SET @saved_cs_client     = @@character_set_client */;
/*!40101 SET character_set_client = utf8 */;
CREATE TABLE `sys_domain` (
  `name` varchar(50) NOT NULL,
  `connection` varchar(50) NOT NULL,
  PRIMARY KEY (`name`)
) ENGINE=InnoDB DEFAULT CHARSET=utf8;
/*!40101 SET character_set_client = @saved_cs_client */;

--
-- Dumping data for table `sys_domain`
--

LOCK TABLES `sys_domain` WRITE;
/*!40000 ALTER TABLE `sys_domain` DISABLE KEYS */;
/*!40000 ALTER TABLE `sys_domain` ENABLE KEYS */;
UNLOCK TABLES;

--
-- Table structure for table `sys_email_queue`
--

DROP TABLE IF EXISTS `sys_email_queue`;
/*!40101 SET @saved_cs_client     = @@character_set_client */;
/*!40101 SET character_set_client = utf8 */;
CREATE TABLE `sys_email_queue` (
  `objid` varchar(50) NOT NULL,
  `refid` varchar(50) NOT NULL,
  `state` int(11) NOT NULL,
  `reportid` varchar(50) DEFAULT NULL,
  `dtsent` datetime NOT NULL,
  `to` varchar(255) NOT NULL,
  `subject` varchar(255) NOT NULL,
  `message` text NOT NULL,
  `errmsg` longtext,
  `connection` varchar(50) DEFAULT NULL,
  PRIMARY KEY (`objid`),
  KEY `ix_refid` (`refid`),
  KEY `ix_state` (`state`),
  KEY `ix_reportid` (`reportid`),
  KEY `ix_dtsent` (`dtsent`)
) ENGINE=InnoDB DEFAULT CHARSET=utf8;
/*!40101 SET character_set_client = @saved_cs_client */;

--
-- Dumping data for table `sys_email_queue`
--

LOCK TABLES `sys_email_queue` WRITE;
/*!40000 ALTER TABLE `sys_email_queue` DISABLE KEYS */;
/*!40000 ALTER TABLE `sys_email_queue` ENABLE KEYS */;
UNLOCK TABLES;

--
-- Table structure for table `sys_org`
--

DROP TABLE IF EXISTS `sys_org`;
/*!40101 SET @saved_cs_client     = @@character_set_client */;
/*!40101 SET character_set_client = utf8 */;
CREATE TABLE `sys_org` (
  `objid` varchar(50) NOT NULL,
  `name` varchar(50) DEFAULT NULL,
  `orgclass` varchar(50) DEFAULT NULL,
  `parent_objid` varchar(50) DEFAULT NULL,
  `parent_orgclass` varchar(50) DEFAULT NULL,
  `code` varchar(50) DEFAULT NULL,
  `root` int(11) NOT NULL DEFAULT '0',
  `txncode` varchar(10) DEFAULT NULL,
  PRIMARY KEY (`objid`),
  KEY `ix_name` (`name`),
  KEY `ix_parent_objid` (`parent_objid`),
  KEY `ix_parent_orgclass` (`parent_orgclass`),
  KEY `ix_code` (`code`),
  KEY `fk_sys_org_orgclass` (`orgclass`),
  CONSTRAINT `fk_sys_org_orgclass` FOREIGN KEY (`orgclass`) REFERENCES `sys_orgclass` (`name`) ON UPDATE CASCADE,
  CONSTRAINT `fk_sys_org_parent_objid` FOREIGN KEY (`parent_objid`) REFERENCES `sys_org` (`objid`) ON UPDATE CASCADE,
  CONSTRAINT `fk_sys_org_parent_orgclass` FOREIGN KEY (`parent_orgclass`) REFERENCES `sys_orgclass` (`name`) ON UPDATE CASCADE
) ENGINE=InnoDB DEFAULT CHARSET=utf8;
/*!40101 SET character_set_client = @saved_cs_client */;

--
-- Dumping data for table `sys_org`
--

LOCK TABLES `sys_org` WRITE;
/*!40000 ALTER TABLE `sys_org` DISABLE KEYS */;
INSERT INTO `sys_org` VALUES ('ROOT','ROOT','ROOT',NULL,NULL,'ROOT',0,'ROOT');
/*!40000 ALTER TABLE `sys_org` ENABLE KEYS */;
UNLOCK TABLES;

--
-- Table structure for table `sys_orgclass`
--

DROP TABLE IF EXISTS `sys_orgclass`;
/*!40101 SET @saved_cs_client     = @@character_set_client */;
/*!40101 SET character_set_client = utf8 */;
CREATE TABLE `sys_orgclass` (
  `name` varchar(50) NOT NULL,
  `title` varchar(255) DEFAULT NULL,
  `parentclass` varchar(255) DEFAULT NULL,
  `handler` varchar(50) DEFAULT NULL,
  PRIMARY KEY (`name`)
) ENGINE=InnoDB DEFAULT CHARSET=utf8;
/*!40101 SET character_set_client = @saved_cs_client */;

--
-- Dumping data for table `sys_orgclass`
--

LOCK TABLES `sys_orgclass` WRITE;
/*!40000 ALTER TABLE `sys_orgclass` DISABLE KEYS */;
INSERT INTO `sys_orgclass` VALUES ('BARANGAY','BARANGAY','MUNICIPALITY','barangay'),('MUNICIPALITY','MUNICIPALITY','PROVINCE','municipality'),('PROVINCE','PROVINCE',NULL,'province'),('ROOT','ROOT',NULL,NULL);
/*!40000 ALTER TABLE `sys_orgclass` ENABLE KEYS */;
UNLOCK TABLES;

--
-- Table structure for table `sys_quarter`
--

DROP TABLE IF EXISTS `sys_quarter`;
/*!40101 SET @saved_cs_client     = @@character_set_client */;
/*!40101 SET character_set_client = utf8 */;
CREATE TABLE `sys_quarter` (
  `qtrid` int(11) NOT NULL,
  PRIMARY KEY (`qtrid`)
) ENGINE=InnoDB DEFAULT CHARSET=utf8;
/*!40101 SET character_set_client = @saved_cs_client */;

--
-- Dumping data for table `sys_quarter`
--

LOCK TABLES `sys_quarter` WRITE;
/*!40000 ALTER TABLE `sys_quarter` DISABLE KEYS */;
/*!40000 ALTER TABLE `sys_quarter` ENABLE KEYS */;
UNLOCK TABLES;

--
-- Table structure for table `sys_report`
--

DROP TABLE IF EXISTS `sys_report`;
/*!40101 SET @saved_cs_client     = @@character_set_client */;
/*!40101 SET character_set_client = utf8 */;
CREATE TABLE `sys_report` (
  `objid` varchar(50) NOT NULL,
  `folderid` varchar(50) DEFAULT NULL,
  `title` varchar(255) DEFAULT NULL,
  `filetype` varchar(25) DEFAULT NULL,
  `dtcreated` datetime DEFAULT NULL,
  `createdby_objid` varchar(50) DEFAULT NULL,
  `createdby_name` varchar(255) DEFAULT NULL,
  `datasetid` varchar(50) DEFAULT NULL,
  `template` mediumtext,
  `outputtype` varchar(50) DEFAULT NULL,
  `system` int(11) DEFAULT NULL,
  PRIMARY KEY (`objid`),
  KEY `FK_sys_report_dataset` (`datasetid`),
  KEY `FK_sys_report_entry_folder` (`folderid`),
  CONSTRAINT `fk_sys_report_datasetid` FOREIGN KEY (`datasetid`) REFERENCES `sys_dataset` (`objid`),
  CONSTRAINT `sys_report_ibfk_1` FOREIGN KEY (`datasetid`) REFERENCES `sys_dataset` (`objid`)
) ENGINE=InnoDB DEFAULT CHARSET=utf8;
/*!40101 SET character_set_client = @saved_cs_client */;

--
-- Dumping data for table `sys_report`
--

LOCK TABLES `sys_report` WRITE;
/*!40000 ALTER TABLE `sys_report` DISABLE KEYS */;
/*!40000 ALTER TABLE `sys_report` ENABLE KEYS */;
UNLOCK TABLES;

--
-- Table structure for table `sys_report_admin`
--

DROP TABLE IF EXISTS `sys_report_admin`;
/*!40101 SET @saved_cs_client     = @@character_set_client */;
/*!40101 SET character_set_client = utf8 */;
CREATE TABLE `sys_report_admin` (
  `objid` varchar(50) NOT NULL,
  `userid` varchar(50) DEFAULT NULL,
  `reportfolderid` varchar(50) DEFAULT NULL,
  `exclude` longtext,
  PRIMARY KEY (`objid`),
  KEY `FK_sys_report_admin_folder` (`reportfolderid`),
  KEY `FK_sys_report_admin_user` (`userid`),
  CONSTRAINT `sys_report_admin_ibfk_1` FOREIGN KEY (`reportfolderid`) REFERENCES `sys_report_folder` (`objid`),
  CONSTRAINT `sys_report_admin_ibfk_2` FOREIGN KEY (`userid`) REFERENCES `sys_user` (`objid`)
) ENGINE=InnoDB DEFAULT CHARSET=utf8;
/*!40101 SET character_set_client = @saved_cs_client */;

--
-- Dumping data for table `sys_report_admin`
--

LOCK TABLES `sys_report_admin` WRITE;
/*!40000 ALTER TABLE `sys_report_admin` DISABLE KEYS */;
/*!40000 ALTER TABLE `sys_report_admin` ENABLE KEYS */;
UNLOCK TABLES;

--
-- Table structure for table `sys_report_folder`
--

DROP TABLE IF EXISTS `sys_report_folder`;
/*!40101 SET @saved_cs_client     = @@character_set_client */;
/*!40101 SET character_set_client = utf8 */;
CREATE TABLE `sys_report_folder` (
  `objid` varchar(50) NOT NULL,
  `name` varchar(255) DEFAULT NULL,
  `title` varchar(255) DEFAULT NULL,
  `parentid` varchar(50) DEFAULT NULL,
  PRIMARY KEY (`objid`)
) ENGINE=InnoDB DEFAULT CHARSET=utf8;
/*!40101 SET character_set_client = @saved_cs_client */;

--
-- Dumping data for table `sys_report_folder`
--

LOCK TABLES `sys_report_folder` WRITE;
/*!40000 ALTER TABLE `sys_report_folder` DISABLE KEYS */;
/*!40000 ALTER TABLE `sys_report_folder` ENABLE KEYS */;
UNLOCK TABLES;

--
-- Table structure for table `sys_report_member`
--

DROP TABLE IF EXISTS `sys_report_member`;
/*!40101 SET @saved_cs_client     = @@character_set_client */;
/*!40101 SET character_set_client = utf8 */;
CREATE TABLE `sys_report_member` (
  `objid` varchar(50) NOT NULL,
  `reportfolderid` varchar(50) DEFAULT NULL,
  `userid` varchar(50) DEFAULT NULL,
  `usergroupid` varchar(50) DEFAULT NULL,
  `exclude` longtext,
  PRIMARY KEY (`objid`),
  KEY `FK_sys_report_member_folder` (`reportfolderid`),
  KEY `FK_sys_report_member_user` (`userid`),
  KEY `FK_sys_report_member_usergroup` (`usergroupid`),
  CONSTRAINT `sys_report_member_ibfk_1` FOREIGN KEY (`reportfolderid`) REFERENCES `sys_report_folder` (`objid`),
  CONSTRAINT `sys_report_member_ibfk_2` FOREIGN KEY (`userid`) REFERENCES `sys_user` (`objid`),
  CONSTRAINT `sys_report_member_ibfk_3` FOREIGN KEY (`usergroupid`) REFERENCES `sys_usergroup` (`objid`)
) ENGINE=InnoDB DEFAULT CHARSET=utf8;
/*!40101 SET character_set_client = @saved_cs_client */;

--
-- Dumping data for table `sys_report_member`
--

LOCK TABLES `sys_report_member` WRITE;
/*!40000 ALTER TABLE `sys_report_member` DISABLE KEYS */;
/*!40000 ALTER TABLE `sys_report_member` ENABLE KEYS */;
UNLOCK TABLES;

--
-- Table structure for table `sys_requirement_type`
--

DROP TABLE IF EXISTS `sys_requirement_type`;
/*!40101 SET @saved_cs_client     = @@character_set_client */;
/*!40101 SET character_set_client = utf8 */;
CREATE TABLE `sys_requirement_type` (
  `code` varchar(50) NOT NULL,
  `title` varchar(255) NOT NULL,
  `handler` varchar(50) DEFAULT NULL,
  `objid` varchar(50) NOT NULL,
  `type` varchar(50) DEFAULT NULL,
  `system` int(11) DEFAULT NULL,
  `agency` varchar(50) DEFAULT NULL,
  `sortindex` int(11) NOT NULL,
  `verifier` varchar(50) DEFAULT NULL,
  PRIMARY KEY (`objid`),
  UNIQUE KEY `uix_code` (`code`)
) ENGINE=InnoDB DEFAULT CHARSET=utf8;
/*!40101 SET character_set_client = @saved_cs_client */;

--
-- Dumping data for table `sys_requirement_type`
--

LOCK TABLES `sys_requirement_type` WRITE;
/*!40000 ALTER TABLE `sys_requirement_type` DISABLE KEYS */;
/*!40000 ALTER TABLE `sys_requirement_type` ENABLE KEYS */;
UNLOCK TABLES;

--
-- Table structure for table `sys_rule`
--

DROP TABLE IF EXISTS `sys_rule`;
/*!40101 SET @saved_cs_client     = @@character_set_client */;
/*!40101 SET character_set_client = utf8 */;
CREATE TABLE `sys_rule` (
  `objid` varchar(50) NOT NULL,
  `state` varchar(25) DEFAULT NULL,
  `name` varchar(255) NOT NULL,
  `ruleset` varchar(50) NOT NULL,
  `rulegroup` varchar(50) DEFAULT NULL,
  `title` varchar(250) DEFAULT NULL,
  `description` longtext,
  `salience` int(11) DEFAULT NULL,
  `effectivefrom` date DEFAULT NULL,
  `effectiveto` date DEFAULT NULL,
  `dtfiled` datetime DEFAULT NULL,
  `user_objid` varchar(50) DEFAULT NULL,
  `user_name` varchar(100) DEFAULT NULL,
  `noloop` int(11) NOT NULL DEFAULT '1',
  PRIMARY KEY (`objid`),
  KEY `rulegroup` (`rulegroup`,`ruleset`),
  KEY `ruleset` (`ruleset`),
  CONSTRAINT `sys_rule_ibfk_1` FOREIGN KEY (`rulegroup`, `ruleset`) REFERENCES `sys_rulegroup` (`name`, `ruleset`),
  CONSTRAINT `sys_rule_ibfk_2` FOREIGN KEY (`ruleset`) REFERENCES `sys_ruleset` (`name`)
) ENGINE=InnoDB DEFAULT CHARSET=utf8;
/*!40101 SET character_set_client = @saved_cs_client */;

--
-- Dumping data for table `sys_rule`
--

LOCK TABLES `sys_rule` WRITE;
/*!40000 ALTER TABLE `sys_rule` DISABLE KEYS */;
/*!40000 ALTER TABLE `sys_rule` ENABLE KEYS */;
UNLOCK TABLES;

--
-- Table structure for table `sys_rule_action`
--

DROP TABLE IF EXISTS `sys_rule_action`;
/*!40101 SET @saved_cs_client     = @@character_set_client */;
/*!40101 SET character_set_client = utf8 */;
CREATE TABLE `sys_rule_action` (
  `objid` varchar(50) NOT NULL,
  `parentid` varchar(50) DEFAULT NULL,
  `actiondef_objid` varchar(50) DEFAULT NULL,
  `actiondef_name` varchar(50) DEFAULT NULL,
  `pos` int(11) DEFAULT NULL,
  PRIMARY KEY (`objid`),
  KEY `ix_parentid` (`parentid`),
  KEY `ix_actiondef_objid` (`actiondef_objid`),
  CONSTRAINT `sys_rule_action_ibfk_1` FOREIGN KEY (`parentid`) REFERENCES `sys_rule` (`objid`)
) ENGINE=InnoDB DEFAULT CHARSET=utf8;
/*!40101 SET character_set_client = @saved_cs_client */;

--
-- Dumping data for table `sys_rule_action`
--

LOCK TABLES `sys_rule_action` WRITE;
/*!40000 ALTER TABLE `sys_rule_action` DISABLE KEYS */;
/*!40000 ALTER TABLE `sys_rule_action` ENABLE KEYS */;
UNLOCK TABLES;

--
-- Table structure for table `sys_rule_action_param`
--

DROP TABLE IF EXISTS `sys_rule_action_param`;
/*!40101 SET @saved_cs_client     = @@character_set_client */;
/*!40101 SET character_set_client = utf8 */;
CREATE TABLE `sys_rule_action_param` (
  `objid` varchar(50) NOT NULL,
  `parentid` varchar(50) DEFAULT NULL,
  `actiondefparam_objid` varchar(255) NOT NULL,
  `stringvalue` varchar(255) DEFAULT NULL,
  `booleanvalue` int(11) DEFAULT NULL,
  `var_objid` varchar(50) DEFAULT NULL,
  `var_name` varchar(50) DEFAULT NULL,
  `expr` longtext,
  `exprtype` varchar(25) DEFAULT NULL,
  `pos` int(11) DEFAULT NULL,
  `obj_key` varchar(50) DEFAULT NULL,
  `obj_value` varchar(255) DEFAULT NULL,
  `listvalue` longtext,
  `lov` varchar(50) DEFAULT NULL,
  `rangeoption` int(11) DEFAULT NULL,
  PRIMARY KEY (`objid`),
  KEY `ix_parentid` (`parentid`),
  KEY `ix_var_objid` (`var_objid`),
  CONSTRAINT `sys_rule_action_param_ibfk_1` FOREIGN KEY (`parentid`) REFERENCES `sys_rule_action` (`objid`),
  CONSTRAINT `sys_rule_action_param_ibfk_2` FOREIGN KEY (`var_objid`) REFERENCES `sys_rule_condition_var` (`objid`)
) ENGINE=InnoDB DEFAULT CHARSET=utf8;
/*!40101 SET character_set_client = @saved_cs_client */;

--
-- Dumping data for table `sys_rule_action_param`
--

LOCK TABLES `sys_rule_action_param` WRITE;
/*!40000 ALTER TABLE `sys_rule_action_param` DISABLE KEYS */;
/*!40000 ALTER TABLE `sys_rule_action_param` ENABLE KEYS */;
UNLOCK TABLES;

--
-- Table structure for table `sys_rule_actiondef`
--

DROP TABLE IF EXISTS `sys_rule_actiondef`;
/*!40101 SET @saved_cs_client     = @@character_set_client */;
/*!40101 SET character_set_client = utf8 */;
CREATE TABLE `sys_rule_actiondef` (
  `objid` varchar(50) NOT NULL,
  `name` varchar(50) NOT NULL,
  `title` varchar(250) DEFAULT NULL,
  `sortorder` int(11) DEFAULT NULL,
  `actionname` varchar(50) DEFAULT NULL,
  `domain` varchar(50) DEFAULT NULL,
  `actionclass` varchar(255) DEFAULT NULL,
  PRIMARY KEY (`objid`)
) ENGINE=InnoDB DEFAULT CHARSET=utf8;
/*!40101 SET character_set_client = @saved_cs_client */;

--
-- Dumping data for table `sys_rule_actiondef`
--

LOCK TABLES `sys_rule_actiondef` WRITE;
/*!40000 ALTER TABLE `sys_rule_actiondef` DISABLE KEYS */;
INSERT INTO `sys_rule_actiondef` VALUES ('RULADEF-2889615e:142fa67fc85:-7b7c','split_by_qtr','Schedule By Qtr',0,'split_by_qtr','bpls',NULL),('RULADEF-2ead5abf:1419bd607e6:-7fd9','compute_business_tax','Compute Business Tax',2,'compute_businesstax','bpls',NULL),('RULADEF-4a532d76:141ff563063:-7ef4','add_requirement','Add Requirement',0,'add_requirement','bpls',NULL),('RULADEF-627533eb:141ed7a179f:-7d7d','compute_regfee','Compute Regulatory Fee',3,'compute_regfee','bpls',NULL),('RULADEF-62a762db:14201d65080:-7576','print_test','Print Test. For debugging (developers) only.',100,'print_test','bpls',NULL),('RULADEF-66879e9a:1422b236b58:-7d0f','calc_discount','Calculate Discount',1,'calc_discount','bpls',NULL),('RULADEF-66879e9a:1422b236b58:-7d24','calc_interest','Calculate Interest',3,'calc_interest','bpls',NULL),('RULADEF-67ecfd73:141f2b84ce7:-743c','bpassessment_sysvar','Add System Variable',8,'add_sysvar','bpls',NULL),('RULADEF-67ecfd73:141f2b84ce7:-7b54','assert_business_info','Add Derived Business Info',1,'assert_business_info','bpls',NULL),('RULADEF-6960d46:146ef7fe055:-7722','set_basic_account','Setup Basic Account',0,'set_basic_account','bpls',NULL),('RULADEF-738e3cc6:14459101d11:-6b0b','change_business_account','Change Business Account',10,'change_business_account','bpls',NULL),('RULADEF-7438e141:1481e925549:-7fb5','set_billexpirydate','Set Bill Expiry Date',10,'set_billexpirydate','bpls',NULL),('RULADEF-fd840f:146ad32de46:-71f2','set_taxcredit_account','Set Up Tax Credit Account',4,'set_taxcredit_account','bpls',NULL),('RULADEF33e8cb24:1423c4b40b2:-6aeb','select_taxfee','Select Tax Fee Account',5,'select_taxfee','bpls',NULL),('RULADEF33e8cb24:1423c4b40b2:-7f34','remove_taxfee','Remove Tax Fee',5,'remove_taxfee','bpls',NULL),('RULADEF367174cc:141a62bd0d8:-4486','ask_business_info','Ask Business Info',1,'ask_business_info','bpls',NULL),('RULADEF50ef92c8:147420ae632:-7be3','set_deleted_billitem','Remove BillItem',10,'set_deleted_billitem','bpls',NULL),('RULADEF72bb01b1:141b1fdca80:-7e34','update_taxfee','Update Tax Fee Amount',5,'update_taxfee','bpls',NULL),('RULADEF73d37911:141edb9db9a:-7f30','compute_other_charge','Compute Other Charge',4,'compute_othercharge','bpls',NULL),('RULADEF7ee0ab5e:141b6a15885:-7f52','calc_surcharge','Calculate Surcharge',2,'calc_surcharge','bpls',NULL);
/*!40000 ALTER TABLE `sys_rule_actiondef` ENABLE KEYS */;
UNLOCK TABLES;

--
-- Table structure for table `sys_rule_actiondef_param`
--

DROP TABLE IF EXISTS `sys_rule_actiondef_param`;
/*!40101 SET @saved_cs_client     = @@character_set_client */;
/*!40101 SET character_set_client = utf8 */;
CREATE TABLE `sys_rule_actiondef_param` (
  `objid` varchar(255) NOT NULL,
  `parentid` varchar(50) DEFAULT NULL,
  `name` varchar(50) NOT NULL,
  `sortorder` int(11) DEFAULT NULL,
  `title` varchar(50) DEFAULT NULL,
  `datatype` varchar(50) DEFAULT NULL,
  `handler` varchar(50) DEFAULT NULL,
  `lookuphandler` varchar(50) DEFAULT NULL,
  `lookupkey` varchar(50) DEFAULT NULL,
  `lookupvalue` varchar(50) DEFAULT NULL,
  `vardatatype` varchar(50) DEFAULT NULL,
  `lovname` varchar(50) DEFAULT NULL,
  PRIMARY KEY (`objid`),
  KEY `parentid` (`parentid`),
  CONSTRAINT `sys_rule_actiondef_param_ibfk_1` FOREIGN KEY (`parentid`) REFERENCES `sys_rule_actiondef` (`objid`)
) ENGINE=InnoDB DEFAULT CHARSET=utf8;
/*!40101 SET character_set_client = @saved_cs_client */;

--
-- Dumping data for table `sys_rule_actiondef_param`
--

LOCK TABLES `sys_rule_actiondef_param` WRITE;
/*!40000 ALTER TABLE `sys_rule_actiondef_param` DISABLE KEYS */;
INSERT INTO `sys_rule_actiondef_param` VALUES ('ACTPARAM-2889615e:142fa67fc85:-7b71','RULADEF-2889615e:142fa67fc85:-7b7c','billitem',1,'Bill Item Account',NULL,'var',NULL,NULL,NULL,'bpls.facts.BillItem',NULL),('ACTPARAM-38b4c365:141f3574da5:-7f8f','RULADEF-67ecfd73:141f2b84ce7:-743c','aggregate',2,'Aggregate Type',NULL,'lov',NULL,NULL,NULL,NULL,'RULE_AGGREGATE_FUNCTIONS'),('ACTPARAM-3f19ce39:141ff0de421:-7e8a','RULADEF72bb01b1:141b1fdca80:-7e34','taxfee',1,'Tax Fee',NULL,'var',NULL,NULL,NULL,'bpls.facts.TaxFeeAccount',NULL),('ACTPARAM-40a13e7c:14687914ed7:-7f4a','RULADEF-4a532d76:141ff563063:-7ef4','context',3,'Apply Per',NULL,'lov',NULL,NULL,NULL,NULL,'BUSINESS_REQUIREMENT_CONTEXT'),('ACTPARAM-42dc4039:141afcf5119:-7e59','RULADEF367174cc:141a62bd0d8:-4486','lob',1,'Line of Business',NULL,'var',NULL,NULL,NULL,'bpls.facts.LOB',NULL),('ACTPARAM-42dc4039:141afcf5119:-7fc4','RULADEF-2ead5abf:1419bd607e6:-7fd9','account',2,'Account',NULL,'lookup','revenueitem:lookup','objid','title',NULL,NULL),('ACTPARAM-4a532d76:141ff563063:-7edf','RULADEF-4a532d76:141ff563063:-7ef4','step',2,'Required Before',NULL,'lov',NULL,NULL,NULL,NULL,'BP_APPLICATION_STEPS'),('ACTPARAM-4a532d76:141ff563063:-7eec','RULADEF-4a532d76:141ff563063:-7ef4','type',1,'Requirement Type',NULL,'lookup','businessrequirementtype:lookup','objid','title',NULL,NULL),('ACTPARAM-627533eb:141ed7a179f:-7d61','RULADEF-627533eb:141ed7a179f:-7d7d','amount',3,'Amount',NULL,'expression',NULL,NULL,NULL,NULL,NULL),('ACTPARAM-627533eb:141ed7a179f:-7d6e','RULADEF-627533eb:141ed7a179f:-7d7d','account',2,'Account',NULL,'lookup','revenueitem:lookup','objid','title',NULL,NULL),('ACTPARAM-627533eb:141ed7a179f:-7d75','RULADEF-627533eb:141ed7a179f:-7d7d','lob',1,'Line of Business',NULL,'var',NULL,NULL,NULL,'bpls.facts.LOB',NULL),('ACTPARAM-62a762db:14201d65080:-756e','RULADEF-62a762db:14201d65080:-7576','message',1,'Message',NULL,'expression',NULL,NULL,NULL,NULL,NULL),('ACTPARAM-66879e9a:1422b236b58:-7b1c','RULADEF-66879e9a:1422b236b58:-7d0f','amount',2,'Amount',NULL,'expression',NULL,NULL,NULL,NULL,NULL),('ACTPARAM-66879e9a:1422b236b58:-7b23','RULADEF-66879e9a:1422b236b58:-7d0f','billitem',1,'Bill Item',NULL,'var',NULL,NULL,NULL,'bpls.facts.BillItem',NULL),('ACTPARAM-66879e9a:1422b236b58:-7b40','RULADEF-66879e9a:1422b236b58:-7d24','amount',2,'Amount',NULL,'expression',NULL,NULL,NULL,NULL,NULL),('ACTPARAM-66879e9a:1422b236b58:-7b47','RULADEF-66879e9a:1422b236b58:-7d24','billitem',1,'Bill Item',NULL,'var',NULL,NULL,NULL,'bpls.facts.BillItem',NULL),('ACTPARAM-66879e9a:1422b236b58:-7ca9','RULADEF7ee0ab5e:141b6a15885:-7f52','billitem',1,'Bill Item',NULL,'var',NULL,NULL,NULL,'bpls.facts.BillItem',NULL),('ACTPARAM-67ecfd73:141f2b84ce7:-724b','RULADEF-67ecfd73:141f2b84ce7:-743c','datatype',3,'Value Data Type',NULL,'lov',NULL,NULL,NULL,NULL,'RULE_VAR_DATATYPE'),('ACTPARAM-67ecfd73:141f2b84ce7:-739d','RULADEF-67ecfd73:141f2b84ce7:-743c','value',4,'Value',NULL,'expression',NULL,NULL,NULL,NULL,NULL),('ACTPARAM-67ecfd73:141f2b84ce7:-73a4','RULADEF-67ecfd73:141f2b84ce7:-743c','name',1,'Variable Name','string','string',NULL,NULL,NULL,'string',NULL),('ACTPARAM-67ecfd73:141f2b84ce7:-79b7','RULADEF-67ecfd73:141f2b84ce7:-7b54','value',3,'Value',NULL,'expression',NULL,NULL,NULL,NULL,NULL),('ACTPARAM-67ecfd73:141f2b84ce7:-7a33','RULADEF-67ecfd73:141f2b84ce7:-7b54','attribute',2,'Attribute',NULL,'lookup','businessvariable:lookup','objid','name',NULL,NULL),('ACTPARAM-67ecfd73:141f2b84ce7:-7b4c','RULADEF-67ecfd73:141f2b84ce7:-7b54','lob',1,'Line of Business',NULL,'var',NULL,NULL,NULL,'bpls.facts.LOB',NULL),('ACTPARAM-70cdc17d:141ab4f4c27:-7ebb','RULADEF-2ead5abf:1419bd607e6:-7fd9','lob',1,'LOB',NULL,'var',NULL,NULL,NULL,'bpls.facts.LOB',NULL),('ACTPARAM-738e3cc6:14459101d11:-6afb','RULADEF-738e3cc6:14459101d11:-6b0b','account',2,'Business Account',NULL,'lookup','revenueitem:lookup','objid','title',NULL,NULL),('ACTPARAM-738e3cc6:14459101d11:-6b02','RULADEF-738e3cc6:14459101d11:-6b0b','taxfee',1,'Tax Fee Account',NULL,'var',NULL,NULL,NULL,'bpls.facts.TaxFeeAccount',NULL),('ACTPARAM-7438e141:1481e925549:-7fac','RULADEF-7438e141:1481e925549:-7fb5','expirydate',1,'Expiry date',NULL,'expression',NULL,NULL,NULL,NULL,NULL),('ACTPARAM-fd840f:146ad32de46:-71d4','RULADEF-fd840f:146ad32de46:-71f2','account',2,'Account',NULL,'lookup','revenueitem:lookup','objid','title',NULL,NULL),('ACTPARAM-fd840f:146ad32de46:-71e5','RULADEF-fd840f:146ad32de46:-71f2','excess',1,'Excess Payment',NULL,'var',NULL,NULL,NULL,'bpls.facts.ExcessPayment',NULL),('ACTPARAM11e0d3f3:146f0a05dc8:-7127','RULADEF-6960d46:146ef7fe055:-7722','account',1,'Account',NULL,'lookup','revenueitem:lookup','objid','title',NULL,NULL),('ACTPARAM11e0d3f3:146f0a05dc8:-75c8','RULADEF-6960d46:146ef7fe055:-7722','payment',3,'Payment',NULL,'var',NULL,NULL,NULL,'bpls.facts.AppliedPayment',NULL),('ACTPARAM11e0d3f3:146f0a05dc8:-7720','RULADEF-6960d46:146ef7fe055:-7722','lob',2,'Line of Business',NULL,'var',NULL,NULL,NULL,'bpls.facts.LOB',NULL),('ACTPARAM14a6f1c4:1419beaa022:-7fcf','RULADEF-2ead5abf:1419bd607e6:-7fd9','amount',3,'Amount',NULL,'expression',NULL,NULL,NULL,NULL,NULL),('ACTPARAM33e8cb24:1423c4b40b2:-6adc','RULADEF33e8cb24:1423c4b40b2:-6aeb','taxfeeaccount',1,'Tax Fee Account',NULL,'var',NULL,NULL,NULL,'bpls.facts.TaxFeeAccount',NULL),('ACTPARAM33e8cb24:1423c4b40b2:-7e2a','RULADEF33e8cb24:1423c4b40b2:-7f34','taxfee',1,'Tax Fee Account',NULL,'var',NULL,NULL,NULL,'bpls.facts.TaxFeeAccount',NULL),('ACTPARAM367174cc:141a62bd0d8:18c4','RULADEF367174cc:141a62bd0d8:-4486','attribute',2,'Attribute',NULL,'lookup','businessvariable:lookup','objid','name','string',NULL),('ACTPARAM42da3868:148356b8ecf:-6e77','RULADEF-66879e9a:1422b236b58:-7d24','account',3,'Account',NULL,'lookup','revenueitem:lookup','objid','title',NULL,NULL),('ACTPARAM42da3868:148356b8ecf:-6e97','RULADEF7ee0ab5e:141b6a15885:-7f52','account',3,'Account',NULL,'lookup','revenueitem:lookup','objid','title',NULL,NULL),('ACTPARAM50ef92c8:147420ae632:-7bd8','RULADEF50ef92c8:147420ae632:-7be3','billitem',1,'BillItem',NULL,'var',NULL,NULL,NULL,'bpls.facts.BillItem',NULL),('ACTPARAM61c9e5c1:1423cdbf146:-7dcd','RULADEF33e8cb24:1423c4b40b2:-6aeb','selectoption',2,'Select Option',NULL,'lov',NULL,NULL,NULL,NULL,'TAXFEE_SELECT_OPTION'),('ACTPARAM72bb01b1:141b1fdca80:-7d98','RULADEF72bb01b1:141b1fdca80:-7e34','amount',2,'Amount',NULL,'expression',NULL,NULL,NULL,NULL,NULL),('ACTPARAM73d37911:141edb9db9a:-7f14','RULADEF73d37911:141edb9db9a:-7f30','amount',3,'Amount',NULL,'expression',NULL,NULL,NULL,NULL,NULL),('ACTPARAM73d37911:141edb9db9a:-7f21','RULADEF73d37911:141edb9db9a:-7f30','account',2,'Account',NULL,'lookup','revenueitem:lookup','objid','title',NULL,NULL),('ACTPARAM73d37911:141edb9db9a:-7f28','RULADEF73d37911:141edb9db9a:-7f30','lob',1,'Line of Business',NULL,'var',NULL,NULL,NULL,'bpls.facts.LOB',NULL),('ACTPARAM7c61bd6d:1423fce917f:-7e73','RULADEF367174cc:141a62bd0d8:-4486','defaultvalue',3,'Default Value','string','string',NULL,NULL,NULL,'string',NULL),('ACTPARAM7ee0ab5e:141b6a15885:-7f4c','RULADEF7ee0ab5e:141b6a15885:-7f52','amount',2,'Amount',NULL,'expression',NULL,NULL,NULL,NULL,NULL);
/*!40000 ALTER TABLE `sys_rule_actiondef_param` ENABLE KEYS */;
UNLOCK TABLES;

--
-- Table structure for table `sys_rule_condition`
--

DROP TABLE IF EXISTS `sys_rule_condition`;
/*!40101 SET @saved_cs_client     = @@character_set_client */;
/*!40101 SET character_set_client = utf8 */;
CREATE TABLE `sys_rule_condition` (
  `objid` varchar(50) NOT NULL,
  `parentid` varchar(50) DEFAULT NULL,
  `fact_name` varchar(50) DEFAULT NULL,
  `fact_objid` varchar(50) DEFAULT NULL,
  `varname` varchar(50) DEFAULT NULL,
  `pos` int(11) DEFAULT NULL,
  `ruletext` longtext,
  `displaytext` longtext,
  `dynamic_datatype` varchar(50) DEFAULT NULL,
  `dynamic_key` varchar(50) DEFAULT NULL,
  `dynamic_value` varchar(50) DEFAULT NULL,
  `notexist` int(11) NOT NULL DEFAULT '0',
  PRIMARY KEY (`objid`),
  KEY `ix_fact_objid` (`fact_objid`),
  KEY `ix_parentid` (`parentid`),
  CONSTRAINT `sys_rule_condition_ibfk_1` FOREIGN KEY (`fact_objid`) REFERENCES `sys_rule_fact` (`objid`),
  CONSTRAINT `sys_rule_condition_ibfk_2` FOREIGN KEY (`parentid`) REFERENCES `sys_rule` (`objid`)
) ENGINE=InnoDB DEFAULT CHARSET=utf8;
/*!40101 SET character_set_client = @saved_cs_client */;

--
-- Dumping data for table `sys_rule_condition`
--

LOCK TABLES `sys_rule_condition` WRITE;
/*!40000 ALTER TABLE `sys_rule_condition` DISABLE KEYS */;
/*!40000 ALTER TABLE `sys_rule_condition` ENABLE KEYS */;
UNLOCK TABLES;

--
-- Table structure for table `sys_rule_condition_constraint`
--

DROP TABLE IF EXISTS `sys_rule_condition_constraint`;
/*!40101 SET @saved_cs_client     = @@character_set_client */;
/*!40101 SET character_set_client = utf8 */;
CREATE TABLE `sys_rule_condition_constraint` (
  `objid` varchar(50) NOT NULL,
  `parentid` varchar(50) DEFAULT NULL,
  `field_objid` varchar(255) DEFAULT NULL,
  `fieldname` varchar(50) DEFAULT NULL,
  `varname` varchar(50) DEFAULT NULL,
  `operator_caption` varchar(50) DEFAULT NULL,
  `operator_symbol` varchar(50) DEFAULT NULL,
  `usevar` int(11) DEFAULT NULL,
  `var_objid` varchar(50) DEFAULT NULL,
  `var_name` varchar(50) DEFAULT NULL,
  `decimalvalue` decimal(16,2) DEFAULT NULL,
  `intvalue` int(11) DEFAULT NULL,
  `stringvalue` varchar(255) DEFAULT NULL,
  `listvalue` longtext,
  `datevalue` date DEFAULT NULL,
  `pos` int(11) DEFAULT NULL,
  PRIMARY KEY (`objid`),
  KEY `ix_parentid` (`parentid`),
  KEY `ix_var_objid` (`var_objid`),
  CONSTRAINT `sys_rule_condition_constraint_ibfk_1` FOREIGN KEY (`parentid`) REFERENCES `sys_rule_condition` (`objid`),
  CONSTRAINT `sys_rule_condition_constraint_ibfk_2` FOREIGN KEY (`var_objid`) REFERENCES `sys_rule_condition_var` (`objid`)
) ENGINE=InnoDB DEFAULT CHARSET=utf8;
/*!40101 SET character_set_client = @saved_cs_client */;

--
-- Dumping data for table `sys_rule_condition_constraint`
--

LOCK TABLES `sys_rule_condition_constraint` WRITE;
/*!40000 ALTER TABLE `sys_rule_condition_constraint` DISABLE KEYS */;
/*!40000 ALTER TABLE `sys_rule_condition_constraint` ENABLE KEYS */;
UNLOCK TABLES;

--
-- Table structure for table `sys_rule_condition_var`
--

DROP TABLE IF EXISTS `sys_rule_condition_var`;
/*!40101 SET @saved_cs_client     = @@character_set_client */;
/*!40101 SET character_set_client = utf8 */;
CREATE TABLE `sys_rule_condition_var` (
  `objid` varchar(50) NOT NULL,
  `parentid` varchar(50) DEFAULT NULL,
  `ruleid` varchar(50) DEFAULT NULL,
  `varname` varchar(50) DEFAULT NULL,
  `datatype` varchar(50) DEFAULT NULL,
  `pos` int(11) DEFAULT NULL,
  PRIMARY KEY (`objid`),
  KEY `ix_parentid` (`parentid`),
  CONSTRAINT `sys_rule_condition_var_ibfk_1` FOREIGN KEY (`parentid`) REFERENCES `sys_rule_condition` (`objid`)
) ENGINE=InnoDB DEFAULT CHARSET=utf8;
/*!40101 SET character_set_client = @saved_cs_client */;

--
-- Dumping data for table `sys_rule_condition_var`
--

LOCK TABLES `sys_rule_condition_var` WRITE;
/*!40000 ALTER TABLE `sys_rule_condition_var` DISABLE KEYS */;
/*!40000 ALTER TABLE `sys_rule_condition_var` ENABLE KEYS */;
UNLOCK TABLES;

--
-- Table structure for table `sys_rule_deployed`
--

DROP TABLE IF EXISTS `sys_rule_deployed`;
/*!40101 SET @saved_cs_client     = @@character_set_client */;
/*!40101 SET character_set_client = utf8 */;
CREATE TABLE `sys_rule_deployed` (
  `objid` varchar(50) NOT NULL,
  `ruletext` longtext,
  PRIMARY KEY (`objid`),
  CONSTRAINT `sys_rule_deployed_ibfk_1` FOREIGN KEY (`objid`) REFERENCES `sys_rule` (`objid`)
) ENGINE=InnoDB DEFAULT CHARSET=utf8;
/*!40101 SET character_set_client = @saved_cs_client */;

--
-- Dumping data for table `sys_rule_deployed`
--

LOCK TABLES `sys_rule_deployed` WRITE;
/*!40000 ALTER TABLE `sys_rule_deployed` DISABLE KEYS */;
/*!40000 ALTER TABLE `sys_rule_deployed` ENABLE KEYS */;
UNLOCK TABLES;

--
-- Table structure for table `sys_rule_fact`
--

DROP TABLE IF EXISTS `sys_rule_fact`;
/*!40101 SET @saved_cs_client     = @@character_set_client */;
/*!40101 SET character_set_client = utf8 */;
CREATE TABLE `sys_rule_fact` (
  `objid` varchar(50) NOT NULL,
  `name` varchar(50) NOT NULL,
  `title` varchar(160) DEFAULT NULL,
  `factclass` varchar(50) DEFAULT NULL,
  `sortorder` int(11) DEFAULT NULL,
  `handler` varchar(50) DEFAULT NULL,
  `defaultvarname` varchar(25) DEFAULT NULL,
  `dynamic` int(11) DEFAULT NULL,
  `lookuphandler` varchar(50) DEFAULT NULL,
  `lookupkey` varchar(50) DEFAULT NULL,
  `lookupvalue` varchar(50) DEFAULT NULL,
  `lookupdatatype` varchar(50) DEFAULT NULL,
  `dynamicfieldname` varchar(50) DEFAULT NULL,
  `builtinconstraints` varchar(50) DEFAULT NULL,
  `domain` varchar(50) DEFAULT NULL,
  `factsuperclass` varchar(255) DEFAULT NULL,
  PRIMARY KEY (`objid`)
) ENGINE=InnoDB DEFAULT CHARSET=utf8;
/*!40101 SET character_set_client = @saved_cs_client */;

--
-- Dumping data for table `sys_rule_fact`
--

LOCK TABLES `sys_rule_fact` WRITE;
/*!40000 ALTER TABLE `sys_rule_fact` DISABLE KEYS */;
INSERT INTO `sys_rule_fact` VALUES ('RULFACT-1f3e2b64:14230dd8f62:-7dd8','othercharge','Other Charge Bill Item','bpls.facts.BillItem',8,NULL,'OC',NULL,NULL,NULL,NULL,NULL,NULL,'type == \"OTHERCHARGE\"','bpls',NULL),('RULFACT-1f3e2b64:14230dd8f62:-7e29','regfee','Regulatory Fee Bill Item','bpls.facts.BillItem',7,NULL,'RF',NULL,NULL,NULL,NULL,NULL,NULL,'type == \"REGFEE\"','bpls',NULL),('RULFACT-1f3e2b64:14230dd8f62:-7eb6','businesstax','Business Tax Bill Item','bpls.facts.BillItem',6,NULL,'BT',NULL,NULL,NULL,NULL,NULL,NULL,'type == \"TAX\"','bpls',NULL),('RULFACT-26aa09fd:1419696e71f:-7feb','bpapplication','BPApplication','bpls.facts.BPApplication',2,NULL,NULL,NULL,NULL,NULL,NULL,NULL,NULL,NULL,'bpls',NULL),('RULFACT-46f22f55:14231734d86:-7eca','BillDate','Bill Date','bpls.facts.BillDate',1,NULL,NULL,NULL,NULL,NULL,NULL,NULL,NULL,NULL,'bpls',NULL),('RULFACT-76732870:14196dc4027:-7f87','lob','Line of Business','bpls.facts.LOB',3,NULL,'LOB',NULL,NULL,NULL,NULL,NULL,NULL,NULL,'bpls',NULL),('RULFACT-bad19b4:141f3c18435:-7fa9','businessinfo','Business Info','bpls.facts.BusinessInfo',4,NULL,NULL,1,'businessvariable:lookup','objid','name','datatype','name',NULL,'bpls',NULL),('RULFACT-fd57605:142324ab5d2:-7f33','qtrdate','Qtr Date','bpls.facts.QtrDeadline',0,NULL,NULL,NULL,NULL,NULL,NULL,NULL,NULL,NULL,'bpls',NULL),('RULFACT-fd840f:146ad32de46:-735f','excess','Excess Payment','bpls.facts.ExcessPayment',0,NULL,'EXCESS',NULL,NULL,NULL,NULL,NULL,NULL,NULL,'bpls',NULL),('RULFACT2e8bac67:1422b41d3b3:-7f64','CurrentDate','Current Date','CurrentDate',0,NULL,NULL,NULL,NULL,NULL,NULL,NULL,NULL,NULL,'bpls',NULL),('RULFACT3a2b180:142b73535d5:-7fb1','LateRenewal','Late Renewal','bpls.facts.LateRenewal',20,NULL,'LateRenewal',NULL,NULL,NULL,NULL,NULL,NULL,NULL,'bpls',NULL),('RULFACT4a03cdfb:141f9a6dc3c:-784a','sysvariable','Sys Variable','bpls.facts.SysVariable',10,NULL,NULL,1,'bpassessment_sysvar:lookup','name','name','datatype','name',NULL,'bpls',NULL),('RULFACT4ca00100:141fe894560:-7d8e','othercharge','Other Charge Account','bpls.facts.TaxFeeAccount',7,NULL,'OC',NULL,NULL,NULL,NULL,NULL,NULL,'type==\"OTHERCHARGE\"','bpls',NULL),('RULFACT4ca00100:141fe894560:-7e3f','regfee','Regulatory Fee Account','bpls.facts.TaxFeeAccount',6,NULL,'RF',NULL,NULL,NULL,NULL,NULL,NULL,'type == \"REGFEE\"','bpls',NULL),('RULFACT682fd2e6:145de99014c:-7f3e','BusinessLocation','Business Location','bpls.facts.BusinessLocation',0,NULL,NULL,NULL,NULL,NULL,NULL,NULL,NULL,NULL,'bpls',NULL),('RULFACT72bb01b1:141b1fdca80:-7f86','businesstax','Business Tax Account','bpls.facts.TaxFeeAccount',5,NULL,'BT',NULL,NULL,NULL,NULL,NULL,NULL,'type == \"TAX\"','bpls',NULL),('RULFACT7ee0ab5e:141b6a15885:-7ff1','Ledger','Business Ledger','BPLedger',1,NULL,NULL,NULL,NULL,NULL,NULL,NULL,NULL,NULL,'RPT',NULL),('RULFACTe058e4:1481f37895f:-720c','billitem','BillItem','bpls.facts.BillItem',9,NULL,'BILLITEM',NULL,NULL,NULL,NULL,NULL,NULL,NULL,'bpls',NULL);
/*!40000 ALTER TABLE `sys_rule_fact` ENABLE KEYS */;
UNLOCK TABLES;

--
-- Table structure for table `sys_rule_fact_field`
--

DROP TABLE IF EXISTS `sys_rule_fact_field`;
/*!40101 SET @saved_cs_client     = @@character_set_client */;
/*!40101 SET character_set_client = utf8 */;
CREATE TABLE `sys_rule_fact_field` (
  `objid` varchar(255) NOT NULL,
  `parentid` varchar(50) DEFAULT NULL,
  `name` varchar(50) NOT NULL,
  `title` varchar(160) DEFAULT NULL,
  `datatype` varchar(50) DEFAULT NULL,
  `sortorder` int(11) DEFAULT NULL,
  `handler` varchar(50) DEFAULT NULL,
  `lookuphandler` varchar(50) DEFAULT NULL,
  `lookupkey` varchar(50) DEFAULT NULL,
  `lookupvalue` varchar(50) DEFAULT NULL,
  `lookupdatatype` varchar(50) DEFAULT NULL,
  `multivalued` int(11) DEFAULT NULL,
  `required` int(11) DEFAULT NULL,
  `vardatatype` varchar(50) DEFAULT NULL,
  `lovname` varchar(50) DEFAULT NULL,
  PRIMARY KEY (`objid`),
  KEY `ix_parentid` (`parentid`),
  CONSTRAINT `sys_rule_fact_field_ibfk_1` FOREIGN KEY (`parentid`) REFERENCES `sys_rule_fact` (`objid`)
) ENGINE=InnoDB DEFAULT CHARSET=utf8;
/*!40101 SET character_set_client = @saved_cs_client */;

--
-- Dumping data for table `sys_rule_fact_field`
--

LOCK TABLES `sys_rule_fact_field` WRITE;
/*!40000 ALTER TABLE `sys_rule_fact_field` DISABLE KEYS */;
INSERT INTO `sys_rule_fact_field` VALUES ('FACTFLD-1f3e2b64:14230dd8f62:-7da5','RULFACT-1f3e2b64:14230dd8f62:-7dd8','expired','Expired','boolean',3,'boolean',NULL,NULL,NULL,NULL,NULL,NULL,'boolean',NULL),('FACTFLD-1f3e2b64:14230dd8f62:-7db6','RULFACT-1f3e2b64:14230dd8f62:-7dd8','amtdue','Amount Due','decimal',2,'decimal',NULL,NULL,NULL,NULL,NULL,NULL,'decimal',NULL),('FACTFLD-1f3e2b64:14230dd8f62:-7dc7','RULFACT-1f3e2b64:14230dd8f62:-7dd8','acctid','Account','string',1,'lookup','revenueitem:lookup','objid','title',NULL,NULL,NULL,'string',NULL),('FACTFLD-1f3e2b64:14230dd8f62:-7dfe','RULFACT-1f3e2b64:14230dd8f62:-7e29','expired','Expired','boolean',3,'boolean',NULL,NULL,NULL,NULL,NULL,NULL,'boolean',NULL),('FACTFLD-1f3e2b64:14230dd8f62:-7e07','RULFACT-1f3e2b64:14230dd8f62:-7e29','amtdue','Amount Due','decimal',2,'decimal',NULL,NULL,NULL,NULL,NULL,NULL,'decimal',NULL),('FACTFLD-1f3e2b64:14230dd8f62:-7e18','RULFACT-1f3e2b64:14230dd8f62:-7e29','acctid','Account','string',1,'lookup','revenueitem:lookup','objid','title',NULL,NULL,NULL,'string',NULL),('FACTFLD-1f3e2b64:14230dd8f62:-7e8b','RULFACT-1f3e2b64:14230dd8f62:-7eb6','expired','Expired','boolean',3,'boolean',NULL,NULL,NULL,NULL,NULL,NULL,'boolean',NULL),('FACTFLD-1f3e2b64:14230dd8f62:-7e94','RULFACT-1f3e2b64:14230dd8f62:-7eb6','amtdue','Amount Due','decimal',2,'decimal',NULL,NULL,NULL,NULL,NULL,NULL,'decimal',NULL),('FACTFLD-1f3e2b64:14230dd8f62:-7ea5','RULFACT-1f3e2b64:14230dd8f62:-7eb6','acctid','Account','string',1,'lookup','revenueitem:lookup','objid','title',NULL,NULL,NULL,'string',NULL),('FACTFLD-1f48c8dc:149efbd2046:-72d3','RULFACT-26aa09fd:1419696e71f:-7feb','officetype','Office Type','string',11,'string',NULL,NULL,NULL,NULL,NULL,NULL,'string','BUSINESS_OFFICE_TYPES'),('FACTFLD-234b5263:142c77537de:-7af4','RULFACT-1f3e2b64:14230dd8f62:-7dd8','lob','Line of Business','string',6,'var',NULL,NULL,NULL,NULL,NULL,NULL,'bpls.facts.LOB',NULL),('FACTFLD-234b5263:142c77537de:-7b3b','RULFACT-1f3e2b64:14230dd8f62:-7e29','lob','Line of Business','string',6,'var',NULL,NULL,NULL,NULL,NULL,NULL,'bpls.facts.LOB',NULL),('FACTFLD-234b5263:142c77537de:-7c17','RULFACT-1f3e2b64:14230dd8f62:-7eb6','lob','Line of Business','string',7,'var',NULL,NULL,NULL,NULL,NULL,NULL,'bpls.facts.LOB',NULL),('FACTFLD-26aa09fd:1419696e71f:-7fe4','RULFACT-26aa09fd:1419696e71f:-7feb','apptype','App Type','BUSINESS_APP_TYPES',1,'lov',NULL,NULL,NULL,NULL,NULL,NULL,NULL,'BUSINESS_APP_TYPES'),('FACTFLD-37d4447c:1480b43afb0:-7f10','RULFACT-1f3e2b64:14230dd8f62:-7dd8','asssessmenttype','Assessment Type','string',7,'lov',NULL,NULL,NULL,NULL,NULL,NULL,'string','BUSINESS_APP_TYPES'),('FACTFLD-37d4447c:1480b43afb0:-7f52','RULFACT-1f3e2b64:14230dd8f62:-7e29','assessmenttype','Assessment Type','string',10,'lov',NULL,NULL,NULL,NULL,NULL,NULL,'string','BUSINESS_APP_TYPES'),('FACTFLD-37d4447c:1480b43afb0:-7f89','RULFACT-1f3e2b64:14230dd8f62:-7eb6','assessmenttype','Assessment Type','string',10,'lov',NULL,NULL,NULL,NULL,NULL,NULL,'string','BUSINESS_APP_TYPES'),('FACTFLD-3e0f5e2c:14a3b56e470:-7f67','RULFACT682fd2e6:145de99014c:-7f3e','type','Location Type','string',2,'lov',NULL,NULL,NULL,NULL,NULL,NULL,'string','BUSINESS_LOCATION_TYPES'),('FACTFLD-42025b26:14237a79c92:-7f53','RULFACT-46f22f55:14231734d86:-7eca','date','Date','date',4,'date',NULL,NULL,NULL,NULL,NULL,NULL,'date',NULL),('FACTFLD-435133e2:142c7ca3c49:-7a9f','RULFACT-fd57605:142324ab5d2:-7f33','deadline','Deadline date','date',5,'date',NULL,NULL,NULL,NULL,NULL,NULL,'date',NULL),('FACTFLD-435133e2:142c7ca3c49:-7abe','RULFACT-fd57605:142324ab5d2:-7f33','beginQtrDate','Begin date of Qtr','date',4,'date',NULL,NULL,NULL,NULL,NULL,NULL,'date',NULL),('FACTFLD-45a06f70:141e85fbfd5:-7f6f','RULFACT-76732870:14196dc4027:-7f87','assessmenttype','Assessment Type',NULL,4,'lov',NULL,NULL,NULL,NULL,NULL,NULL,NULL,'LOB_ASSESSMENT_TYPES'),('FACTFLD-46f22f55:14231734d86:-7ea7','RULFACT-46f22f55:14231734d86:-7eca','day','Day','integer',3,'integer',NULL,NULL,NULL,NULL,NULL,NULL,'integer',NULL),('FACTFLD-46f22f55:14231734d86:-7eb0','RULFACT-46f22f55:14231734d86:-7eca','year','Year','integer',2,'integer',NULL,NULL,NULL,NULL,NULL,NULL,'integer',NULL),('FACTFLD-46f22f55:14231734d86:-7eb9','RULFACT-46f22f55:14231734d86:-7eca','month','Month','integer',1,'integer',NULL,NULL,NULL,NULL,NULL,NULL,'integer',NULL),('FACTFLD-5c8064e4:143fb646ea9:-7ec0','RULFACT-1f3e2b64:14230dd8f62:-7e29','surcharge','Surcharge','decimal',7,'decimal',NULL,NULL,NULL,NULL,NULL,NULL,'decimal',NULL),('FACTFLD-62a762db:14201d65080:-7250','RULFACT-26aa09fd:1419696e71f:-7feb','appqtr','App Qtr','integer',8,'integer',NULL,NULL,NULL,NULL,NULL,NULL,'integer',NULL),('FACTFLD-62a762db:14201d65080:-72d8','RULFACT-26aa09fd:1419696e71f:-7feb','appdate','App date','integer',7,'integer',NULL,NULL,NULL,NULL,NULL,NULL,'integer',NULL),('FACTFLD-62a762db:14201d65080:-72e9','RULFACT-26aa09fd:1419696e71f:-7feb','appmonth','App. Month','integer',6,'integer',NULL,NULL,NULL,NULL,NULL,NULL,'integer',NULL),('FACTFLD-62a762db:14201d65080:-72f2','RULFACT-26aa09fd:1419696e71f:-7feb','appyear','App Year','integer',5,'integer',NULL,NULL,NULL,NULL,NULL,NULL,'integer',NULL),('FACTFLD-62a762db:14201d65080:-7303','RULFACT-26aa09fd:1419696e71f:-7feb','yearstarted','Year Started','integer',4,'integer',NULL,NULL,NULL,NULL,NULL,NULL,'integer',NULL),('FACTFLD-73089baf:141f3d279b0:-7f78','RULFACT-bad19b4:141f3c18435:-7fa9','lob','Line of Business',NULL,1,'var',NULL,NULL,NULL,NULL,NULL,1,'bpls.facts.LOB',NULL),('FACTFLD-76732870:14196dc4027:-7f25','RULFACT-76732870:14196dc4027:-7f87','classification','Classification','string',1,'lookup','lobclassification:lookup','objid','name',NULL,NULL,NULL,NULL,NULL),('FACTFLD-76732870:14196dc4027:-7f80','RULFACT-76732870:14196dc4027:-7f87','lobid','Name','string',2,'lookup','lob:lookup','objid','name',NULL,NULL,NULL,NULL,NULL),('FACTFLD-7c5c4c8f:141e84ee23e:-7f45','RULFACT-26aa09fd:1419696e71f:-7feb','orgtype','Org. Type',NULL,2,'lov',NULL,NULL,NULL,NULL,NULL,NULL,NULL,'ORG_TYPES'),('FACTFLD-7dcd2cc0:1419c36c939:-7f7f','RULFACT-76732870:14196dc4027:-7f87','attributes','Attributes',NULL,3,'lookup','lobattribute:lookup','name','name',NULL,1,NULL,NULL,NULL),('FACTFLD-fd57605:142324ab5d2:-78ff','RULFACT-1f3e2b64:14230dd8f62:-7eb6','surcharge','Surcharge','decimal',5,'decimal',NULL,NULL,NULL,NULL,NULL,NULL,'decimal',NULL),('FACTFLD-fd57605:142324ab5d2:-7e3f','RULFACT-1f3e2b64:14230dd8f62:-7dd8','qtr','Qtr','integer',4,'integer',NULL,NULL,NULL,NULL,NULL,NULL,'integer',NULL),('FACTFLD-fd57605:142324ab5d2:-7e7b','RULFACT-1f3e2b64:14230dd8f62:-7e29','qtr','Qtr','integer',4,'integer',NULL,NULL,NULL,NULL,NULL,NULL,'integer',NULL),('FACTFLD-fd57605:142324ab5d2:-7eaf','RULFACT-1f3e2b64:14230dd8f62:-7eb6','qtr','Qtr','integer',4,'integer',NULL,NULL,NULL,NULL,NULL,NULL,'integer',NULL),('FACTFLD-fd57605:142324ab5d2:-7f08','RULFACT-fd57605:142324ab5d2:-7f33','qtr','Qtr','integer',3,'integer',NULL,NULL,NULL,NULL,NULL,NULL,'integer',NULL),('FACTFLD-fd57605:142324ab5d2:-7f19','RULFACT-fd57605:142324ab5d2:-7f33','year','Year','integer',2,'integer',NULL,NULL,NULL,NULL,NULL,NULL,'integer',NULL),('FACTFLD-fd57605:142324ab5d2:-7f22','RULFACT-fd57605:142324ab5d2:-7f33','month','Month','integer',1,'integer',NULL,NULL,NULL,NULL,NULL,NULL,'integer',NULL),('FACTFLD-fd840f:146ad32de46:-733f','RULFACT-fd840f:146ad32de46:-735f','amount','Amount','decimal',1,'decimal',NULL,NULL,NULL,NULL,NULL,NULL,'decimal',NULL),('FACTFLD184d0b9f:142789765e5:-7da5','RULFACT-1f3e2b64:14230dd8f62:-7dd8','deadline','Deadline Date','date',5,'date',NULL,NULL,NULL,NULL,NULL,NULL,'date',NULL),('FACTFLD184d0b9f:142789765e5:-7de2','RULFACT-1f3e2b64:14230dd8f62:-7e29','deadline','Deadline Date','date',5,'date',NULL,NULL,NULL,NULL,NULL,NULL,'date',NULL),('FACTFLD184d0b9f:142789765e5:-7e5f','RULFACT-1f3e2b64:14230dd8f62:-7eb6','deadline','Deadline Date','date',6,'date',NULL,NULL,NULL,NULL,NULL,NULL,'date',NULL),('FACTFLD2553f086:14743f5755a:-7ca8','RULFACT-1f3e2b64:14230dd8f62:-7eb6','fullamtdue','Full Amt Due','decimal',8,'decimal',NULL,NULL,NULL,NULL,NULL,NULL,'decimal',NULL),('FACTFLD2713811e:141f3ed1502:-7ed5','RULFACT-bad19b4:141f3c18435:-7fa9','stringvalue','Value','string',5,'string',NULL,NULL,NULL,NULL,NULL,NULL,'string',NULL),('FACTFLD2713811e:141f3ed1502:-7ede','RULFACT-bad19b4:141f3c18435:-7fa9','booleanvalue','Value','boolean',4,'boolean',NULL,NULL,NULL,NULL,NULL,NULL,'boolean',NULL),('FACTFLD2713811e:141f3ed1502:-7ee7','RULFACT-bad19b4:141f3c18435:-7fa9','intvalue','Value','integer',3,'integer',NULL,NULL,NULL,NULL,NULL,NULL,'integer',NULL),('FACTFLD2713811e:141f3ed1502:-7ef0','RULFACT-bad19b4:141f3c18435:-7fa9','decimalvalue','Value','decimal',2,'decimal',NULL,NULL,NULL,NULL,NULL,NULL,'decimal',NULL),('FACTFLD27c10060:1481e95fd06:-7eb5','RULFACT2e8bac67:1422b41d3b3:-7f64','date','Date','date',4,'date',NULL,NULL,NULL,NULL,NULL,NULL,'date',NULL),('FACTFLD2e8bac67:1422b41d3b3:-7f30','RULFACT2e8bac67:1422b41d3b3:-7f64','month','Month','integer',3,'integer',NULL,NULL,NULL,NULL,NULL,NULL,'integer',NULL),('FACTFLD2e8bac67:1422b41d3b3:-7f4a','RULFACT2e8bac67:1422b41d3b3:-7f64','year','Year','integer',2,'integer',NULL,NULL,NULL,NULL,NULL,NULL,'integer',NULL),('FACTFLD2e8bac67:1422b41d3b3:-7f53','RULFACT2e8bac67:1422b41d3b3:-7f64','qtr','Qtr','integer',1,'integer',NULL,NULL,NULL,NULL,NULL,NULL,'integer',NULL),('FACTFLD3a2b180:142b73535d5:-7f95','RULFACT3a2b180:142b73535d5:-7fb1','year','Year','integer',1,'integer',NULL,NULL,NULL,NULL,NULL,NULL,'integer',NULL),('FACTFLD3c33cd02:14744856d01:-7e35','RULFACT-1f3e2b64:14230dd8f62:-7e29','firstdateofyear','First Date of Year','date',9,'date',NULL,NULL,NULL,NULL,NULL,NULL,'date',NULL),('FACTFLD3c33cd02:14744856d01:-7e3e','RULFACT-1f3e2b64:14230dd8f62:-7e29','fullamtdue','Full Amount Due','decimal',8,'decimal',NULL,NULL,NULL,NULL,NULL,NULL,'decimal',NULL),('FACTFLD3c33cd02:14744856d01:-7ed2','RULFACT-1f3e2b64:14230dd8f62:-7eb6','firstdateofyear','First Date of Year','date',9,'date',NULL,NULL,NULL,NULL,NULL,NULL,'date',NULL),('FACTFLD4a03cdfb:141f9a6dc3c:-7816','RULFACT4a03cdfb:141f9a6dc3c:-784a','stringvalue','Value','string',5,'string',NULL,NULL,NULL,NULL,NULL,0,'string',NULL),('FACTFLD4a03cdfb:141f9a6dc3c:-781f','RULFACT4a03cdfb:141f9a6dc3c:-784a','intvalue','Value','integer',4,'integer',NULL,NULL,NULL,NULL,NULL,0,'integer',NULL),('FACTFLD4a03cdfb:141f9a6dc3c:-7828','RULFACT4a03cdfb:141f9a6dc3c:-784a','decimalvalue','Value','decimal',3,'decimal',NULL,NULL,NULL,NULL,NULL,0,'decimal',NULL),('FACTFLD4a03cdfb:141f9a6dc3c:-7831','RULFACT4a03cdfb:141f9a6dc3c:-784a','booleanvalue','Value','boolean',2,'boolean',NULL,NULL,NULL,NULL,NULL,0,'boolean',NULL),('FACTFLD4a03cdfb:141f9a6dc3c:-783a','RULFACT4a03cdfb:141f9a6dc3c:-784a','lob','Line of Business','string',1,'var',NULL,NULL,NULL,NULL,NULL,0,'bpls.facts.LOB',NULL),('FACTFLD4a03cdfb:141f9a6dc3c:-7b91','RULFACT72bb01b1:141b1fdca80:-7f86','lowest','Is Lowest Amount','boolean',5,'boolean',NULL,NULL,NULL,NULL,NULL,NULL,'boolean',NULL),('FACTFLD4a03cdfb:141f9a6dc3c:-7b9a','RULFACT72bb01b1:141b1fdca80:-7f86','highest','Is Highest Amount','boolean',4,'boolean',NULL,NULL,NULL,NULL,NULL,NULL,'boolean',NULL),('FACTFLD4b5f47bd:142219e4784:-7f46','RULFACT-26aa09fd:1419696e71f:-7feb','txnmode','Txn Mode','string',3,'lov',NULL,NULL,NULL,NULL,NULL,NULL,'string','BP_TXNMODES'),('FACTFLD4ca00100:141fe894560:-7d51','RULFACT4ca00100:141fe894560:-7d8e','lowest','Is Lowest Amount','boolean',5,'boolean',NULL,NULL,NULL,NULL,NULL,NULL,'boolean',NULL),('FACTFLD4ca00100:141fe894560:-7d5a','RULFACT4ca00100:141fe894560:-7d8e','highest','Is Highest Amount','boolean',4,'boolean',NULL,NULL,NULL,NULL,NULL,0,'boolean',NULL),('FACTFLD4ca00100:141fe894560:-7d63','RULFACT4ca00100:141fe894560:-7d8e','amount','Amount','decimal',3,'decimal',NULL,NULL,NULL,NULL,NULL,NULL,'decimal',NULL),('FACTFLD4ca00100:141fe894560:-7d74','RULFACT4ca00100:141fe894560:-7d8e','acctid','Account','string',2,'lookup','revenueitem:lookup','objid','title',NULL,NULL,NULL,NULL,NULL),('FACTFLD4ca00100:141fe894560:-7d7d','RULFACT4ca00100:141fe894560:-7d8e','lob','Line of Business','string',1,'var',NULL,NULL,NULL,NULL,NULL,NULL,'bpls.facts.LOB',NULL),('FACTFLD4ca00100:141fe894560:-7e02','RULFACT4ca00100:141fe894560:-7e3f','lowest','Is Lowest Amount','boolean',5,'boolean',NULL,NULL,NULL,NULL,NULL,NULL,'boolean',NULL),('FACTFLD4ca00100:141fe894560:-7e0b','RULFACT4ca00100:141fe894560:-7e3f','highest','Is Highest Amount','boolean',4,'boolean',NULL,NULL,NULL,NULL,NULL,NULL,'boolean',NULL),('FACTFLD4ca00100:141fe894560:-7e14','RULFACT4ca00100:141fe894560:-7e3f','amount','Amount','decimal',3,'decimal',NULL,NULL,NULL,NULL,NULL,NULL,'decimal',NULL),('FACTFLD4ca00100:141fe894560:-7e25','RULFACT4ca00100:141fe894560:-7e3f','acctid','Account','string',2,'lookup','revenueitem:lookup','objid','title',NULL,NULL,NULL,'string',NULL),('FACTFLD4ca00100:141fe894560:-7e2e','RULFACT4ca00100:141fe894560:-7e3f','lob','Line of Business','string',1,'var',NULL,NULL,NULL,NULL,NULL,NULL,'bpls.facts.LOB',NULL),('FACTFLD50ef92c8:147420ae632:-7c1c','RULFACT-46f22f55:14231734d86:-7eca','qtr','Qtr','integer',5,'integer',NULL,NULL,NULL,NULL,NULL,NULL,'integer',NULL),('FACTFLD56c737e:14747f7ef52:-7ea4','RULFACT-26aa09fd:1419696e71f:-7feb','dateapplied','Date Applied','date',10,'date',NULL,NULL,NULL,NULL,NULL,NULL,'date',NULL),('FACTFLD682fd2e6:145de99014c:-7e46','RULFACT682fd2e6:145de99014c:-7f3e','barangayid','Barangay','string',1,'lookup','barangay:lookup','objid','name',NULL,NULL,NULL,'string',NULL),('FACTFLD686e4ec:146a335ed43:-7df0','RULFACT-26aa09fd:1419696e71f:-7feb','purpose','Purpose','string',9,'lov',NULL,NULL,NULL,NULL,NULL,NULL,'string','BUSINESS_PURPOSE'),('FACTFLD72bb01b1:141b1fdca80:-7f45','RULFACT72bb01b1:141b1fdca80:-7f86','lob','Line of Business',NULL,1,'var',NULL,NULL,NULL,NULL,NULL,0,'bpls.facts.LOB',NULL),('FACTFLD72bb01b1:141b1fdca80:-7f70','RULFACT72bb01b1:141b1fdca80:-7f86','amount','Amount','decimal',3,'decimal',NULL,NULL,NULL,NULL,NULL,NULL,'decimal',NULL),('FACTFLD72bb01b1:141b1fdca80:-7f7f','RULFACT72bb01b1:141b1fdca80:-7f86','acctid','Account',NULL,2,'lookup','revenueitem:lookup','objid','title',NULL,NULL,0,NULL,NULL),('FACTFLD7ee0ab5e:141b6a15885:-7fd5','RULFACT7ee0ab5e:141b6a15885:-7ff1','amtdue','Amount Due','decimal',1,'decimal',NULL,NULL,NULL,NULL,NULL,NULL,'decimal',NULL),('FACTFLD7ee0ab5e:141b6a15885:-7fdc','RULFACT7ee0ab5e:141b6a15885:-7ff1','qtr','Qtr','integer',2,'integer',NULL,NULL,NULL,NULL,NULL,NULL,'integer',NULL),('FACTFLD7ee0ab5e:141b6a15885:-7fe3','RULFACT7ee0ab5e:141b6a15885:-7ff1','year','Year','integer',3,'integer',NULL,NULL,NULL,NULL,NULL,NULL,'integer',NULL),('FACTFLD7ee0ab5e:141b6a15885:-7fea','RULFACT7ee0ab5e:141b6a15885:-7ff1','apptype','Application Type',NULL,4,'lov',NULL,NULL,NULL,NULL,NULL,NULL,NULL,'BUSINESS_APP_TYPES'),('FACTFLDe058e4:1481f37895f:-710d','RULFACTe058e4:1481f37895f:-720c','assessmenttype','Assessment Type','string',10,'lov',NULL,NULL,NULL,NULL,NULL,NULL,'string','BUSINESS_APP_TYPES'),('FACTFLDe058e4:1481f37895f:-7116','RULFACTe058e4:1481f37895f:-720c','firstdateofyear','First Date of Year','date',9,'date',NULL,NULL,NULL,NULL,NULL,NULL,'date',NULL),('FACTFLDe058e4:1481f37895f:-7127','RULFACTe058e4:1481f37895f:-720c','fullamtdue','Full Amount Due','decimal',8,'decimal',NULL,NULL,NULL,NULL,NULL,NULL,'decimal',NULL),('FACTFLDe058e4:1481f37895f:-7130','RULFACTe058e4:1481f37895f:-720c','lob','Line of Business','string',7,'var',NULL,NULL,NULL,NULL,NULL,NULL,'bpls.facts.LOB',NULL),('FACTFLDe058e4:1481f37895f:-7139','RULFACTe058e4:1481f37895f:-720c','deadline','Deadline','date',6,'date',NULL,NULL,NULL,NULL,NULL,NULL,'date',NULL),('FACTFLDe058e4:1481f37895f:-7142','RULFACTe058e4:1481f37895f:-720c','surcharge','Surcharge','decimal',5,'decimal',NULL,NULL,NULL,NULL,NULL,NULL,'decimal',NULL),('FACTFLDe058e4:1481f37895f:-714b','RULFACTe058e4:1481f37895f:-720c','qtr','Qtr','integer',4,'integer',NULL,NULL,NULL,NULL,NULL,NULL,'integer',NULL),('FACTFLDe058e4:1481f37895f:-7154','RULFACTe058e4:1481f37895f:-720c','expired','Expired','boolean',3,'boolean',NULL,NULL,NULL,NULL,NULL,NULL,'boolean',NULL),('FACTFLDe058e4:1481f37895f:-715d','RULFACTe058e4:1481f37895f:-720c','amtdue','Amount Due','decimal',2,'decimal',NULL,NULL,NULL,NULL,NULL,NULL,'decimal',NULL),('FACTFLDe058e4:1481f37895f:-71f8','RULFACTe058e4:1481f37895f:-720c','acctid','Account','string',1,'lookup','revenueitem:lookup','objid','title',NULL,NULL,NULL,'string',NULL);
/*!40000 ALTER TABLE `sys_rule_fact_field` ENABLE KEYS */;
UNLOCK TABLES;

--
-- Table structure for table `sys_rulegroup`
--

DROP TABLE IF EXISTS `sys_rulegroup`;
/*!40101 SET @saved_cs_client     = @@character_set_client */;
/*!40101 SET character_set_client = utf8 */;
CREATE TABLE `sys_rulegroup` (
  `name` varchar(50) NOT NULL,
  `ruleset` varchar(50) NOT NULL,
  `title` varchar(160) DEFAULT NULL,
  `sortorder` int(11) DEFAULT NULL,
  PRIMARY KEY (`name`,`ruleset`),
  KEY `ruleset` (`ruleset`),
  CONSTRAINT `sys_rulegroup_ibfk_1` FOREIGN KEY (`ruleset`) REFERENCES `sys_ruleset` (`name`)
) ENGINE=InnoDB DEFAULT CHARSET=utf8;
/*!40101 SET character_set_client = @saved_cs_client */;

--
-- Dumping data for table `sys_rulegroup`
--

LOCK TABLES `sys_rulegroup` WRITE;
/*!40000 ALTER TABLE `sys_rulegroup` DISABLE KEYS */;
INSERT INTO `sys_rulegroup` VALUES ('after-payment','bpbilling','After Payment',7),('appinfo','bpassessment','Application Info',1),('apply-payment','bpbilling','Apply Payment',6),('businesstax','bpassessment','Business Tax Computation',3),('default','bpinfo','Application Info',0),('discount','bpbilling','Discount',1),('initial','bpbilling','Initialization',0),('initial','bprequirement','Initial',0),('interest','bpbilling','Interest',3),('othercharge','bpassessment','Other Charge Computation',7),('postappinfo','bpassessment','Post Application Info',2),('postbusinesstax','bpassessment','Post Business Tax Computation',4),('postinfo','bpinfo','Post App Info',1),('postothercharge','bpassessment','Post Other Charge Computation',8),('postregfee','bpassessment','Post Regulatory Fee Computation',6),('postsummary','bpassessment','Postsummary',10),('preappinfo','bpassessment','Pre-Application Info',0),('regfee','bpassessment','Regulatory Fee Computation',5),('requirement','bpinfo','Requirements',2),('summary','bpassessment','Summary',9),('summary','bpbilling','Summary',5),('surcharge','bpbilling','Surcharge',2);
/*!40000 ALTER TABLE `sys_rulegroup` ENABLE KEYS */;
UNLOCK TABLES;

--
-- Table structure for table `sys_ruleset`
--

DROP TABLE IF EXISTS `sys_ruleset`;
/*!40101 SET @saved_cs_client     = @@character_set_client */;
/*!40101 SET character_set_client = utf8 */;
CREATE TABLE `sys_ruleset` (
  `name` varchar(50) NOT NULL,
  `title` varchar(160) DEFAULT NULL,
  `packagename` varchar(50) DEFAULT NULL,
  `domain` varchar(50) DEFAULT NULL,
  `role` varchar(50) DEFAULT NULL,
  `permission` varchar(50) DEFAULT NULL,
  PRIMARY KEY (`name`)
) ENGINE=InnoDB DEFAULT CHARSET=utf8;
/*!40101 SET character_set_client = @saved_cs_client */;

--
-- Dumping data for table `sys_ruleset`
--

LOCK TABLES `sys_ruleset` WRITE;
/*!40000 ALTER TABLE `sys_ruleset` DISABLE KEYS */;
INSERT INTO `sys_ruleset` VALUES ('bpassessment','BP Assessment Rules',NULL,'bpls','DATAMGMT',NULL),('bpbilling','BPLS Billing Rules',NULL,'bpls','DATAMGMT',NULL),('bpinfo','BP Info',NULL,'bpls','DATAMGMT',NULL),('bprequirement','BP Requirement Rules','bprequirement','bpls','DATAMGMT',NULL);
/*!40000 ALTER TABLE `sys_ruleset` ENABLE KEYS */;
UNLOCK TABLES;

--
-- Table structure for table `sys_ruleset_actiondef`
--

DROP TABLE IF EXISTS `sys_ruleset_actiondef`;
/*!40101 SET @saved_cs_client     = @@character_set_client */;
/*!40101 SET character_set_client = utf8 */;
CREATE TABLE `sys_ruleset_actiondef` (
  `ruleset` varchar(50) NOT NULL,
  `actiondef` varchar(50) NOT NULL,
  PRIMARY KEY (`ruleset`,`actiondef`),
  KEY `actiondef` (`actiondef`),
  CONSTRAINT `sys_ruleset_actiondef_ibfk_2` FOREIGN KEY (`ruleset`) REFERENCES `sys_ruleset` (`name`)
) ENGINE=InnoDB DEFAULT CHARSET=utf8;
/*!40101 SET character_set_client = @saved_cs_client */;

--
-- Dumping data for table `sys_ruleset_actiondef`
--

LOCK TABLES `sys_ruleset_actiondef` WRITE;
/*!40000 ALTER TABLE `sys_ruleset_actiondef` DISABLE KEYS */;
INSERT INTO `sys_ruleset_actiondef` VALUES ('bpbilling','RULADEF-2889615e:142fa67fc85:-7b7c'),('bpassessment','RULADEF-2ead5abf:1419bd607e6:-7fd9'),('bpassessment','RULADEF-4a532d76:141ff563063:-7ef4'),('bpinfo','RULADEF-4a532d76:141ff563063:-7ef4'),('bprequirement','RULADEF-4a532d76:141ff563063:-7ef4'),('bpassessment','RULADEF-627533eb:141ed7a179f:-7d7d'),('bpassessment','RULADEF-62a762db:14201d65080:-7576'),('bpbilling','RULADEF-62a762db:14201d65080:-7576'),('bpinfo','RULADEF-62a762db:14201d65080:-7576'),('bpbilling','RULADEF-66879e9a:1422b236b58:-7d0f'),('bpbilling','RULADEF-66879e9a:1422b236b58:-7d24'),('bpassessment','RULADEF-67ecfd73:141f2b84ce7:-743c'),('bpassessment','RULADEF-67ecfd73:141f2b84ce7:-7b54'),('bpinfo','RULADEF-67ecfd73:141f2b84ce7:-7b54'),('bpbilling','RULADEF-6960d46:146ef7fe055:-7722'),('bpassessment','RULADEF-738e3cc6:14459101d11:-6b0b'),('bpbilling','RULADEF-7438e141:1481e925549:-7fb5'),('bpbilling','RULADEF-fd840f:146ad32de46:-71f2'),('bpassessment','RULADEF33e8cb24:1423c4b40b2:-6aeb'),('bpassessment','RULADEF33e8cb24:1423c4b40b2:-7f34'),('bpassessment','RULADEF367174cc:141a62bd0d8:-4486'),('bpinfo','RULADEF367174cc:141a62bd0d8:-4486'),('bpbilling','RULADEF50ef92c8:147420ae632:-7be3'),('bpassessment','RULADEF72bb01b1:141b1fdca80:-7e34'),('bpassessment','RULADEF73d37911:141edb9db9a:-7f30'),('bpbilling','RULADEF7ee0ab5e:141b6a15885:-7f52');
/*!40000 ALTER TABLE `sys_ruleset_actiondef` ENABLE KEYS */;
UNLOCK TABLES;

--
-- Table structure for table `sys_ruleset_fact`
--

DROP TABLE IF EXISTS `sys_ruleset_fact`;
/*!40101 SET @saved_cs_client     = @@character_set_client */;
/*!40101 SET character_set_client = utf8 */;
CREATE TABLE `sys_ruleset_fact` (
  `ruleset` varchar(50) NOT NULL,
  `rulefact` varchar(50) NOT NULL,
  PRIMARY KEY (`ruleset`,`rulefact`),
  KEY `rulefact` (`rulefact`),
  CONSTRAINT `sys_ruleset_fact_ibfk_2` FOREIGN KEY (`ruleset`) REFERENCES `sys_ruleset` (`name`)
) ENGINE=InnoDB DEFAULT CHARSET=utf8;
/*!40101 SET character_set_client = @saved_cs_client */;

--
-- Dumping data for table `sys_ruleset_fact`
--

LOCK TABLES `sys_ruleset_fact` WRITE;
/*!40000 ALTER TABLE `sys_ruleset_fact` DISABLE KEYS */;
INSERT INTO `sys_ruleset_fact` VALUES ('bpbilling','RULFACT-1f3e2b64:14230dd8f62:-7dd8'),('bpbilling','RULFACT-1f3e2b64:14230dd8f62:-7e29'),('bpbilling','RULFACT-1f3e2b64:14230dd8f62:-7eb6'),('bpassessment','RULFACT-26aa09fd:1419696e71f:-7feb'),('bpbilling','RULFACT-26aa09fd:1419696e71f:-7feb'),('bpinfo','RULFACT-26aa09fd:1419696e71f:-7feb'),('bprequirement','RULFACT-26aa09fd:1419696e71f:-7feb'),('bpbilling','RULFACT-46f22f55:14231734d86:-7eca'),('bpassessment','RULFACT-76732870:14196dc4027:-7f87'),('bpbilling','RULFACT-76732870:14196dc4027:-7f87'),('bpinfo','RULFACT-76732870:14196dc4027:-7f87'),('bprequirement','RULFACT-76732870:14196dc4027:-7f87'),('bpassessment','RULFACT-bad19b4:141f3c18435:-7fa9'),('bpinfo','RULFACT-bad19b4:141f3c18435:-7fa9'),('bprequirement','RULFACT-bad19b4:141f3c18435:-7fa9'),('bpbilling','RULFACT-fd57605:142324ab5d2:-7f33'),('bpbilling','RULFACT-fd840f:146ad32de46:-735f'),('bpassessment','RULFACT2e8bac67:1422b41d3b3:-7f64'),('bpbilling','RULFACT2e8bac67:1422b41d3b3:-7f64'),('bpassessment','RULFACT3a2b180:142b73535d5:-7fb1'),('bpassessment','RULFACT4a03cdfb:141f9a6dc3c:-784a'),('bpassessment','RULFACT4ca00100:141fe894560:-7d8e'),('bpassessment','RULFACT4ca00100:141fe894560:-7e3f'),('bpassessment','RULFACT682fd2e6:145de99014c:-7f3e'),('bpinfo','RULFACT682fd2e6:145de99014c:-7f3e'),('bprequirement','RULFACT682fd2e6:145de99014c:-7f3e'),('bpassessment','RULFACT72bb01b1:141b1fdca80:-7f86'),('bpbilling','RULFACT7ee0ab5e:141b6a15885:-7ff1'),('bpbilling','RULFACTe058e4:1481f37895f:-720c');
/*!40000 ALTER TABLE `sys_ruleset_fact` ENABLE KEYS */;
UNLOCK TABLES;

--
-- Table structure for table `sys_script`
--

DROP TABLE IF EXISTS `sys_script`;
/*!40101 SET @saved_cs_client     = @@character_set_client */;
/*!40101 SET character_set_client = utf8 */;
CREATE TABLE `sys_script` (
  `name` varchar(50) NOT NULL,
  `title` longblob,
  `content` longtext,
  `category` varchar(20) DEFAULT NULL,
  `dtcreated` datetime DEFAULT NULL,
  `createdby` varchar(50) DEFAULT NULL,
  PRIMARY KEY (`name`)
) ENGINE=InnoDB DEFAULT CHARSET=utf8;
/*!40101 SET character_set_client = @saved_cs_client */;

--
-- Dumping data for table `sys_script`
--

LOCK TABLES `sys_script` WRITE;
/*!40000 ALTER TABLE `sys_script` DISABLE KEYS */;
/*!40000 ALTER TABLE `sys_script` ENABLE KEYS */;
UNLOCK TABLES;

--
-- Table structure for table `sys_securitygroup`
--

DROP TABLE IF EXISTS `sys_securitygroup`;
/*!40101 SET @saved_cs_client     = @@character_set_client */;
/*!40101 SET character_set_client = utf8 */;
CREATE TABLE `sys_securitygroup` (
  `objid` varchar(100) NOT NULL,
  `name` varchar(50) DEFAULT NULL,
  `usergroup_objid` varchar(50) DEFAULT NULL,
  `exclude` longtext,
  PRIMARY KEY (`objid`),
  KEY `FK_sys_securitygroup_usergroup` (`usergroup_objid`),
  CONSTRAINT `sys_securitygroup_ibfk_1` FOREIGN KEY (`usergroup_objid`) REFERENCES `sys_usergroup` (`objid`)
) ENGINE=InnoDB DEFAULT CHARSET=utf8;
/*!40101 SET character_set_client = @saved_cs_client */;

--
-- Dumping data for table `sys_securitygroup`
--

LOCK TABLES `sys_securitygroup` WRITE;
/*!40000 ALTER TABLE `sys_securitygroup` DISABLE KEYS */;
/*!40000 ALTER TABLE `sys_securitygroup` ENABLE KEYS */;
UNLOCK TABLES;

--
-- Table structure for table `sys_sequence`
--

DROP TABLE IF EXISTS `sys_sequence`;
/*!40101 SET @saved_cs_client     = @@character_set_client */;
/*!40101 SET character_set_client = utf8 */;
CREATE TABLE `sys_sequence` (
  `objid` varchar(100) NOT NULL,
  `nextSeries` int(11) DEFAULT NULL,
  PRIMARY KEY (`objid`)
) ENGINE=InnoDB DEFAULT CHARSET=utf8;
/*!40101 SET character_set_client = @saved_cs_client */;

--
-- Dumping data for table `sys_sequence`
--

LOCK TABLES `sys_sequence` WRITE;
/*!40000 ALTER TABLE `sys_sequence` DISABLE KEYS */;
/*!40000 ALTER TABLE `sys_sequence` ENABLE KEYS */;
UNLOCK TABLES;

--
-- Table structure for table `sys_session`
--

DROP TABLE IF EXISTS `sys_session`;
/*!40101 SET @saved_cs_client     = @@character_set_client */;
/*!40101 SET character_set_client = utf8 */;
CREATE TABLE `sys_session` (
  `sessionid` varchar(50) NOT NULL,
  `userid` varchar(50) DEFAULT NULL,
  `username` varchar(50) DEFAULT NULL,
  `clienttype` varchar(12) DEFAULT NULL,
  `accesstime` datetime DEFAULT NULL,
  `accessexpiry` datetime DEFAULT NULL,
  `timein` datetime DEFAULT NULL,
  `terminalid` varchar(50) DEFAULT NULL,
  PRIMARY KEY (`sessionid`),
  KEY `ix_timein` (`timein`),
  KEY `ix_userid` (`userid`),
  KEY `ix_username` (`username`)
) ENGINE=InnoDB DEFAULT CHARSET=utf8;
/*!40101 SET character_set_client = @saved_cs_client */;

--
-- Dumping data for table `sys_session`
--

LOCK TABLES `sys_session` WRITE;
/*!40000 ALTER TABLE `sys_session` DISABLE KEYS */;
/*!40000 ALTER TABLE `sys_session` ENABLE KEYS */;
UNLOCK TABLES;

--
-- Table structure for table `sys_session_log`
--

DROP TABLE IF EXISTS `sys_session_log`;
/*!40101 SET @saved_cs_client     = @@character_set_client */;
/*!40101 SET character_set_client = utf8 */;
CREATE TABLE `sys_session_log` (
  `sessionid` varchar(50) NOT NULL,
  `userid` varchar(50) DEFAULT NULL,
  `username` varchar(50) DEFAULT NULL,
  `clienttype` varchar(12) DEFAULT NULL,
  `accesstime` datetime DEFAULT NULL,
  `accessexpiry` datetime DEFAULT NULL,
  `timein` datetime DEFAULT NULL,
  `timeout` datetime DEFAULT NULL,
  `state` varchar(10) DEFAULT NULL,
  `terminalid` varchar(50) DEFAULT NULL,
  PRIMARY KEY (`sessionid`),
  KEY `ix_timein` (`timein`),
  KEY `ix_timeout` (`timeout`),
  KEY `ix_userid` (`userid`),
  KEY `ix_username` (`username`)
) ENGINE=InnoDB DEFAULT CHARSET=utf8;
/*!40101 SET character_set_client = @saved_cs_client */;

--
-- Dumping data for table `sys_session_log`
--

LOCK TABLES `sys_session_log` WRITE;
/*!40000 ALTER TABLE `sys_session_log` DISABLE KEYS */;
/*!40000 ALTER TABLE `sys_session_log` ENABLE KEYS */;
UNLOCK TABLES;

--
-- Table structure for table `sys_terminal`
--

DROP TABLE IF EXISTS `sys_terminal`;
/*!40101 SET @saved_cs_client     = @@character_set_client */;
/*!40101 SET character_set_client = utf8 */;
CREATE TABLE `sys_terminal` (
  `terminalid` varchar(50) NOT NULL,
  `parentid` varchar(50) DEFAULT NULL,
  `parentcode` varchar(50) DEFAULT NULL,
  `parenttype` varchar(50) DEFAULT NULL,
  `macaddress` varchar(50) DEFAULT NULL,
  `dtregistered` datetime DEFAULT NULL,
  `registeredby` varchar(50) DEFAULT NULL,
  `info` longtext,
  `state` int(11) DEFAULT NULL,
  PRIMARY KEY (`terminalid`)
) ENGINE=InnoDB DEFAULT CHARSET=utf8;
/*!40101 SET character_set_client = @saved_cs_client */;

--
-- Dumping data for table `sys_terminal`
--

LOCK TABLES `sys_terminal` WRITE;
/*!40000 ALTER TABLE `sys_terminal` DISABLE KEYS */;
INSERT INTO `sys_terminal` VALUES ('T001',NULL,NULL,NULL,NULL,NULL,NULL,NULL,NULL),('T002',NULL,NULL,NULL,NULL,NULL,NULL,NULL,NULL),('T003',NULL,NULL,NULL,NULL,NULL,NULL,NULL,NULL);
/*!40000 ALTER TABLE `sys_terminal` ENABLE KEYS */;
UNLOCK TABLES;

--
-- Table structure for table `sys_user`
--

DROP TABLE IF EXISTS `sys_user`;
/*!40101 SET @saved_cs_client     = @@character_set_client */;
/*!40101 SET character_set_client = utf8 */;
CREATE TABLE `sys_user` (
  `objid` varchar(50) NOT NULL,
  `state` varchar(15) DEFAULT NULL,
  `dtcreated` datetime DEFAULT NULL,
  `createdby` varchar(50) DEFAULT NULL,
  `username` varchar(50) DEFAULT NULL,
  `pwd` varchar(50) DEFAULT NULL,
  `firstname` varchar(50) DEFAULT NULL,
  `lastname` varchar(50) DEFAULT NULL,
  `middlename` varchar(50) DEFAULT NULL,
  `name` varchar(50) DEFAULT NULL,
  `jobtitle` varchar(50) DEFAULT NULL,
  `pwdlogincount` int(11) DEFAULT NULL,
  `pwdexpirydate` datetime DEFAULT NULL,
  `usedpwds` longtext,
  `lockid` varchar(32) DEFAULT NULL,
  `txncode` varchar(10) DEFAULT NULL,
  PRIMARY KEY (`objid`),
  UNIQUE KEY `uix_username` (`username`),
  KEY `ix_lastname_firstname` (`lastname`,`firstname`),
  KEY `ix_name` (`name`)
) ENGINE=InnoDB DEFAULT CHARSET=utf8;
/*!40101 SET character_set_client = @saved_cs_client */;

--
-- Dumping data for table `sys_user`
--

LOCK TABLES `sys_user` WRITE;
/*!40000 ALTER TABLE `sys_user` DISABLE KEYS */;
INSERT INTO `sys_user` VALUES ('USR-ADMIN',NULL,NULL,NULL,'ADMIN','557a4295dcca1a044b690f8b6486f33d','ADMIN','ADMIN','.','ADMIN, ADMIN .','ADMIN',0,'2050-06-09 15:34:43','e320774659b1b23333bd033754d2ac1a',NULL,NULL);
/*!40000 ALTER TABLE `sys_user` ENABLE KEYS */;
UNLOCK TABLES;

--
-- Temporary table structure for view `sys_user_role`
--

DROP TABLE IF EXISTS `sys_user_role`;
/*!50001 DROP VIEW IF EXISTS `sys_user_role`*/;
SET @saved_cs_client     = @@character_set_client;
SET character_set_client = utf8;
/*!50001 CREATE TABLE `sys_user_role` (
  `objid` tinyint NOT NULL,
  `lastname` tinyint NOT NULL,
  `firstname` tinyint NOT NULL,
  `middlename` tinyint NOT NULL,
  `username` tinyint NOT NULL,
  `name` tinyint NOT NULL,
  `role` tinyint NOT NULL,
  `domain` tinyint NOT NULL,
  `orgid` tinyint NOT NULL,
  `txncode` tinyint NOT NULL,
  `jobtitle` tinyint NOT NULL,
  `usergroupmemberid` tinyint NOT NULL,
  `usergroup_objid` tinyint NOT NULL,
  `respcenter_objid` tinyint NOT NULL,
  `respcenter_name` tinyint NOT NULL
) ENGINE=MyISAM */;
SET character_set_client = @saved_cs_client;

--
-- Table structure for table `sys_usergroup`
--

DROP TABLE IF EXISTS `sys_usergroup`;
/*!40101 SET @saved_cs_client     = @@character_set_client */;
/*!40101 SET character_set_client = utf8 */;
CREATE TABLE `sys_usergroup` (
  `objid` varchar(50) NOT NULL,
  `title` varchar(255) DEFAULT NULL,
  `domain` varchar(25) DEFAULT NULL,
  `userclass` varchar(25) DEFAULT NULL,
  `orgclass` varchar(50) DEFAULT NULL,
  `role` varchar(50) DEFAULT NULL,
  PRIMARY KEY (`objid`)
) ENGINE=InnoDB DEFAULT CHARSET=utf8;
/*!40101 SET character_set_client = @saved_cs_client */;

--
-- Dumping data for table `sys_usergroup`
--

LOCK TABLES `sys_usergroup` WRITE;
/*!40000 ALTER TABLE `sys_usergroup` DISABLE KEYS */;
INSERT INTO `sys_usergroup` VALUES ('ADMIN.NOTIFICATION','SYSTEM ADMINISTRATOR','ADMIN','usergroup',NULL,'NOTIFICATION'),('ADMIN.SYSADMIN','SYSTEM ADMINISTRATOR','ADMIN','usergroup',NULL,'SYSADMIN'),('BPLS.ADMIN','BPLS ADMINISTRATOR','BPLS','usergroup',NULL,'ADMIN'),('BPLS.APPROVER','BUSINESS APPROVER','BPLS','usergroup',NULL,'APPROVER'),('BPLS.ASSESSOR','BPLS ASSESSOR','BPLS','usergroup',NULL,'ASSESSOR'),('BPLS.BUSINESSINFO','BUSINESS INFORMATION','BPLS','usergroup',NULL,'BUSINESSINFO'),('BPLS.CAPTURE_ENCODER','BPLS CAPTURE ENCODER','BPLS','usergroup',NULL,'CAPTURE_ENCODER'),('BPLS.LICENSING','BPLS LICENSING','BPLS','usergroup',NULL,'LICENSING'),('BPLS.MASTER','BPLS MASTER','BPLS','usergroup',NULL,'MASTER'),('BPLS.REPORT','BPLS REPORT','BPLS','usergroup',NULL,'REPORT'),('BPLS.RULE_AUTHOR','BPLS RULE AUTHOR','BPLS','usergroup',NULL,'RULE_AUTHOR'),('BPLS.SHARED','BPLS SHARED','BPLS','usergroup',NULL,'SHARED'),('DEVELOPER.REPORT','SYSTEM ADMINISTRATOR','DEVELOPER','usergroup',NULL,'REPORT'),('ENTERPRISE.MASTER','ENTERPRISE MASTER','ENTERPRISE','usergroup',NULL,'MASTER'),('ENTITY.ADMIN','ENTITY ADMIN','ENTITY','usergroup',NULL,'ADMIN'),('ENTITY.APPROVER','ENTITY APPROVER','ENTITY','usergroup',NULL,'APPROVER'),('ENTITY.MASTER','ENTITY MASTER','ENTITY','usergroup',NULL,'MASTER'),('EPAYMENT.MASTER','EPAYMENT MASTER','EPAYMENT',NULL,NULL,'MASTER'),('FINANCIAL.ADMIN','FINANCIAL ADMIN','FINANCIAL','usergroup',NULL,'ADMIN'),('FINANCIAL.MASTER','FINANCIAL MASTER','FINANCIAL','usergroup',NULL,'MASTER'),('FINANCIAL.REPORT','FINANCIAL REPORT','FINANCIAL','usergroup',NULL,'REPORT'),('LANDTAX.ADMIN','ADMIN','LANDTAX',NULL,NULL,'ADMIN'),('LANDTAX.LANDTAX','LANDTAX LANDTAX','LANDTAX','usergroup',NULL,'LANDTAX'),('LANDTAX.LANDTAX_SHARED','SHARED','LANDTAX',NULL,NULL,'SHARED'),('LANDTAX.RECORD','RECORD','LANDTAX',NULL,NULL,'RECORD'),('LANDTAX.RECORD_APPROVER','RECORD APPROVER','LANDTAX',NULL,NULL,'RECORD_APPROVER'),('LANDTAX.REPORT','REPORT','LANDTAX',NULL,NULL,'REPORT'),('LANDTAX.RULE_AUTHOR','RULE AUTHOR','LANDTAX',NULL,NULL,'RULE_AUTHOR'),('QUEUE.ADMIN','QUEUE ADMIN','QUEUE',NULL,NULL,'ADMIN'),('QUEUE.USER','QUEUE USER','QUEUE',NULL,NULL,'USER'),('RPT.ADMIN','ADMIN','RPT',NULL,NULL,'ADMIN'),('RPT.APPRAISAL_CHIEF','APPRAISAL DIVISION CHIEF','RPT','usergroup',NULL,'APPRAISAL_CHIEF'),('RPT.APPRAISER','APPRAISER','RPT','usergroup',NULL,'APPRAISER'),('RPT.APPROVER','APPROVER','RPT','usergroup',NULL,'APPROVER'),('RPT.ASSESSOR','ASSESSOR','RPT','usergroup',NULL,'ASSESSOR'),('RPT.ASSESSOR_DATAMGMT','ASSESSOR DATA MANAGEMENT','RPT','usergroup',NULL,'ASSESSOR_DATAMGMT'),('RPT.ASSESSOR_REPORT','ASSESSOR REPORT','RPT','usergroup',NULL,'ASSESSOR_REPORT'),('RPT.ASSESSOR_SHARED','ASSESSOR SHARED','RPT','usergroup',NULL,'ASSESSOR_SHARED'),('RPT.ASSISTANT_ASSESSOR','ASSISTANT ASSESSOR','RPT','usergroup',NULL,'ASSISTANT_ASSESSOR'),('RPT.CERTIFICATION_ISSUER','CERTIFICATION_ISSUER','RPT','usergroup',NULL,'CERTIFICATION_ISSUER'),('RPT.ENCODER','ENCODER','RPT',NULL,NULL,'ENCODER'),('RPT.ENCODING_APPROVER','ENCODING_APPROVER','RPT',NULL,NULL,'ENCODING_APPROVER'),('RPT.EXAMINER','EXAMINER','RPT','usergroup',NULL,'EXAMINER'),('RPT.LANDTAX','LANDTAX','RPT','usergroup',NULL,'LANDTAX'),('RPT.LANDTAX_DATAMGMT','LANDTAX DATA MANAGEMENT','RPT','usergroup',NULL,'LANDTAX_DATAMGMT'),('RPT.LANDTAX_REPORT','LANDTAX REPORT','RPT','usergroup',NULL,'LANDTAX_REPORT'),('RPT.LANDTAX_SHARED','LANDTAX SHARED','RPT','usergroup',NULL,'LANDTAX_SHARED'),('RPT.MANAGEMENT','MANAGEMENT','RPT',NULL,NULL,'MANAGEMENT'),('RPT.MASTER','MASTER','RPT','usergroup',NULL,'MASTER'),('RPT.MUNICIPAL_ASSESSOR','MUNICIPAL ASSESSOR','RPT','usergroup',NULL,'MUNICIPAL_ASSESSOR'),('RPT.PROVINCIAL_ASSESSOR','PROVINCIAL ASSESSOR','RPT','usergroup','','PROVINCIAL_ASSESSOR'),('RPT.RECEIVER','RECEIVER','RPT',NULL,NULL,'RECEIVER'),('RPT.RECOMMENDER','RECOMMENDER','RPT','usergroup',NULL,'RECOMMENDER'),('RPT.RECORD','RECORD','RPT','usergroup',NULL,'RECORD'),('RPT.RECORD_APPROVER','RPT RECORD_APPROVER','RPT',NULL,NULL,'RECORD_APPROVER'),('RPT.REPORT','REPORT','RPT','usergroup',NULL,'REPORT'),('RPT.RULE_AUTHOR','RULE AUTHOR','RPT','usergroup',NULL,'RULE_AUTHOR'),('RPT.SHARED','RPT SHARED','RPT',NULL,NULL,'SHARED'),('RPT.TAXMAPPER','TAXMAPPER','RPT','usergroup',NULL,'TAXMAPPER'),('RPT.TAXMAPPER_CHIEF','TAXMAPPER DIVISION CHIEF','RPT','usergroup',NULL,'TAXMAPPER_CHIEF'),('RULEMGMT.DEV','RULEMGMT DEV','RULEMGMT','usergroup',NULL,'DEV'),('SIGNATORYTEMPLATE.MASTER','SIGNATORYTEMPLATE MASTER','SIGNATORYTEMPLATE','usergroup',NULL,'MASTER'),('TREASURY.ADMIN','TREASURY ADMIN','TREASURY','usergroup',NULL,'ADMIN'),('TREASURY.AFO','ACCOUNTABLE FORM OFFICER','TREASURY','usergroup',NULL,'AFO'),('TREASURY.APPROVER','TREASURY APPROVER','TREASURY','usergroup',NULL,'APPROVER'),('TREASURY.CASHIER','CASHIER','TREASURY','usergroup',NULL,'CASHIER'),('TREASURY.COLLECTOR','COLLECTOR','TREASURY','usergroup',NULL,'COLLECTOR'),('TREASURY.DATA_CONTROLLER','TREASURY DATA CONTROLLER','TREASURY','usergroup',NULL,'DATA_CONTROLLER'),('TREASURY.LIQUIDATING_OFFICER','LIQUIDATING OFFICER','TREASURY','usergroup',NULL,'LIQUIDATING_OFFICER'),('TREASURY.MASTER','TREASURY MASTER','TREASURY','usergroup',NULL,'MASTER'),('TREASURY.REPORT','TREASURY REPORT','TREASURY','usergroup',NULL,'REPORT'),('TREASURY.RIS_APPROVER','TREASURY RIS_APPROVER','TREASURY','usergroup',NULL,'RIS_APPROVER'),('TREASURY.RULE_AUTHOR','TREASURY RULE AUTHOR','TREASURY','userclass',NULL,'RULE_AUTHOR'),('TREASURY.SHARED','TREASURY SHARED','TREASURY','usergroup',NULL,'SHARED'),('TREASURY.SUBCOLLECTOR','SUBCOLLECTOR','TREASURY','usergroup',NULL,'SUBCOLLECTOR'),('WORKFLOW.ADMIN','WORKFLOW ADMIN','WORKFLOW','usergroup',NULL,'ADMIN'),('WORKFLOW.DEV','WORKFLOW DEV','WORKFLOW','usergroup',NULL,'DEV');
/*!40000 ALTER TABLE `sys_usergroup` ENABLE KEYS */;
UNLOCK TABLES;

--
-- Table structure for table `sys_usergroup_admin`
--

DROP TABLE IF EXISTS `sys_usergroup_admin`;
/*!40101 SET @saved_cs_client     = @@character_set_client */;
/*!40101 SET character_set_client = utf8 */;
CREATE TABLE `sys_usergroup_admin` (
  `objid` varchar(50) NOT NULL,
  `usergroupid` varchar(50) DEFAULT NULL,
  `user_objid` varchar(50) DEFAULT NULL,
  `user_username` varchar(50) DEFAULT NULL,
  `user_firstname` varchar(50) NOT NULL,
  `user_lastname` varchar(50) DEFAULT NULL,
  `exclude` varchar(255) DEFAULT NULL,
  PRIMARY KEY (`objid`),
  KEY `usergroupid` (`usergroupid`),
  KEY `FK_sys_usergroup_admin` (`user_objid`),
  CONSTRAINT `sys_usergroup_admin_ibfk_1` FOREIGN KEY (`user_objid`) REFERENCES `sys_user` (`objid`),
  CONSTRAINT `sys_usergroup_admin_ibfk_2` FOREIGN KEY (`usergroupid`) REFERENCES `sys_usergroup` (`objid`)
) ENGINE=InnoDB DEFAULT CHARSET=utf8;
/*!40101 SET character_set_client = @saved_cs_client */;

--
-- Dumping data for table `sys_usergroup_admin`
--

LOCK TABLES `sys_usergroup_admin` WRITE;
/*!40000 ALTER TABLE `sys_usergroup_admin` DISABLE KEYS */;
/*!40000 ALTER TABLE `sys_usergroup_admin` ENABLE KEYS */;
UNLOCK TABLES;

--
-- Table structure for table `sys_usergroup_member`
--

DROP TABLE IF EXISTS `sys_usergroup_member`;
/*!40101 SET @saved_cs_client     = @@character_set_client */;
/*!40101 SET character_set_client = utf8 */;
CREATE TABLE `sys_usergroup_member` (
  `objid` varchar(50) NOT NULL,
  `state` varchar(10) DEFAULT NULL,
  `usergroup_objid` varchar(50) DEFAULT NULL,
  `user_objid` varchar(50) NOT NULL,
  `user_username` varchar(50) DEFAULT NULL,
  `user_firstname` varchar(50) NOT NULL,
  `user_lastname` varchar(50) NOT NULL,
  `org_objid` varchar(50) DEFAULT NULL,
  `org_name` varchar(50) DEFAULT NULL,
  `org_orgclass` varchar(50) DEFAULT NULL,
  `securitygroup_objid` varchar(50) DEFAULT NULL,
  `exclude` varchar(255) DEFAULT NULL,
  `displayname` varchar(50) DEFAULT NULL,
  `jobtitle` varchar(50) DEFAULT NULL,
  PRIMARY KEY (`objid`),
  KEY `usergroup_objid` (`usergroup_objid`),
  KEY `FK_sys_usergroup_member` (`user_objid`),
  KEY `FK_sys_usergroup_member_org` (`org_objid`),
  KEY `FK_sys_usergroup_member_securitygorup` (`securitygroup_objid`),
  KEY `ix_user_firstname` (`user_firstname`),
  KEY `ix_user_lastname_firstname` (`user_lastname`,`user_firstname`),
  KEY `ix_username` (`user_username`),
  CONSTRAINT `sys_usergroup_member_ibfk_1` FOREIGN KEY (`user_objid`) REFERENCES `sys_user` (`objid`),
  CONSTRAINT `sys_usergroup_member_ibfk_2` FOREIGN KEY (`org_objid`) REFERENCES `sys_org` (`objid`),
  CONSTRAINT `sys_usergroup_member_ibfk_3` FOREIGN KEY (`securitygroup_objid`) REFERENCES `sys_securitygroup` (`objid`),
  CONSTRAINT `sys_usergroup_member_ibfk_4` FOREIGN KEY (`usergroup_objid`) REFERENCES `sys_usergroup` (`objid`)
) ENGINE=InnoDB DEFAULT CHARSET=utf8;
/*!40101 SET character_set_client = @saved_cs_client */;

--
-- Dumping data for table `sys_usergroup_member`
--

LOCK TABLES `sys_usergroup_member` WRITE;
/*!40000 ALTER TABLE `sys_usergroup_member` DISABLE KEYS */;
INSERT INTO `sys_usergroup_member` VALUES ('UGM-3a127f07:158fb7bfb39:-766e',NULL,'FINANCIAL.REPORT','USR-ADMIN','ADMIN','ADMIN','ADMIN',NULL,NULL,NULL,NULL,NULL,NULL,NULL),('UGM-3a127f07:158fb7bfb39:-7703',NULL,'TREASURY.SUBCOLLECTOR','USR-ADMIN','ADMIN','ADMIN','ADMIN',NULL,NULL,NULL,NULL,NULL,NULL,NULL),('UGM-3a127f07:158fb7bfb39:-7722',NULL,'TREASURY.SHARED','USR-ADMIN','ADMIN','ADMIN','ADMIN',NULL,NULL,NULL,NULL,NULL,NULL,NULL),('UGM-3a127f07:158fb7bfb39:-7741',NULL,'TREASURY.REPORT','USR-ADMIN','ADMIN','ADMIN','ADMIN',NULL,NULL,NULL,NULL,NULL,NULL,NULL),('UGM-3a127f07:158fb7bfb39:-7760',NULL,'TREASURY.MASTER','USR-ADMIN','ADMIN','ADMIN','ADMIN',NULL,NULL,NULL,NULL,NULL,NULL,NULL),('UGM-3a127f07:158fb7bfb39:-779e',NULL,'TREASURY.DATA_CONTROLLER','USR-ADMIN','ADMIN','ADMIN','ADMIN',NULL,NULL,NULL,NULL,NULL,NULL,NULL),('UGM-3a127f07:158fb7bfb39:-77bd',NULL,'TREASURY.COLLECTOR','USR-ADMIN','ADMIN','ADMIN','ADMIN',NULL,NULL,NULL,NULL,NULL,NULL,NULL),('UGM-3a127f07:158fb7bfb39:-781a',NULL,'RPT.MASTER','USR-ADMIN','ADMIN','ADMIN','ADMIN',NULL,NULL,NULL,NULL,NULL,NULL,NULL),('UGM-3a127f07:158fb7bfb39:-7848',NULL,'RPT.ADMIN','USR-ADMIN','ADMIN','ADMIN','ADMIN',NULL,NULL,NULL,NULL,NULL,NULL,NULL),('UGM-3a127f07:158fb7bfb39:-788c',NULL,'LANDTAX.LANDTAX','USR-ADMIN','ADMIN','ADMIN','ADMIN',NULL,NULL,NULL,NULL,NULL,NULL,NULL),('UGM-3a127f07:158fb7bfb39:-78ab',NULL,'LANDTAX.REPORT','USR-ADMIN','ADMIN','ADMIN','ADMIN',NULL,NULL,NULL,NULL,NULL,NULL,NULL),('UGM-3a127f07:158fb7bfb39:-78cc',NULL,'LANDTAX.RULE_AUTHOR','USR-ADMIN','ADMIN','ADMIN','ADMIN',NULL,NULL,NULL,NULL,NULL,NULL,NULL),('UGM-3a127f07:158fb7bfb39:-790a',NULL,'BPLS.ASSESSOR','USR-ADMIN','ADMIN','ADMIN','ADMIN',NULL,NULL,NULL,NULL,NULL,NULL,NULL),('UGM-3a127f07:158fb7bfb39:-7948',NULL,'BPLS.BUSINESSINFO','USR-ADMIN','ADMIN','ADMIN','ADMIN',NULL,NULL,NULL,NULL,NULL,NULL,NULL),('UGM-3a127f07:158fb7bfb39:-7967',NULL,'BPLS.LICENSING','USR-ADMIN','ADMIN','ADMIN','ADMIN',NULL,NULL,NULL,NULL,NULL,NULL,NULL),('UGM-3a127f07:158fb7bfb39:-7986',NULL,'BPLS.MASTER','USR-ADMIN','ADMIN','ADMIN','ADMIN',NULL,NULL,NULL,NULL,NULL,NULL,NULL),('UGM-3a127f07:158fb7bfb39:-79a5',NULL,'BPLS.APPROVER','USR-ADMIN','ADMIN','ADMIN','ADMIN',NULL,NULL,NULL,NULL,NULL,NULL,NULL),('UGM-3a127f07:158fb7bfb39:-79c4',NULL,'ENTERPRISE.MASTER','USR-ADMIN','ADMIN','ADMIN','ADMIN',NULL,NULL,NULL,NULL,NULL,NULL,NULL),('UGM-3a127f07:158fb7bfb39:-79e3',NULL,'ENTITY.APPROVER','USR-ADMIN','ADMIN','ADMIN','ADMIN',NULL,NULL,NULL,NULL,NULL,NULL,NULL),('UGM-3a127f07:158fb7bfb39:-7a03',NULL,'ENTITY.ADMIN','USR-ADMIN','ADMIN','ADMIN','ADMIN',NULL,NULL,NULL,NULL,NULL,NULL,NULL),('UGM-51cf983:15798b81fa8:-7e30',NULL,'DEVELOPER.REPORT','USR-ADMIN','ADMIN','ADMIN','ADMIN',NULL,NULL,NULL,NULL,NULL,NULL,NULL),('UGM-5efaf218:158d81a2e88:-72f1',NULL,'ENTITY.MASTER','USR-ADMIN','ADMIN','ADMIN','ADMIN',NULL,NULL,NULL,NULL,NULL,NULL,NULL),('UGM-7816b251:15d83fa11f8:-7da7',NULL,'RPT.LANDTAX_DATAMGMT','USR-ADMIN','ADMIN','ADMIN','ADMIN',NULL,NULL,NULL,NULL,NULL,NULL,NULL),('UGM-7ff98853ae86915eff8cb86625477d50',NULL,'FINANCIAL.MASTER','USR-ADMIN','ADMIN','ADMIN','ADMIN',NULL,NULL,NULL,NULL,NULL,NULL,NULL),('UGM-ADMIN-BPLS-0001',NULL,'BPLS.ADMIN','USR-ADMIN','ADMIN','ADMIN','ADMIN',NULL,NULL,NULL,NULL,NULL,NULL,NULL),('UGM-ADMIN-BPLS-0002',NULL,'BPLS.RULE_AUTHOR','USR-ADMIN','ADMIN','ADMIN','ADMIN',NULL,NULL,NULL,NULL,NULL,NULL,NULL),('UGM-ADMIN-RPT-0001',NULL,'LANDTAX.ADMIN','USR-ADMIN','ADMIN','ADMIN','ADMIN',NULL,NULL,NULL,NULL,NULL,NULL,NULL),('UGM-ADMIN-RPT-0002',NULL,'RPT.RULE_AUTHOR','USR-ADMIN','ADMIN','ADMIN','ADMIN',NULL,NULL,NULL,NULL,NULL,NULL,NULL),('UGM-ADMIN-SYS-0001',NULL,'ADMIN.SYSADMIN','USR-ADMIN','ADMIN','ADMIN','ADMIN',NULL,NULL,NULL,NULL,NULL,NULL,NULL),('UGM-ADMIN-SYS-0002',NULL,'ADMIN.NOTIFICATION','USR-ADMIN','ADMIN','ADMIN','ADMIN',NULL,NULL,NULL,NULL,NULL,NULL,NULL),('UGM141e0ee3:15d8792cecc:-6d5e',NULL,'LANDTAX.RECORD_APPROVER','USR-ADMIN','ADMIN','ADMIN','ADMIN',NULL,NULL,NULL,NULL,NULL,NULL,NULL),('UGM141e0ee3:15d8792cecc:-6d86',NULL,'LANDTAX.RECORD','USR-ADMIN','ADMIN','ADMIN','ADMIN',NULL,NULL,NULL,NULL,NULL,NULL,NULL),('UGM141e0ee3:15d8792cecc:-6dad',NULL,'LANDTAX.LANDTAX_SHARED','USR-ADMIN','ADMIN','ADMIN','ADMIN',NULL,NULL,NULL,NULL,NULL,NULL,NULL),('UGM3b4ca7f4:15798b6c087:-7e23',NULL,'BPLS.REPORT','USR-ADMIN','ADMIN','ADMIN','ADMIN',NULL,NULL,NULL,NULL,NULL,NULL,NULL),('UGM3b4ca7f4:15798b6c087:-7e4a',NULL,'BPLS.SHARED','USR-ADMIN','ADMIN','ADMIN','ADMIN',NULL,NULL,NULL,NULL,NULL,NULL,NULL),('UGM537c8c6b:158d6f237ce:-6f11',NULL,'RULEMGMT.DEV','USR-ADMIN','ADMIN','ADMIN','ADMIN',NULL,NULL,NULL,NULL,NULL,NULL,NULL),('UGM537c8c6b:158d6f237ce:-7111',NULL,'WORKFLOW.DEV','USR-ADMIN','ADMIN','ADMIN','ADMIN',NULL,NULL,NULL,NULL,NULL,NULL,NULL),('UGM537c8c6b:158d6f237ce:-7130',NULL,'WORKFLOW.ADMIN','USR-ADMIN','ADMIN','ADMIN','ADMIN',NULL,NULL,NULL,NULL,NULL,NULL,NULL),('UGM75b9f1df:15d86a24d75:-7056',NULL,'RPT.ASSESSOR_SHARED','USR-ADMIN','ADMIN','ADMIN','ADMIN',NULL,NULL,NULL,NULL,NULL,NULL,NULL),('UGM75b9f1df:15d86a24d75:-707c',NULL,'RPT.ENCODING_APPROVER','USR-ADMIN','ADMIN','ADMIN','ADMIN',NULL,NULL,NULL,NULL,NULL,NULL,NULL),('UGM75b9f1df:15d86a24d75:-70a2',NULL,'RPT.ENCODER','USR-ADMIN','ADMIN','ADMIN','ADMIN',NULL,NULL,NULL,NULL,NULL,NULL,NULL),('UGM75b9f1df:15d86a24d75:-7555',NULL,'RPT.SHARED','USR-ADMIN','ADMIN','ADMIN','ADMIN',NULL,NULL,NULL,NULL,NULL,NULL,NULL),('UGM7a30d550:1578ecb22fe:-796a',NULL,'FINANCIAL.MASTER','USR-ADMIN','ADMIN','ADMIN','ADMIN',NULL,NULL,NULL,NULL,NULL,NULL,NULL);
/*!40000 ALTER TABLE `sys_usergroup_member` ENABLE KEYS */;
UNLOCK TABLES;

--
-- Table structure for table `sys_usergroup_permission`
--

DROP TABLE IF EXISTS `sys_usergroup_permission`;
/*!40101 SET @saved_cs_client     = @@character_set_client */;
/*!40101 SET character_set_client = utf8 */;
CREATE TABLE `sys_usergroup_permission` (
  `objid` varchar(100) NOT NULL,
  `usergroup_objid` varchar(50) DEFAULT NULL,
  `object` varchar(25) DEFAULT NULL,
  `permission` varchar(25) DEFAULT NULL,
  `title` varchar(50) DEFAULT NULL,
  PRIMARY KEY (`objid`),
  KEY `FK_sys_usergroup_permission_usergroup` (`usergroup_objid`),
  CONSTRAINT `sys_usergroup_permission_ibfk_1` FOREIGN KEY (`usergroup_objid`) REFERENCES `sys_usergroup` (`objid`),
  CONSTRAINT `sys_usergroup_permission_ibfk_2` FOREIGN KEY (`usergroup_objid`) REFERENCES `sys_usergroup` (`objid`)
) ENGINE=InnoDB DEFAULT CHARSET=utf8;
/*!40101 SET character_set_client = @saved_cs_client */;

--
-- Dumping data for table `sys_usergroup_permission`
--

LOCK TABLES `sys_usergroup_permission` WRITE;
/*!40000 ALTER TABLE `sys_usergroup_permission` DISABLE KEYS */;
INSERT INTO `sys_usergroup_permission` VALUES ('BPLS-BUSINESSINFO-captureBusiness','BPLS.BUSINESSINFO','business','capture','Capture'),('ENTITY-MASTER-createIndividual','ENTITY.MASTER','entityindividual','create','Create'),('ENTITY-MASTER-createJuridical','ENTITY.MASTER','entityjuridical','create','Create'),('ENTITY-MASTER-createMultiple','ENTITY.MASTER','entitymultiple','create','Create'),('ENTITY-MASTER-deleteIndividual','ENTITY.MASTER','entityindividual','delete','Delete'),('ENTITY-MASTER-deleteJuridical','ENTITY.MASTER','entityjuridical','delete','Delete'),('ENTITY-MASTER-deleteMultiple','ENTITY.MASTER','entitymultiple','delete','Delete'),('ENTITY-MASTER-editIndividual','ENTITY.MASTER','entityindividual','edit','Edit'),('ENTITY-MASTER-editJuridical','ENTITY.MASTER','entityjuridical','edit','Edit'),('ENTITY-MASTER-editMultiple','ENTITY.MASTER','entitymultiple','edit','Edit'),('ENTITY-MASTER-editname','ENTITY.MASTER','entityindividual','editname','Edit Name'),('ENTITY-MASTER-openIndividual','ENTITY.MASTER','entityindividual','open','Open'),('ENTITY-MASTER-openJuridical','ENTITY.MASTER','entityjuridical','open','Open'),('ENTITY-MASTER-openMultiple','ENTITY.MASTER','entitymultiple','open','Open'),('LANDTAX.ADMIN-add_new_ledger_faas','LANDTAX.ADMIN','rptledger','add_new_ledger_faas','Add New Ledger FAAS'),('LANDTAX.ADMIN-change_faas_reference','LANDTAX.ADMIN','rptledger','change_faas_reference','Change FAAS Reference'),('LANDTAX.ADMIN-fix_ledger_faas','LANDTAX.ADMIN','rptledger','fix_ledger_faas','Fix Ledger FAAS'),('LANDTAX.REPORT.restricted-property.generate','LANDTAX.REPORT','restricted-property','generate','Generate List of Restricted Properties'),('PER-41ea09c:157ef7851c2:-7df4','RPT.MANAGEMENT','report','txn-monitoring','Transaction Monitoring'),('RPT-ANNOTATION-C','RPT.APPRAISER','annotation','create','create'),('RPT-ANNOTATION-R','RPT.APPRAISER','annotation','read','read'),('RPT-BILLING-C','RPT.LANDTAX','rptbilling','create','create'),('RPT-CANCELANNOTATION-C','RPT.APPRAISER','cancelannotation','create','create'),('RPT-CANCELFAAS-C','RPT.APPRAISER','cancelfaas','create','create'),('RPT-CERTICICATION-LE','RPT.CERTIFICATION_ISSUER','certification','latestandexisting','latestandexisting'),('RPT-CERTIFICATION-LH','RPT.CERTIFICATION_ISSUER','certification','landholding','landholding'),('RPT-CERTIFICATION-MP','RPT.CERTIFICATION_ISSUER','certification','multipleproperty','multipleproperty'),('RPT-CERTIFICATION-NE','RPT.CERTIFICATION_ISSUER','certification','noencumbrance','noencumbrance'),('RPT-CERTIFICATION-NP','RPT.CERTIFICATION_ISSUER','certification','noproperty','noproperty'),('RPT-CERTIFICATION-OWN','RPT.CERTIFICATION_ISSUER','certification','ownership','ownership'),('RPT-CERTIFICATION-TDT','RPT.CERTIFICATION_ISSUER','certification','tdtruecopy','tdtruecopy'),('RPT-CS-C','RPT.APPRAISER','consolidation','create','create'),('RPT-CS-D','RPT.APPRAISER','consolidation','delete','delete'),('RPT-CS-R','RPT.APPRAISER','consolidation','read','read'),('RPT-CS-U','RPT.APPRAISER','consolidation','edit','edit'),('RPT-FA-C','RPT.APPRAISER','annotation','create','create'),('RPT-FA-D','RPT.APPRAISER','annotation','delete','delete'),('RPT-FA-R','RPT.APPRAISER','annotation','read','read'),('RPT-FA-U','RPT.APPRAISER','annotation','edit','edit'),('RPT-FAAS-APPROVER-A','RPT.APPROVER','faas','approve','approve'),('RPT-FAAS-APPROVER-D','RPT.APPROVER','faas','disapprove','disapprove'),('RPT-FAAS-C-CC','RPT.APPRAISER','faas','createChangeClassificatio','createChangeClassificatio'),('RPT-FAAS-C-CD','RPT.APPRAISER','faas','createChangeDepreciation','createChangeDepreciation'),('RPT-FAAS-C-CE','RPT.APPRAISER','faas','createCorrection','createCorrection'),('RPT-FAAS-C-CT','RPT.APPRAISER','faas','createChangeTaxability','createChangeTaxability'),('RPT-FAAS-C-DC','RPT.APPRAISER','faas','createDataCapture','createDataCapture'),('RPT-FAAS-C-GR','RPT.APPRAISER','faas','createGeneralRevision','createGeneralRevision'),('RPT-FAAS-C-MC','RPT.APPRAISER','faas','createMultipleClaim','createMultipleClaim'),('RPT-FAAS-C-ND','RPT.APPRAISER','faas','createNewDiscovery','createNewDiscovery'),('RPT-FAAS-C-RE','RPT.APPRAISER','faas','createReassessment','createReassessment'),('RPT-FAAS-C-TR','RPT.APPRAISER','faas','createTransfer','createTransfer'),('RPT-FAAS-D','RPT.APPRAISER','faas','delete','delete'),('RPT-FAAS-E','RPT.APPRAISER','faas','edit','edit'),('RPT-FAAS-R','RPT.APPRAISER','faas','read','read'),('RPT-FAAS-REC-A','RPT.RECOMMENDER','faas','approve','approve'),('RPT-FAAS-REC-D','RPT.RECOMMENDER','faas','disapprove','disapprove'),('RPT-FAAS-REC-S','RPT.RECOMMENDER','faas','submitToProvince','submitToProvince'),('RPT-FAAS-S','RPT.APPRAISER','faas','submit','submit'),('RPT-FAASUPDATE-C','RPT.APPRAISER','faasupdate','create','create'),('RPT-GR-BATCH','RPT.ASSESSOR','batchgr','create','create'),('RPT-LEDGER-A','RPT.LANDTAX','rptledger','approve','approve'),('RPT-LEDGER-C','RPT.LANDTAX','rptledger','capturepayment','capturepayment'),('RPT-LEDGER-CHANGESTATE','RPT.LANDTAX','rptledger','changestate','changestate'),('RPT-LEDGER-E','RPT.LANDTAX','rptledger','edit','edit'),('RPT-LEDGER-FL','RPT.LANDTAX','rptledger','fixledger','fixledger'),('RPT-LEDGER-LS','LANDTAX.LANDTAX_SHARED','rptledger','list','list'),('RPT-LEDGER-PP','LANDTAX.LANDTAX','rptledger','postpayment','postpayment'),('RPT-LEDGER-R','LANDTAX.LANDTAX','rptledger','read','read'),('RPT-NA-C','RPT.APPRAISER','noticeofassessment','create','create'),('RPT-NA-R','RPT.APPRAISER','noticeofassessment','read','read'),('RPT-RESECTION-C','RPT.APPRAISER','resection','create','create'),('RPT-RESECTION-D','RPT.APPRAISER','resection','delete','delete'),('RPT-RESECTION-E','RPT.APPRAISER','resection','edit','edit'),('RPT-RESECTION-S','RPT.APPRAISER','resection','submit','submit'),('RPT-SD-C','RPT.APPRAISER','subdivision','create','create'),('RPT-SD-D','RPT.APPRAISER','subdivision','delete','delete'),('RPT-SD-R','RPT.APPRAISER','subdivision','read','read'),('RPT-SD-S','RPT.APPRAISER','subdivision','submit','submit'),('RPT-SD-U','RPT.APPRAISER','subdivision','edit','edit'),('RPT-TAXCLEARANCE-C','RPT.LANDTAX','taxclearance','create','create'),('RPT-UTIL-MODIFYPIN','RPT.APPRAISER','util','modifypin','modifypin'),('RPT.MASTER-approve','RPT.MASTER','master','approve','Approve Memoranda Template'),('RPT.MASTER-bldgkind-create','RPT.MASTER','bldgkind','create','Create Kind of Building'),('RPT.MASTER-bldgkind-delete','RPT.MASTER','bldgkind','delete','Delete Kind of Building'),('RPT.MASTER-bldgkind-edit','RPT.MASTER','bldgkind','edit','Edit Kind of Building'),('RPT.MASTER-bldgkind-read','RPT.MASTER','bldgkind','read','Open Kind of Building'),('RPT.MASTER-classification-create','RPT.MASTER','propertyclassification','create','Create Property Classification'),('RPT.MASTER-classification-delete','RPT.MASTER','propertyclassification','delete','Delete Property Classification'),('RPT.MASTER-classification-edit','RPT.MASTER','propertyclassification','edit','Edit Property Classification'),('RPT.MASTER-classification-read','RPT.MASTER','propertyclassification','read','Open Property Classification'),('RPT.MASTER-disapprove','RPT.MASTER','master','disapprove','Disapprove Memoranda Template'),('RPT.MASTER-exemptiontype-create','RPT.MASTER','exemptiontype','create','Create Exemption Type'),('RPT.MASTER-exemptiontype-delete','RPT.MASTER','exemptiontype','delete','Delete Exemption Type'),('RPT.MASTER-exemptiontype-edit','RPT.MASTER','exemptiontype','edit','Edit Exemption Type'),('RPT.MASTER-exemptiontype-read','RPT.MASTER','exemptiontype','read','Open Exemption Type'),('RPT.MASTER-export','RPT.MASTER','master','export','Export Master Files'),('RPT.MASTER-faastxntype-edit','RPT.MASTER','faastxntype','edit','Edit Transaction Types'),('RPT.MASTER-faastxntype-read','RPT.MASTER','faastxntype','read','Open Transaction Types'),('RPT.MASTER-import','RPT.MASTER','master','import','Import Master Files'),('RPT.MASTER-landspecificclass-create','RPT.MASTER','landspecificclass','create','Create Land Specific Class'),('RPT.MASTER-landspecificclass-delete','RPT.MASTER','landspecificclass','delete','Delete Land Specific Class'),('RPT.MASTER-landspecificclass-edit','RPT.MASTER','landspecificclass','edit','Edit Land Specific Class'),('RPT.MASTER-landspecificclass-read','RPT.MASTER','landspecificclass','read','Open Land Specific Class'),('RPT.MASTER-machine-create','RPT.MASTER','machine','create','Create Machine'),('RPT.MASTER-machine-delete','RPT.MASTER','machine','delete','Delete Machine'),('RPT.MASTER-machine-edit','RPT.MASTER','machine','edit','Edit Machine'),('RPT.MASTER-machine-read','RPT.MASTER','machine','read','Open Machine'),('RPT.MASTER-material-create','RPT.MASTER','material','create','Create Material'),('RPT.MASTER-material-delete','RPT.MASTER','material','delete','Delete Material'),('RPT.MASTER-material-edit','RPT.MASTER','material','edit','Edit Material'),('RPT.MASTER-material-read','RPT.MASTER','material','read','Open Material'),('RPT.MASTER-memoranda-create','RPT.MASTER','rptis_memoranda_template','create','Create Memoranda Template'),('RPT.MASTER-memoranda-delete','RPT.MASTER','rptis_memoranda_template','delete','Delete Memoranda Template'),('RPT.MASTER-memoranda-edit','RPT.MASTER','rptis_memoranda_template','edit','Edit Memoranda Template'),('RPT.MASTER-memoranda-read','RPT.MASTER','rptis_memoranda_template','read','Open Memoranda Template'),('RPT.MASTER-miscitem-create','RPT.MASTER','miscitem','create','Create Miscellaneous Item'),('RPT.MASTER-miscitem-delete','RPT.MASTER','miscitem','delete','Delete Miscellaneous Item'),('RPT.MASTER-miscitem-edit','RPT.MASTER','miscitem','edit','Edit Miscellaneous Item'),('RPT.MASTER-miscitem-read','RPT.MASTER','miscitem','read','Open Miscellaneous Item'),('RPT.MASTER-plant-create','RPT.MASTER','planttree','create','Create Plant/Tree'),('RPT.MASTER-plant-delete','RPT.MASTER','planttree','delete','Delete Plant/Tree'),('RPT.MASTER-plant-edit','RPT.MASTER','planttree','edit','Edit Plant/Tree'),('RPT.MASTER-plant-read','RPT.MASTER','planttree','read','Open Plant/Tree'),('RPT.MASTER-requirementtype-create','RPT.MASTER','requirementtype','create','Create Requirement Type'),('RPT.MASTER-requirementtype-delete','RPT.MASTER','requirementtype','delete','Delete Requirement Type'),('RPT.MASTER-requirementtype-edit','RPT.MASTER','requirementtype','edit','Edit Requirement Type'),('RPT.MASTER-requirementtype-read','RPT.MASTER','requirementtype','read','Open Requirement Type'),('RPT.MASTER-rptparameter-create','RPT.MASTER','rptparameter','create','Create Parameter'),('RPT.MASTER-rptparameter-delete','RPT.MASTER','rptparameter','delete','Delete Parameter'),('RPT.MASTER-rptparameter-edit','RPT.MASTER','rptparameter','edit','Edit Parameter'),('RPT.MASTER-rptparameter-read','RPT.MASTER','rptparameter','read','Open Parameter'),('RPT.MASTER-structure-create','RPT.MASTER','structure','create','Create Structure'),('RPT.MASTER-structure-delete','RPT.MASTER','structure','delete','Delete Structure'),('RPT.MASTER-structure-edit','RPT.MASTER','structure','edit','Edit Structure'),('RPT.MASTER-structure-read','RPT.MASTER','structure','read','Open Structure'),('RPT.MASTER-sync','RPT.MASTER','master','sync','Synchronize Master Files'),('RPT.MASTER-viewlist','RPT.MASTER','master','viewlist','View Master Files'),('RPT.REPORT-faas-titled-report-viewreport','RPT.REPORT','faas-titled-report','viewreport','View Report'),('SUBCOLLECTOR-DISAPPROVED','TREASURY.SUBCOLLECTOR','batchcapture','disapprove','disapprove'),('SUBCOLLECTOR-POST','TREASURY.SUBCOLLECTOR','batchcapture','post','post'),('TREASURY-ADMIN-receipt-void','TREASURY.ADMIN','receipt','void','Void Receipt'),('TREASURY-AFO-afserial-forward','TREASURY.AFO','afserial','forward','Forward'),('TREASURY-AFO-cashticket-forward','TREASURY.AFO','cashticket','forward','Forward'),('TREASURY-COLLECTOR','TREASURY.COLLECTOR','receipt','online','online'),('TREASURY-COLLECTOR-receipt-void','TREASURY.COLLECTOR','receipt','void','Void Receipt'),('TREASURY-DATA_CONTROLLER-batchcapture-manage','TREASURY.DATA_CONTROLLER','batchcapture','manage','Manage Batch Capture'),('TREASURY-LIQUIDATING_OFFICER','TREASURY.LIQUIDATING_OFFICER','cashbook','list','list'),('TREASURY-MASTER-createbank','TREASURY.MASTER','bank','create','Create'),('TREASURY-MASTER-createcashbook','TREASURY.MASTER','cashbook','create','Create'),('TREASURY-MASTER-createcollectiongroup','TREASURY.MASTER','collectiongroup','create','Create'),('TREASURY-MASTER-createcollectiontype','TREASURY.MASTER','collectiontype','create','Create'),('TREASURY-MASTER-createFund','TREASURY.MASTER','fund','create','Create'),('TREASURY-MASTER-createRevenueItem','TREASURY.MASTER','revenueitem','create','Create'),('TREASURY-MASTER-createsreaccount','TREASURY.MASTER','sreaccount','create','Create'),('TREASURY-MASTER-deletebank','TREASURY.MASTER','bank','delete','Delete'),('TREASURY-MASTER-deletecashbook','TREASURY.MASTER','cashbook','delete','Delete'),('TREASURY-MASTER-deletecollectiongroup','TREASURY.MASTER','collectiongroup','delete','Delete'),('TREASURY-MASTER-deletecollectiontype','TREASURY.MASTER','collectiontype','delete','Delete'),('TREASURY-MASTER-deleteFund','TREASURY.MASTER','fund','delete','Delete'),('TREASURY-MASTER-deleteRevenueItem','TREASURY.MASTER','revenueitem','delete','Delete'),('TREASURY-MASTER-deletesreaccount','TREASURY.MASTER','sreaccount','delete','Delete'),('TREASURY-MASTER-editbank','TREASURY.MASTER','bank','edit','Edit'),('TREASURY-MASTER-editcashbook','TREASURY.MASTER','cashbook','edit','Edit'),('TREASURY-MASTER-editcollectiongroup','TREASURY.MASTER','collectiongroup','edit','Edit'),('TREASURY-MASTER-editcollectiontype','TREASURY.MASTER','collectiontype','edit','Edit'),('TREASURY-MASTER-editFund','TREASURY.MASTER','fund','edit','Edit'),('TREASURY-MASTER-editRevenueItem','TREASURY.MASTER','revenueitem','edit','Edit'),('TREASURY-MASTER-editsreaccount','TREASURY.MASTER','sreaccount','edit','Edit'),('TREASURY-MASTER-openbank','TREASURY.MASTER','bank','open','Open'),('TREASURY-MASTER-opencashbook','TREASURY.MASTER','cashbook','open','Open'),('TREASURY-MASTER-opencollectiongroup','TREASURY.MASTER','collectiongroup','open','Open'),('TREASURY-MASTER-opencollectiontype','TREASURY.MASTER','collectiontype','open','Open'),('TREASURY-MASTER-openFund','TREASURY.MASTER','fund','open','Open'),('TREASURY-MASTER-openRevenueItem','TREASURY.MASTER','revenueitem','open','Open'),('TREASURY-MASTER-opensreaccount','TREASURY.MASTER','sreaccount','open','Open'),('TREASURY-MASTER-viewbank','TREASURY.MASTER','bank','view','View'),('TREASURY-MASTER-viewcashbook','TREASURY.MASTER','cashbook','view','View'),('TREASURY-MASTER-viewcollectiongroup','TREASURY.MASTER','collectiongroup','view','View'),('TREASURY-MASTER-viewcollectiontype','TREASURY.MASTER','collectiontype','view','View'),('TREASURY-MASTER-viewFund','TREASURY.MASTER','fund','view','View'),('TREASURY-MASTER-viewRevenueItem','TREASURY.MASTER','revenueitem','view','View'),('TREASURY-MASTER-viewsreaccount','TREASURY.MASTER','sreaccount','view','View'),('TREASURY-REPORT-collectionbyfund-viewreport','TREASURY.REPORT','collectionbyfund','viewreport','View Report'),('TREASURY-REPORT-directtocash-viewreport','TREASURY.REPORT','directtocash','viewreport','View Report'),('TREASURY-REPORT-srs-viewreport','TREASURY.REPORT','srs','viewreport','View Report'),('TREASURY-REPORT-statementofrevenue-viewreport','TREASURY.REPORT','statementofrevenue','viewreport','View Report'),('TREASURY-SHARED-bankdeposit-view','TREASURY.SHARED','bankdeposit','view','View List'),('TREASURY-SHARED-liquidation-view','TREASURY.SHARED','liquidation','view','View List'),('TREASURY-SHARED-remittance-view','TREASURY.SHARED','remittance','view','View List'),('TREASURY-SUBCOLLECTOR-receipt-void','TREASURY.SUBCOLLECTOR','receipt','void','Void Receipt'),('TREASURY.ADMIN.checkpayment_dishonored.view','TREASURY.ADMIN','checkpayment_dishonored','view','View Dishonored Checks'),('TREASURY.CASHIER.checkpayment_dishonored.view','TREASURY.CASHIER','checkpayment_dishonored','view','View Dishonored Checks'),('TREASURY.COLLECTOR.cashreceipt.convertCashToCheck','TREASURY.COLLECTOR','cashreceipt','convertCashToCheck','Convert Cash To Check'),('TREASURY.COLLECTOR.cashreceipt.convertCheckToCash','TREASURY.COLLECTOR','cashreceipt','convertCheckToCash','Convert Check To Cash'),('TREASURY.SHARED.checkpayment_dishonored.view','TREASURY.SHARED','checkpayment_dishonored','view','View Dishonored Checks'),('TREASURY.SUBCOLLECTOR.cashreceipt.convertCashToCheck','TREASURY.SUBCOLLECTOR','cashreceipt','convertCashToCheck','Convert Cash To Check'),('TREASURY.SUBCOLLECTOR.cashreceipt.convertCheckToCash','TREASURY.SUBCOLLECTOR','cashreceipt','convertCheckToCash','Convert Check To Cash'),('USRGRPPERMS-4bed8ed4:1679ca684b3:-7510','TREASURY.APPROVER','cashreceipt','approve_void','Void Cash Receipt'),('USRGRPPERMS-4bed8ed4:1679ca684b3:-759f','TREASURY.APPROVER','cashreceipt','approve_reprint','Reprint Cash Receipt');
/*!40000 ALTER TABLE `sys_usergroup_permission` ENABLE KEYS */;
UNLOCK TABLES;

--
-- Table structure for table `sys_var`
--

DROP TABLE IF EXISTS `sys_var`;
/*!40101 SET @saved_cs_client     = @@character_set_client */;
/*!40101 SET character_set_client = utf8 */;
CREATE TABLE `sys_var` (
  `name` varchar(50) NOT NULL,
  `value` longtext,
  `description` varchar(255) DEFAULT NULL,
  `datatype` varchar(15) DEFAULT NULL,
  `category` varchar(50) DEFAULT NULL,
  PRIMARY KEY (`name`)
) ENGINE=InnoDB DEFAULT CHARSET=utf8;
/*!40101 SET character_set_client = @saved_cs_client */;

--
-- Dumping data for table `sys_var`
--

LOCK TABLES `sys_var` WRITE;
/*!40000 ALTER TABLE `sys_var` DISABLE KEYS */;
INSERT INTO `sys_var` VALUES ('allow_consolidation_with_balance','false',NULL,'checkbox','ASSESSOR'),('allow_faas_transaction_with_balance','false',NULL,'checkbox','ASSESSOR'),('allow_general_collection_discount','0',NULL,'boolean','TC'),('allow_multiple_open_liquidation','1',NULL,NULL,NULL),('allow_subdivision_with_balance','false',NULL,'checkbox','ASSESSOR'),('assttreasurername','-',NULL,NULL,NULL),('assttreasurertitle','-',NULL,NULL,NULL),('bldg_rpu_auto_depreciate','0',NULL,NULL,'ASSESSOR'),('ctc_brgyshare','0.50','CTC Barangay Share',NULL,'CTC'),('current_ry','2017',NULL,'integer','ASSESSOR'),('deposit_collection_by_bank_account','0','Deposit collection by bank account instead of by fund','checkbox','TC'),('deposit_print_date','0',NULL,NULL,'TC'),('faas_affected_rpu_txntype_dp','0','Set affected improvements FAAS txntype to DP e.g. SD and CS','checkbox','ASSESSOR'),('faas_datacapture_allow_edit_av','0',NULL,'checkbox','ASSESSOR'),('faas_formalize_owner_name','0','Formalize Owner Name upon lookup','checkbox','ASSESSOR'),('faas_land_auto_agricultural_adjustment','1','Land RPU Auto Adjustment','checkbox','ASSESSOR'),('faas_transaction_process_as_capture','0','Allow processing of online transaction as data capture','checkbox','ASSESSOR'),('gr_ordinance_no','2017-37',NULL,'text','ASSESSOR'),('gr_renumber_pin','0',NULL,'checkbox','ASSESSOR'),('gr_td_autonumber','true',NULL,'checkbox','ASSESSOR'),('invalid_login_access_date_interval','1m','number of hours/days access date is moved when failed_login_max_retries is reached( d=days, h=hours)',NULL,NULL),('invalid_login_action','1','0 - suspend 1-move access to a later date',NULL,NULL),('invalid_login_max_retries','5','No. of times a user can retry login before disabling account',NULL,NULL),('landtax_certifiedby','-',NULL,'text','LANDTAX'),('landtax_certifiedby_title','ASST. PROVINCIAL TREASURER - OPERATION',NULL,'text','LANDTAX'),('liquidate_remittance_as_of_date','1','Liquidate Remittance up to date','checkbox','TC'),('liquidation_report_show_accountable_forms','0','Show Accoutable Forms in RCD Liquidation Report ',NULL,'TC'),('pin_autonumber','0',NULL,'checkbox','ASSESSOR'),('pin_type','new','PIN Formatting Type valid values: old or new','text','ASSESSOR'),('pwd_change_cycle','1','No. of times the user cannot use a repeating password',NULL,'SYSTEM'),('pwd_change_date_interval','365M','No. of days/months before a user is required to change their password (d=days, M=months)',NULL,'SYSTEM'),('pwd_change_login_count','0','No. of times a user has successfully logged in before changing their password. (0=no limit) ',NULL,'SYSTEM'),('receipt_item_printout_count','10',NULL,NULL,'SYSTEM'),('rptbilling_assessed_value_fact_years','2002,2013',NULL,NULL,'LANDTAX'),('rptledger_post_ledgerfaas_by_actualuse','0','Post by Ledger FAAS by actual use','checkbox','LANDTAX'),('rptledger_rule_include_ledger_faases','0','Include Ledger FAASes as rule facts','checkbox','LANDTAX'),('rpt_round_to_ten_item_assessed_value','0',NULL,'checkbox','ASSESSOR'),('ry_ordinance_no','2017-37',NULL,NULL,'ASSESSOR'),('sangguinan_name','SANGGUNIANG PANLALAWIGAN','sangguinian name','text','ASSESSOR'),('sa_pwd','ba4d084b31b41fbe55302c0429d93c81',NULL,NULL,NULL),('secretary_name',NULL,NULL,NULL,NULL),('secretary_title',NULL,NULL,NULL,NULL),('server_timezone','Asia/Shanghai','this must be matched with default timezone of server',NULL,NULL),('session_timeout_interval','1d ','expiry dates of inactive session (d=days, h=hours)',NULL,'SYSTEM'),('subdivision_allow_equal_area_only','false','Allow Subdivision with equal area only ','checkbox','ASSESSOR'),('system_pwd','!1234#','system password',NULL,'SYSTEM'),('td_autonumber','true',NULL,'checkbox','ASSESSOR'),('td_autonumber_sequence_count','5',NULL,'integer','ASSESSOR'),('td_format','Y-M-B','Tax Declaration No. format. Options: Y- revision year, M-municipality index, C - city index, D-district index, B=-barangay index','text','ASSESSOR'),('td_report_display_appraisedby','0',NULL,'checkbox','ASSESSOR'),('td_report_display_recommendedby','0','Display Recommended by ',NULL,'ASSESSOR'),('td_report_item_format','BLGF','Valid Values: BLGF or MODIFIED','text','ASSESSOR'),('td_show_landinfo_on_improvements','1','Show the land information such as boundary etc in the improvement tax declaration. Options: 1 - show; 0 - hide','checkbox','ASSESSOR');
/*!40000 ALTER TABLE `sys_var` ENABLE KEYS */;
UNLOCK TABLES;

--
-- Table structure for table `sys_wf`
--

DROP TABLE IF EXISTS `sys_wf`;
/*!40101 SET @saved_cs_client     = @@character_set_client */;
/*!40101 SET character_set_client = utf8 */;
CREATE TABLE `sys_wf` (
  `name` varchar(50) NOT NULL,
  `title` varchar(100) DEFAULT NULL,
  `domain` varchar(50) DEFAULT NULL,
  PRIMARY KEY (`name`)
) ENGINE=InnoDB DEFAULT CHARSET=utf8;
/*!40101 SET character_set_client = @saved_cs_client */;

--
-- Dumping data for table `sys_wf`
--

LOCK TABLES `sys_wf` WRITE;
/*!40000 ALTER TABLE `sys_wf` DISABLE KEYS */;
INSERT INTO `sys_wf` VALUES ('business_application','Business Application Workflow',NULL);
/*!40000 ALTER TABLE `sys_wf` ENABLE KEYS */;
UNLOCK TABLES;

--
-- Table structure for table `sys_wf_assignee`
--

DROP TABLE IF EXISTS `sys_wf_assignee`;
/*!40101 SET @saved_cs_client     = @@character_set_client */;
/*!40101 SET character_set_client = utf8 */;
CREATE TABLE `sys_wf_assignee` (
  `objid` varchar(50) NOT NULL,
  `processname` varchar(50) DEFAULT NULL,
  `state` varchar(50) DEFAULT NULL,
  `domain` varchar(50) DEFAULT NULL,
  `role` varchar(50) DEFAULT NULL,
  `user_objid` varchar(50) DEFAULT NULL,
  `expr` varchar(255) DEFAULT NULL,
  PRIMARY KEY (`objid`)
) ENGINE=InnoDB DEFAULT CHARSET=utf8;
/*!40101 SET character_set_client = @saved_cs_client */;

--
-- Dumping data for table `sys_wf_assignee`
--

LOCK TABLES `sys_wf_assignee` WRITE;
/*!40000 ALTER TABLE `sys_wf_assignee` DISABLE KEYS */;
/*!40000 ALTER TABLE `sys_wf_assignee` ENABLE KEYS */;
UNLOCK TABLES;

--
-- Table structure for table `sys_wf_node`
--

DROP TABLE IF EXISTS `sys_wf_node`;
/*!40101 SET @saved_cs_client     = @@character_set_client */;
/*!40101 SET character_set_client = utf8 */;
CREATE TABLE `sys_wf_node` (
  `name` varchar(50) NOT NULL,
  `processname` varchar(50) NOT NULL DEFAULT '',
  `title` varchar(100) DEFAULT NULL,
  `nodetype` varchar(10) DEFAULT NULL,
  `idx` int(11) NOT NULL,
  `salience` int(11) DEFAULT NULL,
  `domain` varchar(50) DEFAULT NULL,
  `role` varchar(255) DEFAULT NULL,
  `properties` text,
  `ui` text,
  `tracktime` int(11) DEFAULT NULL,
  PRIMARY KEY (`name`,`processname`)
) ENGINE=InnoDB DEFAULT CHARSET=utf8;
/*!40101 SET character_set_client = @saved_cs_client */;

--
-- Dumping data for table `sys_wf_node`
--

LOCK TABLES `sys_wf_node` WRITE;
/*!40000 ALTER TABLE `sys_wf_node` DISABLE KEYS */;
INSERT INTO `sys_wf_node` VALUES ('approval','business_application','Approval','state',6,0,'BPLS','APPROVER',NULL,NULL,NULL),('assessment','business_application','Assessment','state',4,100,'BPLS','ASSESSOR',NULL,NULL,NULL),('assign-assessor','business_application','Assign Assessor','state',2,0,'BPLS','ASSESSOR',NULL,NULL,NULL),('end','business_application','end','end',10,0,'BPLS',NULL,NULL,NULL,NULL),('payment','business_application','For Payment','state',8,0,'BPLS','APPROVER',NULL,NULL,NULL),('reassessment','business_application','Reassessment','state',7,0,'BPLS','ASSESSOR',NULL,NULL,NULL),('release','business_application','For Release','state',9,0,'BPLS','LICENSING',NULL,NULL,NULL),('start','business_application','Start','start',0,0,'BPLS',NULL,NULL,NULL,NULL);
/*!40000 ALTER TABLE `sys_wf_node` ENABLE KEYS */;
UNLOCK TABLES;

--
-- Table structure for table `sys_wf_subtask`
--

DROP TABLE IF EXISTS `sys_wf_subtask`;
/*!40101 SET @saved_cs_client     = @@character_set_client */;
/*!40101 SET character_set_client = utf8 */;
CREATE TABLE `sys_wf_subtask` (
  `objid` varchar(50) NOT NULL DEFAULT '',
  `taskid` varchar(50) DEFAULT NULL,
  `requester_objid` varchar(50) DEFAULT NULL,
  `requester_name` varchar(100) DEFAULT NULL,
  `requestdate` datetime DEFAULT NULL,
  `startdate` datetime DEFAULT NULL,
  `enddate` datetime DEFAULT NULL,
  `assignee_objid` varchar(50) DEFAULT NULL,
  `assignee_name` varchar(100) DEFAULT NULL,
  `actor_objid` varchar(50) DEFAULT NULL,
  `actor_name` varchar(100) DEFAULT NULL,
  `remarks` varchar(255) DEFAULT NULL,
  `message` varchar(255) DEFAULT NULL,
  `action` varchar(50) DEFAULT NULL,
  PRIMARY KEY (`objid`),
  KEY `FK_sys_wf_subtask_sys_wf_task` (`taskid`),
  CONSTRAINT `FK_sys_wf_subtask_sys_wf_task` FOREIGN KEY (`taskid`) REFERENCES `sys_wf_task` (`objid`)
) ENGINE=InnoDB DEFAULT CHARSET=utf8;
/*!40101 SET character_set_client = @saved_cs_client */;

--
-- Dumping data for table `sys_wf_subtask`
--

LOCK TABLES `sys_wf_subtask` WRITE;
/*!40000 ALTER TABLE `sys_wf_subtask` DISABLE KEYS */;
/*!40000 ALTER TABLE `sys_wf_subtask` ENABLE KEYS */;
UNLOCK TABLES;

--
-- Table structure for table `sys_wf_task`
--

DROP TABLE IF EXISTS `sys_wf_task`;
/*!40101 SET @saved_cs_client     = @@character_set_client */;
/*!40101 SET character_set_client = utf8 */;
CREATE TABLE `sys_wf_task` (
  `objid` varchar(50) NOT NULL DEFAULT '',
  `refid` varchar(50) DEFAULT NULL,
  `parentprocessid` varchar(50) DEFAULT NULL,
  `state` varchar(50) DEFAULT NULL,
  `startdate` datetime DEFAULT NULL,
  `enddate` datetime DEFAULT NULL,
  `assignee_objid` varchar(50) DEFAULT NULL,
  `assignee_name` varchar(100) DEFAULT NULL,
  `actor_objid` varchar(50) DEFAULT NULL,
  `actor_name` varchar(100) DEFAULT NULL,
  `message` varchar(255) DEFAULT NULL,
  PRIMARY KEY (`objid`)
) ENGINE=InnoDB DEFAULT CHARSET=utf8;
/*!40101 SET character_set_client = @saved_cs_client */;

--
-- Dumping data for table `sys_wf_task`
--

LOCK TABLES `sys_wf_task` WRITE;
/*!40000 ALTER TABLE `sys_wf_task` DISABLE KEYS */;
/*!40000 ALTER TABLE `sys_wf_task` ENABLE KEYS */;
UNLOCK TABLES;

--
-- Table structure for table `sys_wf_transition`
--

DROP TABLE IF EXISTS `sys_wf_transition`;
/*!40101 SET @saved_cs_client     = @@character_set_client */;
/*!40101 SET character_set_client = utf8 */;
CREATE TABLE `sys_wf_transition` (
  `parentid` varchar(50) NOT NULL DEFAULT '',
  `processname` varchar(50) NOT NULL DEFAULT '',
  `action` varchar(50) NOT NULL DEFAULT '',
  `to` varchar(50) NOT NULL,
  `idx` int(11) DEFAULT NULL,
  `eval` mediumtext,
  `properties` varchar(255) DEFAULT NULL,
  `permission` varchar(255) DEFAULT NULL,
  `caption` varchar(255) DEFAULT NULL,
  `ui` text,
  PRIMARY KEY (`parentid`,`processname`,`to`,`action`),
  CONSTRAINT `FK_sys_wf_transition_wf_node` FOREIGN KEY (`parentid`, `processname`) REFERENCES `sys_wf_node` (`name`, `processname`)
) ENGINE=InnoDB DEFAULT CHARSET=utf8;
/*!40101 SET character_set_client = @saved_cs_client */;

--
-- Dumping data for table `sys_wf_transition`
--

LOCK TABLES `sys_wf_transition` WRITE;
/*!40000 ALTER TABLE `sys_wf_transition` DISABLE KEYS */;
INSERT INTO `sys_wf_transition` VALUES ('approval','business_application','submit','payment',0,NULL,'[\n  caption:\"Approve For Payment\",\n  icon:\"approve\",\n  confirm: \'You are about to submit this for payment. Proceed?\'\n]',NULL,NULL,NULL),('approval','business_application','return-assessment','reassessment',1,NULL,'[\n   caption:\"Return to assessment\",\n   icon: \"return\",\n   messagehandler: \'default\'	\n]',NULL,NULL,NULL),('assessment','business_application','submit','approval',NULL,NULL,'[\n   caption: \'Submit for Approval\',\n   icon: \'approve\',\n   messagehandler: \'default\'	 	\n]',NULL,NULL,NULL),('assign-assessor','business_application','','assessment',NULL,NULL,'[\n   caption:\"Assign To Me\",\n   icon: \"approve\"\n]',NULL,NULL,NULL),('payment','business_application','reverse-approval','approval',2,NULL,'[caption:\'Reverse Approval\']',NULL,NULL,NULL),('payment','business_application','revert','payment',2,NULL,'[caption:\'Reverse Payment\', visible:false]',NULL,NULL,NULL),('payment','business_application','release','release',1,NULL,'[visible:false]',NULL,NULL,NULL),('reassessment','business_application','','approval',NULL,NULL,'[\n  caption:\"Submit for Approval\",\n  messagehandler: \'default\'	\n]',NULL,NULL,NULL),('release','business_application','submit','end',2,NULL,'[\ncaption:\'Release\', \nconfirm: \'You are about to release this application. Proceed?\'\n]',NULL,NULL,NULL),('release','business_application','revert','payment',3,NULL,'[caption:\'Return to Assessor\', messagehandler:\'default\']',NULL,NULL,NULL),('start','business_application','','assign-assessor',1,NULL,NULL,NULL,NULL,NULL);
/*!40000 ALTER TABLE `sys_wf_transition` ENABLE KEYS */;
UNLOCK TABLES;

--
-- Table structure for table `sys_wf_workitemtype`
--

DROP TABLE IF EXISTS `sys_wf_workitemtype`;
/*!40101 SET @saved_cs_client     = @@character_set_client */;
/*!40101 SET character_set_client = utf8 */;
CREATE TABLE `sys_wf_workitemtype` (
  `objid` varchar(50) NOT NULL DEFAULT '',
  `name` varchar(50) NOT NULL,
  `state` varchar(50) NOT NULL DEFAULT '',
  `processname` varchar(50) NOT NULL,
  `title` varchar(100) DEFAULT NULL,
  `action` varchar(50) DEFAULT NULL,
  `domain` varchar(50) DEFAULT NULL,
  `role` varchar(50) DEFAULT NULL,
  `expr` varchar(255) DEFAULT NULL,
  `handler` varchar(50) DEFAULT NULL,
  PRIMARY KEY (`name`,`state`,`processname`),
  KEY `FK_sys_wf_subtasktype_node` (`state`,`processname`),
  CONSTRAINT `FK_sys_wf_subtasktype_node` FOREIGN KEY (`state`, `processname`) REFERENCES `sys_wf_node` (`name`, `processname`)
) ENGINE=InnoDB DEFAULT CHARSET=utf8;
/*!40101 SET character_set_client = @saved_cs_client */;

--
-- Dumping data for table `sys_wf_workitemtype`
--

LOCK TABLES `sys_wf_workitemtype` WRITE;
/*!40000 ALTER TABLE `sys_wf_workitemtype` DISABLE KEYS */;
/*!40000 ALTER TABLE `sys_wf_workitemtype` ENABLE KEYS */;
UNLOCK TABLES;

--
-- Table structure for table `treasury_variableinfo`
--

DROP TABLE IF EXISTS `treasury_variableinfo`;
/*!40101 SET @saved_cs_client     = @@character_set_client */;
/*!40101 SET character_set_client = utf8 */;
CREATE TABLE `treasury_variableinfo` (
  `objid` varchar(50) NOT NULL,
  `state` varchar(10) NOT NULL,
  `name` varchar(50) NOT NULL,
  `datatype` varchar(20) NOT NULL,
  `caption` varchar(50) NOT NULL,
  `description` varchar(100) DEFAULT NULL,
  `arrayvalues` longtext,
  `system` int(11) DEFAULT NULL,
  `sortorder` int(11) DEFAULT NULL,
  `category` varchar(100) DEFAULT NULL,
  `handler` varchar(50) DEFAULT NULL,
  PRIMARY KEY (`objid`),
  KEY `ix_name` (`name`)
) ENGINE=InnoDB DEFAULT CHARSET=utf8;
/*!40101 SET character_set_client = @saved_cs_client */;

--
-- Dumping data for table `treasury_variableinfo`
--

LOCK TABLES `treasury_variableinfo` WRITE;
/*!40000 ALTER TABLE `treasury_variableinfo` DISABLE KEYS */;
/*!40000 ALTER TABLE `treasury_variableinfo` ENABLE KEYS */;
UNLOCK TABLES;

--
-- Table structure for table `txnlog`
--

DROP TABLE IF EXISTS `txnlog`;
/*!40101 SET @saved_cs_client     = @@character_set_client */;
/*!40101 SET character_set_client = utf8 */;
CREATE TABLE `txnlog` (
  `objid` varchar(50) NOT NULL,
  `ref` varchar(100) NOT NULL,
  `refid` varchar(255) NOT NULL,
  `txndate` datetime NOT NULL,
  `action` varchar(50) NOT NULL,
  `userid` varchar(50) NOT NULL,
  `remarks` text,
  `diff` longtext,
  `username` varchar(150) DEFAULT NULL,
  PRIMARY KEY (`objid`),
  KEY `ix_txndate` (`txndate`),
  KEY `ix_txnlog_action` (`action`),
  KEY `ix_txnlog_ref` (`ref`),
  KEY `ix_txnlog_userid` (`userid`),
  KEY `ix_txnlog_useridaction` (`userid`,`action`),
  KEY `ix_refid` (`refid`)
) ENGINE=InnoDB DEFAULT CHARSET=utf8;
/*!40101 SET character_set_client = @saved_cs_client */;

--
-- Dumping data for table `txnlog`
--

LOCK TABLES `txnlog` WRITE;
/*!40000 ALTER TABLE `txnlog` DISABLE KEYS */;
/*!40000 ALTER TABLE `txnlog` ENABLE KEYS */;
UNLOCK TABLES;

--
-- Table structure for table `txnref`
--

DROP TABLE IF EXISTS `txnref`;
/*!40101 SET @saved_cs_client     = @@character_set_client */;
/*!40101 SET character_set_client = utf8 */;
CREATE TABLE `txnref` (
  `oid` int(11) NOT NULL AUTO_INCREMENT,
  `objid` varchar(50) NOT NULL,
  `refid` varchar(50) NOT NULL,
  `msg` varchar(255) NOT NULL,
  PRIMARY KEY (`oid`),
  KEY `ix_txnref_refid` (`refid`),
  KEY `ix_txnref_objid` (`objid`)
) ENGINE=InnoDB AUTO_INCREMENT=164 DEFAULT CHARSET=utf8;
/*!40101 SET character_set_client = @saved_cs_client */;

--
-- Dumping data for table `txnref`
--

LOCK TABLES `txnref` WRITE;
/*!40000 ALTER TABLE `txnref` DISABLE KEYS */;
/*!40000 ALTER TABLE `txnref` ENABLE KEYS */;
UNLOCK TABLES;

--
-- Table structure for table `txnsignatory`
--

DROP TABLE IF EXISTS `txnsignatory`;
/*!40101 SET @saved_cs_client     = @@character_set_client */;
/*!40101 SET character_set_client = utf8 */;
CREATE TABLE `txnsignatory` (
  `objid` varchar(50) NOT NULL,
  `refid` varchar(50) NOT NULL,
  `personnelid` varchar(50) DEFAULT NULL,
  `type` varchar(25) NOT NULL,
  `caption` varchar(25) DEFAULT NULL,
  `name` varchar(200) DEFAULT NULL,
  `title` varchar(50) DEFAULT NULL,
  `dtsigned` datetime DEFAULT NULL,
  `seqno` int(11) NOT NULL,
  PRIMARY KEY (`objid`),
  KEY `ix_signatory_refid` (`refid`)
) ENGINE=InnoDB DEFAULT CHARSET=utf8;
/*!40101 SET character_set_client = @saved_cs_client */;

--
-- Dumping data for table `txnsignatory`
--

LOCK TABLES `txnsignatory` WRITE;
/*!40000 ALTER TABLE `txnsignatory` DISABLE KEYS */;
/*!40000 ALTER TABLE `txnsignatory` ENABLE KEYS */;
UNLOCK TABLES;

--
-- Table structure for table `variableinfo`
--

DROP TABLE IF EXISTS `variableinfo`;
/*!40101 SET @saved_cs_client     = @@character_set_client */;
/*!40101 SET character_set_client = utf8 */;
CREATE TABLE `variableinfo` (
  `objid` varchar(50) NOT NULL,
  `state` varchar(10) NOT NULL,
  `name` varchar(50) NOT NULL,
  `datatype` varchar(20) NOT NULL,
  `caption` varchar(50) NOT NULL,
  `description` varchar(100) DEFAULT NULL,
  `arrayvalues` longtext,
  `system` int(11) DEFAULT NULL,
  `sortorder` int(11) DEFAULT NULL,
  `category` varchar(100) DEFAULT NULL,
  `handler` varchar(50) DEFAULT NULL,
  PRIMARY KEY (`objid`),
  KEY `ix_name` (`name`)
) ENGINE=InnoDB DEFAULT CHARSET=utf8;
/*!40101 SET character_set_client = @saved_cs_client */;

--
-- Dumping data for table `variableinfo`
--

LOCK TABLES `variableinfo` WRITE;
/*!40000 ALTER TABLE `variableinfo` DISABLE KEYS */;
/*!40000 ALTER TABLE `variableinfo` ENABLE KEYS */;
UNLOCK TABLES;

--
-- Temporary table structure for view `vw_account_income_summary`
--

DROP TABLE IF EXISTS `vw_account_income_summary`;
/*!50001 DROP VIEW IF EXISTS `vw_account_income_summary`*/;
SET @saved_cs_client     = @@character_set_client;
SET character_set_client = utf8;
/*!50001 CREATE TABLE `vw_account_income_summary` (
  `objid` tinyint NOT NULL,
  `maingroupid` tinyint NOT NULL,
  `code` tinyint NOT NULL,
  `title` tinyint NOT NULL,
  `groupid` tinyint NOT NULL,
  `type` tinyint NOT NULL,
  `leftindex` tinyint NOT NULL,
  `rightindex` tinyint NOT NULL,
  `level` tinyint NOT NULL,
  `amount` tinyint NOT NULL,
  `acctid` tinyint NOT NULL,
  `fundid` tinyint NOT NULL,
  `collectorid` tinyint NOT NULL,
  `refdate` tinyint NOT NULL,
  `remittancedate` tinyint NOT NULL,
  `liquidationdate` tinyint NOT NULL,
  `accttype` tinyint NOT NULL
) ENGINE=MyISAM */;
SET character_set_client = @saved_cs_client;

--
-- Temporary table structure for view `vw_account_incometarget`
--

DROP TABLE IF EXISTS `vw_account_incometarget`;
/*!50001 DROP VIEW IF EXISTS `vw_account_incometarget`*/;
SET @saved_cs_client     = @@character_set_client;
SET character_set_client = utf8;
/*!50001 CREATE TABLE `vw_account_incometarget` (
  `objid` tinyint NOT NULL,
  `itemid` tinyint NOT NULL,
  `year` tinyint NOT NULL,
  `target` tinyint NOT NULL,
  `maingroupid` tinyint NOT NULL,
  `item_objid` tinyint NOT NULL,
  `item_code` tinyint NOT NULL,
  `item_title` tinyint NOT NULL,
  `item_level` tinyint NOT NULL,
  `item_leftindex` tinyint NOT NULL,
  `group_objid` tinyint NOT NULL,
  `group_code` tinyint NOT NULL,
  `group_title` tinyint NOT NULL,
  `group_level` tinyint NOT NULL,
  `group_leftindex` tinyint NOT NULL
) ENGINE=MyISAM */;
SET character_set_client = @saved_cs_client;

--
-- Temporary table structure for view `vw_account_item_mapping`
--

DROP TABLE IF EXISTS `vw_account_item_mapping`;
/*!50001 DROP VIEW IF EXISTS `vw_account_item_mapping`*/;
SET @saved_cs_client     = @@character_set_client;
SET character_set_client = utf8;
/*!50001 CREATE TABLE `vw_account_item_mapping` (
  `objid` tinyint NOT NULL,
  `maingroupid` tinyint NOT NULL,
  `code` tinyint NOT NULL,
  `title` tinyint NOT NULL,
  `groupid` tinyint NOT NULL,
  `type` tinyint NOT NULL,
  `leftindex` tinyint NOT NULL,
  `rightindex` tinyint NOT NULL,
  `level` tinyint NOT NULL,
  `amount` tinyint NOT NULL,
  `fundid` tinyint NOT NULL,
  `year` tinyint NOT NULL,
  `month` tinyint NOT NULL,
  `itemid` tinyint NOT NULL,
  `itemcode` tinyint NOT NULL,
  `itemtitle` tinyint NOT NULL
) ENGINE=MyISAM */;
SET character_set_client = @saved_cs_client;

--
-- Temporary table structure for view `vw_account_mapping`
--

DROP TABLE IF EXISTS `vw_account_mapping`;
/*!50001 DROP VIEW IF EXISTS `vw_account_mapping`*/;
SET @saved_cs_client     = @@character_set_client;
SET character_set_client = utf8;
/*!50001 CREATE TABLE `vw_account_mapping` (
  `objid` tinyint NOT NULL,
  `maingroupid` tinyint NOT NULL,
  `code` tinyint NOT NULL,
  `title` tinyint NOT NULL,
  `groupid` tinyint NOT NULL,
  `type` tinyint NOT NULL,
  `leftindex` tinyint NOT NULL,
  `rightindex` tinyint NOT NULL,
  `level` tinyint NOT NULL,
  `itemid` tinyint NOT NULL,
  `acctid` tinyint NOT NULL
) ENGINE=MyISAM */;
SET character_set_client = @saved_cs_client;

--
-- Temporary table structure for view `vw_af_control_detail`
--

DROP TABLE IF EXISTS `vw_af_control_detail`;
/*!50001 DROP VIEW IF EXISTS `vw_af_control_detail`*/;
SET @saved_cs_client     = @@character_set_client;
SET character_set_client = utf8;
/*!50001 CREATE TABLE `vw_af_control_detail` (
  `objid` tinyint NOT NULL,
  `state` tinyint NOT NULL,
  `controlid` tinyint NOT NULL,
  `indexno` tinyint NOT NULL,
  `refid` tinyint NOT NULL,
  `aftxnitemid` tinyint NOT NULL,
  `refno` tinyint NOT NULL,
  `reftype` tinyint NOT NULL,
  `refdate` tinyint NOT NULL,
  `txndate` tinyint NOT NULL,
  `txntype` tinyint NOT NULL,
  `receivedstartseries` tinyint NOT NULL,
  `receivedendseries` tinyint NOT NULL,
  `beginstartseries` tinyint NOT NULL,
  `beginendseries` tinyint NOT NULL,
  `issuedstartseries` tinyint NOT NULL,
  `issuedendseries` tinyint NOT NULL,
  `endingstartseries` tinyint NOT NULL,
  `endingendseries` tinyint NOT NULL,
  `qtyreceived` tinyint NOT NULL,
  `qtybegin` tinyint NOT NULL,
  `qtyissued` tinyint NOT NULL,
  `qtyending` tinyint NOT NULL,
  `qtycancelled` tinyint NOT NULL,
  `remarks` tinyint NOT NULL,
  `issuedto_objid` tinyint NOT NULL,
  `issuedto_name` tinyint NOT NULL,
  `respcenter_objid` tinyint NOT NULL,
  `respcenter_name` tinyint NOT NULL,
  `prevdetailid` tinyint NOT NULL,
  `aftxnid` tinyint NOT NULL,
  `afid` tinyint NOT NULL,
  `unit` tinyint NOT NULL,
  `formtype` tinyint NOT NULL,
  `denomination` tinyint NOT NULL,
  `serieslength` tinyint NOT NULL,
  `qty` tinyint NOT NULL,
  `saleprice` tinyint NOT NULL,
  `startseries` tinyint NOT NULL,
  `endseries` tinyint NOT NULL,
  `currentseries` tinyint NOT NULL,
  `stubno` tinyint NOT NULL,
  `prefix` tinyint NOT NULL,
  `suffix` tinyint NOT NULL,
  `cost` tinyint NOT NULL,
  `batchno` tinyint NOT NULL,
  `controlstate` tinyint NOT NULL,
  `qtybalance` tinyint NOT NULL
) ENGINE=MyISAM */;
SET character_set_client = @saved_cs_client;

--
-- Temporary table structure for view `vw_af_inventory_summary`
--

DROP TABLE IF EXISTS `vw_af_inventory_summary`;
/*!50001 DROP VIEW IF EXISTS `vw_af_inventory_summary`*/;
SET @saved_cs_client     = @@character_set_client;
SET character_set_client = utf8;
/*!50001 CREATE TABLE `vw_af_inventory_summary` (
  `objid` tinyint NOT NULL,
  `title` tinyint NOT NULL,
  `unit` tinyint NOT NULL,
  `formtype` tinyint NOT NULL,
  `formtypeindex` tinyint NOT NULL,
  `countopen` tinyint NOT NULL,
  `countissued` tinyint NOT NULL,
  `countclosed` tinyint NOT NULL,
  `countsold` tinyint NOT NULL,
  `countprocessing` tinyint NOT NULL,
  `counthold` tinyint NOT NULL
) ENGINE=MyISAM */;
SET character_set_client = @saved_cs_client;

--
-- Temporary table structure for view `vw_afunit`
--

DROP TABLE IF EXISTS `vw_afunit`;
/*!50001 DROP VIEW IF EXISTS `vw_afunit`*/;
SET @saved_cs_client     = @@character_set_client;
SET character_set_client = utf8;
/*!50001 CREATE TABLE `vw_afunit` (
  `objid` tinyint NOT NULL,
  `title` tinyint NOT NULL,
  `usetype` tinyint NOT NULL,
  `serieslength` tinyint NOT NULL,
  `system` tinyint NOT NULL,
  `denomination` tinyint NOT NULL,
  `formtype` tinyint NOT NULL,
  `itemid` tinyint NOT NULL,
  `unit` tinyint NOT NULL,
  `qty` tinyint NOT NULL,
  `saleprice` tinyint NOT NULL,
  `interval` tinyint NOT NULL,
  `cashreceiptprintout` tinyint NOT NULL,
  `cashreceiptdetailprintout` tinyint NOT NULL
) ENGINE=MyISAM */;
SET character_set_client = @saved_cs_client;

--
-- Temporary table structure for view `vw_assessment_notice`
--

DROP TABLE IF EXISTS `vw_assessment_notice`;
/*!50001 DROP VIEW IF EXISTS `vw_assessment_notice`*/;
SET @saved_cs_client     = @@character_set_client;
SET character_set_client = utf8;
/*!50001 CREATE TABLE `vw_assessment_notice` (
  `objid` tinyint NOT NULL,
  `state` tinyint NOT NULL,
  `txnno` tinyint NOT NULL,
  `txndate` tinyint NOT NULL,
  `taxpayerid` tinyint NOT NULL,
  `taxpayername` tinyint NOT NULL,
  `taxpayeraddress` tinyint NOT NULL,
  `dtdelivered` tinyint NOT NULL,
  `receivedby` tinyint NOT NULL,
  `remarks` tinyint NOT NULL,
  `assessmentyear` tinyint NOT NULL,
  `administrator_name` tinyint NOT NULL,
  `administrator_address` tinyint NOT NULL,
  `tdno` tinyint NOT NULL,
  `fullpin` tinyint NOT NULL,
  `cadastrallotno` tinyint NOT NULL,
  `titleno` tinyint NOT NULL
) ENGINE=MyISAM */;
SET character_set_client = @saved_cs_client;

--
-- Temporary table structure for view `vw_assessment_notice_item`
--

DROP TABLE IF EXISTS `vw_assessment_notice_item`;
/*!50001 DROP VIEW IF EXISTS `vw_assessment_notice_item`*/;
SET @saved_cs_client     = @@character_set_client;
SET character_set_client = utf8;
/*!50001 CREATE TABLE `vw_assessment_notice_item` (
  `objid` tinyint NOT NULL,
  `assessmentnoticeid` tinyint NOT NULL,
  `faasid` tinyint NOT NULL,
  `effectivityyear` tinyint NOT NULL,
  `effectivityqtr` tinyint NOT NULL,
  `tdno` tinyint NOT NULL,
  `taxpayer_objid` tinyint NOT NULL,
  `taxpayer_name` tinyint NOT NULL,
  `taxpayer_address` tinyint NOT NULL,
  `owner_name` tinyint NOT NULL,
  `owner_address` tinyint NOT NULL,
  `administrator_name` tinyint NOT NULL,
  `administrator_address` tinyint NOT NULL,
  `rpuid` tinyint NOT NULL,
  `lguid` tinyint NOT NULL,
  `txntype_objid` tinyint NOT NULL,
  `txntype_code` tinyint NOT NULL,
  `rputype` tinyint NOT NULL,
  `ry` tinyint NOT NULL,
  `fullpin` tinyint NOT NULL,
  `taxable` tinyint NOT NULL,
  `totalareaha` tinyint NOT NULL,
  `totalareasqm` tinyint NOT NULL,
  `totalbmv` tinyint NOT NULL,
  `totalmv` tinyint NOT NULL,
  `totalav` tinyint NOT NULL,
  `section` tinyint NOT NULL,
  `parcel` tinyint NOT NULL,
  `surveyno` tinyint NOT NULL,
  `cadastrallotno` tinyint NOT NULL,
  `blockno` tinyint NOT NULL,
  `claimno` tinyint NOT NULL,
  `street` tinyint NOT NULL,
  `lguname` tinyint NOT NULL,
  `barangay` tinyint NOT NULL,
  `classcode` tinyint NOT NULL,
  `classification` tinyint NOT NULL
) ENGINE=MyISAM */;
SET character_set_client = @saved_cs_client;

--
-- Temporary table structure for view `vw_batch_rpttaxcredit_error`
--

DROP TABLE IF EXISTS `vw_batch_rpttaxcredit_error`;
/*!50001 DROP VIEW IF EXISTS `vw_batch_rpttaxcredit_error`*/;
SET @saved_cs_client     = @@character_set_client;
SET character_set_client = utf8;
/*!50001 CREATE TABLE `vw_batch_rpttaxcredit_error` (
  `objid` tinyint NOT NULL,
  `parentid` tinyint NOT NULL,
  `state` tinyint NOT NULL,
  `error` tinyint NOT NULL,
  `barangayid` tinyint NOT NULL,
  `tdno` tinyint NOT NULL
) ENGINE=MyISAM */;
SET character_set_client = @saved_cs_client;

--
-- Temporary table structure for view `vw_batchgr`
--

DROP TABLE IF EXISTS `vw_batchgr`;
/*!50001 DROP VIEW IF EXISTS `vw_batchgr`*/;
SET @saved_cs_client     = @@character_set_client;
SET character_set_client = utf8;
/*!50001 CREATE TABLE `vw_batchgr` (
  `objid` tinyint NOT NULL,
  `state` tinyint NOT NULL,
  `ry` tinyint NOT NULL,
  `lgu_objid` tinyint NOT NULL,
  `barangay_objid` tinyint NOT NULL,
  `rputype` tinyint NOT NULL,
  `classification_objid` tinyint NOT NULL,
  `section` tinyint NOT NULL,
  `memoranda` tinyint NOT NULL,
  `txntype_objid` tinyint NOT NULL,
  `txnno` tinyint NOT NULL,
  `txndate` tinyint NOT NULL,
  `effectivityyear` tinyint NOT NULL,
  `effectivityqtr` tinyint NOT NULL,
  `originlgu_objid` tinyint NOT NULL,
  `lgu_name` tinyint NOT NULL,
  `barangay_name` tinyint NOT NULL,
  `classification_name` tinyint NOT NULL,
  `taskid` tinyint NOT NULL,
  `taskstate` tinyint NOT NULL,
  `assignee_objid` tinyint NOT NULL
) ENGINE=MyISAM */;
SET character_set_client = @saved_cs_client;

--
-- Temporary table structure for view `vw_business_application_lob_retire`
--

DROP TABLE IF EXISTS `vw_business_application_lob_retire`;
/*!50001 DROP VIEW IF EXISTS `vw_business_application_lob_retire`*/;
SET @saved_cs_client     = @@character_set_client;
SET character_set_client = utf8;
/*!50001 CREATE TABLE `vw_business_application_lob_retire` (
  `businessid` tinyint NOT NULL,
  `applicationid` tinyint NOT NULL,
  `appno` tinyint NOT NULL,
  `appyear` tinyint NOT NULL,
  `dtfiled` tinyint NOT NULL,
  `txndate` tinyint NOT NULL,
  `tradename` tinyint NOT NULL,
  `bin` tinyint NOT NULL,
  `assessmenttype` tinyint NOT NULL,
  `lobid` tinyint NOT NULL,
  `lobname` tinyint NOT NULL,
  `refid` tinyint NOT NULL,
  `refno` tinyint NOT NULL
) ENGINE=MyISAM */;
SET character_set_client = @saved_cs_client;

--
-- Temporary table structure for view `vw_cashbook_cashreceipt`
--

DROP TABLE IF EXISTS `vw_cashbook_cashreceipt`;
/*!50001 DROP VIEW IF EXISTS `vw_cashbook_cashreceipt`*/;
SET @saved_cs_client     = @@character_set_client;
SET character_set_client = utf8;
/*!50001 CREATE TABLE `vw_cashbook_cashreceipt` (
  `objid` tinyint NOT NULL,
  `txndate` tinyint NOT NULL,
  `refdate` tinyint NOT NULL,
  `refid` tinyint NOT NULL,
  `refno` tinyint NOT NULL,
  `reftype` tinyint NOT NULL,
  `particulars` tinyint NOT NULL,
  `fundid` tinyint NOT NULL,
  `collectorid` tinyint NOT NULL,
  `dr` tinyint NOT NULL,
  `cr` tinyint NOT NULL,
  `formno` tinyint NOT NULL,
  `formtype` tinyint NOT NULL,
  `series` tinyint NOT NULL,
  `controlid` tinyint NOT NULL,
  `sortdate` tinyint NOT NULL,
  `receiptdate` tinyint NOT NULL,
  `receiptid` tinyint NOT NULL,
  `remittanceid` tinyint NOT NULL,
  `remittancedate` tinyint NOT NULL,
  `remittancedtposted` tinyint NOT NULL
) ENGINE=MyISAM */;
SET character_set_client = @saved_cs_client;

--
-- Temporary table structure for view `vw_cashbook_cashreceipt_share`
--

DROP TABLE IF EXISTS `vw_cashbook_cashreceipt_share`;
/*!50001 DROP VIEW IF EXISTS `vw_cashbook_cashreceipt_share`*/;
SET @saved_cs_client     = @@character_set_client;
SET character_set_client = utf8;
/*!50001 CREATE TABLE `vw_cashbook_cashreceipt_share` (
  `objid` tinyint NOT NULL,
  `txndate` tinyint NOT NULL,
  `refdate` tinyint NOT NULL,
  `refid` tinyint NOT NULL,
  `refno` tinyint NOT NULL,
  `reftype` tinyint NOT NULL,
  `particulars` tinyint NOT NULL,
  `fundid` tinyint NOT NULL,
  `collectorid` tinyint NOT NULL,
  `dr` tinyint NOT NULL,
  `cr` tinyint NOT NULL,
  `formno` tinyint NOT NULL,
  `formtype` tinyint NOT NULL,
  `series` tinyint NOT NULL,
  `controlid` tinyint NOT NULL,
  `sortdate` tinyint NOT NULL,
  `receiptdate` tinyint NOT NULL,
  `receiptid` tinyint NOT NULL,
  `refitemid` tinyint NOT NULL,
  `remittanceid` tinyint NOT NULL,
  `remittancedate` tinyint NOT NULL,
  `remittancedtposted` tinyint NOT NULL
) ENGINE=MyISAM */;
SET character_set_client = @saved_cs_client;

--
-- Temporary table structure for view `vw_cashbook_cashreceipt_share_payable`
--

DROP TABLE IF EXISTS `vw_cashbook_cashreceipt_share_payable`;
/*!50001 DROP VIEW IF EXISTS `vw_cashbook_cashreceipt_share_payable`*/;
SET @saved_cs_client     = @@character_set_client;
SET character_set_client = utf8;
/*!50001 CREATE TABLE `vw_cashbook_cashreceipt_share_payable` (
  `objid` tinyint NOT NULL,
  `txndate` tinyint NOT NULL,
  `refdate` tinyint NOT NULL,
  `refid` tinyint NOT NULL,
  `refno` tinyint NOT NULL,
  `reftype` tinyint NOT NULL,
  `particulars` tinyint NOT NULL,
  `fundid` tinyint NOT NULL,
  `collectorid` tinyint NOT NULL,
  `dr` tinyint NOT NULL,
  `cr` tinyint NOT NULL,
  `formno` tinyint NOT NULL,
  `formtype` tinyint NOT NULL,
  `series` tinyint NOT NULL,
  `controlid` tinyint NOT NULL,
  `sortdate` tinyint NOT NULL,
  `receiptdate` tinyint NOT NULL,
  `receiptid` tinyint NOT NULL,
  `payableitemid` tinyint NOT NULL,
  `remittanceid` tinyint NOT NULL,
  `remittancedate` tinyint NOT NULL,
  `remittancedtposted` tinyint NOT NULL
) ENGINE=MyISAM */;
SET character_set_client = @saved_cs_client;

--
-- Temporary table structure for view `vw_cashbook_cashreceiptvoid`
--

DROP TABLE IF EXISTS `vw_cashbook_cashreceiptvoid`;
/*!50001 DROP VIEW IF EXISTS `vw_cashbook_cashreceiptvoid`*/;
SET @saved_cs_client     = @@character_set_client;
SET character_set_client = utf8;
/*!50001 CREATE TABLE `vw_cashbook_cashreceiptvoid` (
  `objid` tinyint NOT NULL,
  `txndate` tinyint NOT NULL,
  `refdate` tinyint NOT NULL,
  `refid` tinyint NOT NULL,
  `refno` tinyint NOT NULL,
  `reftype` tinyint NOT NULL,
  `particulars` tinyint NOT NULL,
  `fundid` tinyint NOT NULL,
  `collectorid` tinyint NOT NULL,
  `dr` tinyint NOT NULL,
  `cr` tinyint NOT NULL,
  `formno` tinyint NOT NULL,
  `formtype` tinyint NOT NULL,
  `series` tinyint NOT NULL,
  `controlid` tinyint NOT NULL,
  `sortdate` tinyint NOT NULL,
  `receiptdate` tinyint NOT NULL,
  `remittanceid` tinyint NOT NULL,
  `remittancedate` tinyint NOT NULL,
  `remittancedtposted` tinyint NOT NULL
) ENGINE=MyISAM */;
SET character_set_client = @saved_cs_client;

--
-- Temporary table structure for view `vw_cashbook_cashreceiptvoid_share`
--

DROP TABLE IF EXISTS `vw_cashbook_cashreceiptvoid_share`;
/*!50001 DROP VIEW IF EXISTS `vw_cashbook_cashreceiptvoid_share`*/;
SET @saved_cs_client     = @@character_set_client;
SET character_set_client = utf8;
/*!50001 CREATE TABLE `vw_cashbook_cashreceiptvoid_share` (
  `objid` tinyint NOT NULL,
  `txndate` tinyint NOT NULL,
  `refdate` tinyint NOT NULL,
  `refid` tinyint NOT NULL,
  `refno` tinyint NOT NULL,
  `reftype` tinyint NOT NULL,
  `particulars` tinyint NOT NULL,
  `fundid` tinyint NOT NULL,
  `collectorid` tinyint NOT NULL,
  `dr` tinyint NOT NULL,
  `cr` tinyint NOT NULL,
  `formno` tinyint NOT NULL,
  `formtype` tinyint NOT NULL,
  `series` tinyint NOT NULL,
  `controlid` tinyint NOT NULL,
  `sortdate` tinyint NOT NULL,
  `receiptdate` tinyint NOT NULL,
  `remittanceid` tinyint NOT NULL,
  `remittancedate` tinyint NOT NULL,
  `remittancedtposted` tinyint NOT NULL
) ENGINE=MyISAM */;
SET character_set_client = @saved_cs_client;

--
-- Temporary table structure for view `vw_cashbook_cashreceiptvoid_share_payable`
--

DROP TABLE IF EXISTS `vw_cashbook_cashreceiptvoid_share_payable`;
/*!50001 DROP VIEW IF EXISTS `vw_cashbook_cashreceiptvoid_share_payable`*/;
SET @saved_cs_client     = @@character_set_client;
SET character_set_client = utf8;
/*!50001 CREATE TABLE `vw_cashbook_cashreceiptvoid_share_payable` (
  `objid` tinyint NOT NULL,
  `txndate` tinyint NOT NULL,
  `refdate` tinyint NOT NULL,
  `refid` tinyint NOT NULL,
  `refno` tinyint NOT NULL,
  `reftype` tinyint NOT NULL,
  `particulars` tinyint NOT NULL,
  `fundid` tinyint NOT NULL,
  `collectorid` tinyint NOT NULL,
  `dr` tinyint NOT NULL,
  `cr` tinyint NOT NULL,
  `formno` tinyint NOT NULL,
  `formtype` tinyint NOT NULL,
  `series` tinyint NOT NULL,
  `controlid` tinyint NOT NULL,
  `sortdate` tinyint NOT NULL,
  `receiptdate` tinyint NOT NULL,
  `remittanceid` tinyint NOT NULL,
  `remittancedate` tinyint NOT NULL,
  `remittancedtposted` tinyint NOT NULL
) ENGINE=MyISAM */;
SET character_set_client = @saved_cs_client;

--
-- Temporary table structure for view `vw_cashbook_remittance`
--

DROP TABLE IF EXISTS `vw_cashbook_remittance`;
/*!50001 DROP VIEW IF EXISTS `vw_cashbook_remittance`*/;
SET @saved_cs_client     = @@character_set_client;
SET character_set_client = utf8;
/*!50001 CREATE TABLE `vw_cashbook_remittance` (
  `objid` tinyint NOT NULL,
  `txndate` tinyint NOT NULL,
  `refdate` tinyint NOT NULL,
  `refid` tinyint NOT NULL,
  `refno` tinyint NOT NULL,
  `reftype` tinyint NOT NULL,
  `particulars` tinyint NOT NULL,
  `fundid` tinyint NOT NULL,
  `collectorid` tinyint NOT NULL,
  `dr` tinyint NOT NULL,
  `cr` tinyint NOT NULL,
  `formno` tinyint NOT NULL,
  `formtype` tinyint NOT NULL,
  `series` tinyint NOT NULL,
  `controlid` tinyint NOT NULL,
  `sortdate` tinyint NOT NULL,
  `liquidatingofficer_objid` tinyint NOT NULL,
  `liquidatingofficer_name` tinyint NOT NULL,
  `voidid` tinyint NOT NULL,
  `voiddate` tinyint NOT NULL
) ENGINE=MyISAM */;
SET character_set_client = @saved_cs_client;

--
-- Temporary table structure for view `vw_cashbook_remittance_share`
--

DROP TABLE IF EXISTS `vw_cashbook_remittance_share`;
/*!50001 DROP VIEW IF EXISTS `vw_cashbook_remittance_share`*/;
SET @saved_cs_client     = @@character_set_client;
SET character_set_client = utf8;
/*!50001 CREATE TABLE `vw_cashbook_remittance_share` (
  `objid` tinyint NOT NULL,
  `txndate` tinyint NOT NULL,
  `refdate` tinyint NOT NULL,
  `refid` tinyint NOT NULL,
  `refno` tinyint NOT NULL,
  `reftype` tinyint NOT NULL,
  `particulars` tinyint NOT NULL,
  `fundid` tinyint NOT NULL,
  `collectorid` tinyint NOT NULL,
  `dr` tinyint NOT NULL,
  `cr` tinyint NOT NULL,
  `formno` tinyint NOT NULL,
  `formtype` tinyint NOT NULL,
  `series` tinyint NOT NULL,
  `controlid` tinyint NOT NULL,
  `sortdate` tinyint NOT NULL,
  `liquidatingofficer_objid` tinyint NOT NULL,
  `liquidatingofficer_name` tinyint NOT NULL,
  `voidid` tinyint NOT NULL,
  `voiddate` tinyint NOT NULL
) ENGINE=MyISAM */;
SET character_set_client = @saved_cs_client;

--
-- Temporary table structure for view `vw_cashbook_remittance_share_payable`
--

DROP TABLE IF EXISTS `vw_cashbook_remittance_share_payable`;
/*!50001 DROP VIEW IF EXISTS `vw_cashbook_remittance_share_payable`*/;
SET @saved_cs_client     = @@character_set_client;
SET character_set_client = utf8;
/*!50001 CREATE TABLE `vw_cashbook_remittance_share_payable` (
  `objid` tinyint NOT NULL,
  `txndate` tinyint NOT NULL,
  `refdate` tinyint NOT NULL,
  `refid` tinyint NOT NULL,
  `refno` tinyint NOT NULL,
  `reftype` tinyint NOT NULL,
  `particulars` tinyint NOT NULL,
  `fundid` tinyint NOT NULL,
  `collectorid` tinyint NOT NULL,
  `dr` tinyint NOT NULL,
  `cr` tinyint NOT NULL,
  `formno` tinyint NOT NULL,
  `formtype` tinyint NOT NULL,
  `series` tinyint NOT NULL,
  `controlid` tinyint NOT NULL,
  `sortdate` tinyint NOT NULL,
  `liquidatingofficer_objid` tinyint NOT NULL,
  `liquidatingofficer_name` tinyint NOT NULL,
  `voidid` tinyint NOT NULL,
  `voiddate` tinyint NOT NULL
) ENGINE=MyISAM */;
SET character_set_client = @saved_cs_client;

--
-- Temporary table structure for view `vw_cashreceipt_itemaccount`
--

DROP TABLE IF EXISTS `vw_cashreceipt_itemaccount`;
/*!50001 DROP VIEW IF EXISTS `vw_cashreceipt_itemaccount`*/;
SET @saved_cs_client     = @@character_set_client;
SET character_set_client = utf8;
/*!50001 CREATE TABLE `vw_cashreceipt_itemaccount` (
  `objid` tinyint NOT NULL,
  `state` tinyint NOT NULL,
  `code` tinyint NOT NULL,
  `title` tinyint NOT NULL,
  `description` tinyint NOT NULL,
  `type` tinyint NOT NULL,
  `fund_objid` tinyint NOT NULL,
  `fund_code` tinyint NOT NULL,
  `fund_title` tinyint NOT NULL,
  `defaultvalue` tinyint NOT NULL,
  `valuetype` tinyint NOT NULL,
  `sortorder` tinyint NOT NULL,
  `orgid` tinyint NOT NULL,
  `hidefromlookup` tinyint NOT NULL
) ENGINE=MyISAM */;
SET character_set_client = @saved_cs_client;

--
-- Temporary table structure for view `vw_cashreceipt_itemaccount_collectiongroup`
--

DROP TABLE IF EXISTS `vw_cashreceipt_itemaccount_collectiongroup`;
/*!50001 DROP VIEW IF EXISTS `vw_cashreceipt_itemaccount_collectiongroup`*/;
SET @saved_cs_client     = @@character_set_client;
SET character_set_client = utf8;
/*!50001 CREATE TABLE `vw_cashreceipt_itemaccount_collectiongroup` (
  `objid` tinyint NOT NULL,
  `state` tinyint NOT NULL,
  `code` tinyint NOT NULL,
  `title` tinyint NOT NULL,
  `description` tinyint NOT NULL,
  `type` tinyint NOT NULL,
  `fund_objid` tinyint NOT NULL,
  `fund_code` tinyint NOT NULL,
  `fund_title` tinyint NOT NULL,
  `defaultvalue` tinyint NOT NULL,
  `valuetype` tinyint NOT NULL,
  `sortorder` tinyint NOT NULL,
  `orgid` tinyint NOT NULL,
  `collectiongroupid` tinyint NOT NULL,
  `generic` tinyint NOT NULL
) ENGINE=MyISAM */;
SET character_set_client = @saved_cs_client;

--
-- Temporary table structure for view `vw_cashreceipt_itemaccount_collectiontype`
--

DROP TABLE IF EXISTS `vw_cashreceipt_itemaccount_collectiontype`;
/*!50001 DROP VIEW IF EXISTS `vw_cashreceipt_itemaccount_collectiontype`*/;
SET @saved_cs_client     = @@character_set_client;
SET character_set_client = utf8;
/*!50001 CREATE TABLE `vw_cashreceipt_itemaccount_collectiontype` (
  `objid` tinyint NOT NULL,
  `state` tinyint NOT NULL,
  `code` tinyint NOT NULL,
  `title` tinyint NOT NULL,
  `description` tinyint NOT NULL,
  `type` tinyint NOT NULL,
  `fund_objid` tinyint NOT NULL,
  `fund_code` tinyint NOT NULL,
  `fund_title` tinyint NOT NULL,
  `defaultvalue` tinyint NOT NULL,
  `valuetype` tinyint NOT NULL,
  `sortorder` tinyint NOT NULL,
  `orgid` tinyint NOT NULL,
  `collectiontypeid` tinyint NOT NULL,
  `hasorg` tinyint NOT NULL,
  `hidefromlookup` tinyint NOT NULL
) ENGINE=MyISAM */;
SET character_set_client = @saved_cs_client;

--
-- Temporary table structure for view `vw_cashreceiptpayment_noncash`
--

DROP TABLE IF EXISTS `vw_cashreceiptpayment_noncash`;
/*!50001 DROP VIEW IF EXISTS `vw_cashreceiptpayment_noncash`*/;
SET @saved_cs_client     = @@character_set_client;
SET character_set_client = utf8;
/*!50001 CREATE TABLE `vw_cashreceiptpayment_noncash` (
  `objid` tinyint NOT NULL,
  `receiptid` tinyint NOT NULL,
  `refno` tinyint NOT NULL,
  `refdate` tinyint NOT NULL,
  `reftype` tinyint NOT NULL,
  `amount` tinyint NOT NULL,
  `particulars` tinyint NOT NULL,
  `account_objid` tinyint NOT NULL,
  `account_code` tinyint NOT NULL,
  `account_name` tinyint NOT NULL,
  `account_fund_objid` tinyint NOT NULL,
  `account_fund_name` tinyint NOT NULL,
  `account_bank` tinyint NOT NULL,
  `fund_objid` tinyint NOT NULL,
  `refid` tinyint NOT NULL,
  `checkid` tinyint NOT NULL,
  `voidamount` tinyint NOT NULL,
  `void_objid` tinyint NOT NULL,
  `voided` tinyint NOT NULL,
  `receipt_receiptno` tinyint NOT NULL,
  `receipt_receiptdate` tinyint NOT NULL,
  `receipt_amount` tinyint NOT NULL,
  `receipt_collector_objid` tinyint NOT NULL,
  `receipt_collector_name` tinyint NOT NULL,
  `remittanceid` tinyint NOT NULL,
  `remittance_objid` tinyint NOT NULL,
  `remittance_controlno` tinyint NOT NULL,
  `remittance_controldate` tinyint NOT NULL
) ENGINE=MyISAM */;
SET character_set_client = @saved_cs_client;

--
-- Temporary table structure for view `vw_cashreceiptpayment_noncash_liquidated`
--

DROP TABLE IF EXISTS `vw_cashreceiptpayment_noncash_liquidated`;
/*!50001 DROP VIEW IF EXISTS `vw_cashreceiptpayment_noncash_liquidated`*/;
SET @saved_cs_client     = @@character_set_client;
SET character_set_client = utf8;
/*!50001 CREATE TABLE `vw_cashreceiptpayment_noncash_liquidated` (
  `objid` tinyint NOT NULL,
  `receiptid` tinyint NOT NULL,
  `refno` tinyint NOT NULL,
  `refdate` tinyint NOT NULL,
  `reftype` tinyint NOT NULL,
  `amount` tinyint NOT NULL,
  `particulars` tinyint NOT NULL,
  `account_objid` tinyint NOT NULL,
  `account_code` tinyint NOT NULL,
  `account_name` tinyint NOT NULL,
  `account_fund_objid` tinyint NOT NULL,
  `account_fund_name` tinyint NOT NULL,
  `account_bank` tinyint NOT NULL,
  `fund_objid` tinyint NOT NULL,
  `refid` tinyint NOT NULL,
  `checkid` tinyint NOT NULL,
  `voidamount` tinyint NOT NULL,
  `void_objid` tinyint NOT NULL,
  `voided` tinyint NOT NULL,
  `receipt_receiptno` tinyint NOT NULL,
  `receipt_receiptdate` tinyint NOT NULL,
  `receipt_amount` tinyint NOT NULL,
  `receipt_collector_objid` tinyint NOT NULL,
  `receipt_collector_name` tinyint NOT NULL,
  `remittanceid` tinyint NOT NULL,
  `remittance_objid` tinyint NOT NULL,
  `remittance_controlno` tinyint NOT NULL,
  `remittance_controldate` tinyint NOT NULL,
  `collectionvoucherid` tinyint NOT NULL,
  `collectionvoucher_objid` tinyint NOT NULL,
  `collectionvoucher_controlno` tinyint NOT NULL,
  `collectionvoucher_controldate` tinyint NOT NULL,
  `depositvoucherid` tinyint NOT NULL
) ENGINE=MyISAM */;
SET character_set_client = @saved_cs_client;

--
-- Temporary table structure for view `vw_collectiongroup`
--

DROP TABLE IF EXISTS `vw_collectiongroup`;
/*!50001 DROP VIEW IF EXISTS `vw_collectiongroup`*/;
SET @saved_cs_client     = @@character_set_client;
SET character_set_client = utf8;
/*!50001 CREATE TABLE `vw_collectiongroup` (
  `objid` tinyint NOT NULL,
  `name` tinyint NOT NULL,
  `sharing` tinyint NOT NULL,
  `orgid` tinyint NOT NULL
) ENGINE=MyISAM */;
SET character_set_client = @saved_cs_client;

--
-- Temporary table structure for view `vw_collectiontype`
--

DROP TABLE IF EXISTS `vw_collectiontype`;
/*!50001 DROP VIEW IF EXISTS `vw_collectiontype`*/;
SET @saved_cs_client     = @@character_set_client;
SET character_set_client = utf8;
/*!50001 CREATE TABLE `vw_collectiontype` (
  `objid` tinyint NOT NULL,
  `state` tinyint NOT NULL,
  `name` tinyint NOT NULL,
  `title` tinyint NOT NULL,
  `formno` tinyint NOT NULL,
  `handler` tinyint NOT NULL,
  `allowbatch` tinyint NOT NULL,
  `barcodekey` tinyint NOT NULL,
  `allowonline` tinyint NOT NULL,
  `allowoffline` tinyint NOT NULL,
  `sortorder` tinyint NOT NULL,
  `orgid` tinyint NOT NULL,
  `fund_objid` tinyint NOT NULL,
  `fund_title` tinyint NOT NULL,
  `category` tinyint NOT NULL,
  `queuesection` tinyint NOT NULL,
  `system` tinyint NOT NULL,
  `af_formtype` tinyint NOT NULL,
  `af_serieslength` tinyint NOT NULL,
  `af_denomination` tinyint NOT NULL,
  `af_baseunit` tinyint NOT NULL,
  `allowpaymentorder` tinyint NOT NULL,
  `allowkiosk` tinyint NOT NULL,
  `allowcreditmemo` tinyint NOT NULL
) ENGINE=MyISAM */;
SET character_set_client = @saved_cs_client;

--
-- Temporary table structure for view `vw_collectiontype_account`
--

DROP TABLE IF EXISTS `vw_collectiontype_account`;
/*!50001 DROP VIEW IF EXISTS `vw_collectiontype_account`*/;
SET @saved_cs_client     = @@character_set_client;
SET character_set_client = utf8;
/*!50001 CREATE TABLE `vw_collectiontype_account` (
  `objid` tinyint NOT NULL,
  `code` tinyint NOT NULL,
  `title` tinyint NOT NULL,
  `fund_objid` tinyint NOT NULL,
  `fund_code` tinyint NOT NULL,
  `fund_title` tinyint NOT NULL,
  `collectiontypeid` tinyint NOT NULL,
  `tag` tinyint NOT NULL,
  `valuetype` tinyint NOT NULL,
  `defaultvalue` tinyint NOT NULL
) ENGINE=MyISAM */;
SET character_set_client = @saved_cs_client;

--
-- Temporary table structure for view `vw_collectionvoucher_cashreceiptitem`
--

DROP TABLE IF EXISTS `vw_collectionvoucher_cashreceiptitem`;
/*!50001 DROP VIEW IF EXISTS `vw_collectionvoucher_cashreceiptitem`*/;
SET @saved_cs_client     = @@character_set_client;
SET character_set_client = utf8;
/*!50001 CREATE TABLE `vw_collectionvoucher_cashreceiptitem` (
  `collectionvoucher_controldate` tinyint NOT NULL,
  `collectionvoucher_controlno` tinyint NOT NULL,
  `remittanceid` tinyint NOT NULL,
  `remittance_controldate` tinyint NOT NULL,
  `remittance_controlno` tinyint NOT NULL,
  `collectionvoucherid` tinyint NOT NULL,
  `collectiontype_objid` tinyint NOT NULL,
  `collectiontype_name` tinyint NOT NULL,
  `org_objid` tinyint NOT NULL,
  `org_name` tinyint NOT NULL,
  `formtype` tinyint NOT NULL,
  `formno` tinyint NOT NULL,
  `receiptid` tinyint NOT NULL,
  `receiptdate` tinyint NOT NULL,
  `receiptno` tinyint NOT NULL,
  `controlid` tinyint NOT NULL,
  `series` tinyint NOT NULL,
  `stubno` tinyint NOT NULL,
  `paidby` tinyint NOT NULL,
  `paidbyaddress` tinyint NOT NULL,
  `collectorid` tinyint NOT NULL,
  `collectorname` tinyint NOT NULL,
  `collectortitle` tinyint NOT NULL,
  `fundid` tinyint NOT NULL,
  `acctid` tinyint NOT NULL,
  `acctcode` tinyint NOT NULL,
  `acctname` tinyint NOT NULL,
  `remarks` tinyint NOT NULL,
  `amount` tinyint NOT NULL,
  `voided` tinyint NOT NULL,
  `voidamount` tinyint NOT NULL,
  `formtypeindex` tinyint NOT NULL
) ENGINE=MyISAM */;
SET character_set_client = @saved_cs_client;

--
-- Temporary table structure for view `vw_collectionvoucher_cashreceiptshare`
--

DROP TABLE IF EXISTS `vw_collectionvoucher_cashreceiptshare`;
/*!50001 DROP VIEW IF EXISTS `vw_collectionvoucher_cashreceiptshare`*/;
SET @saved_cs_client     = @@character_set_client;
SET character_set_client = utf8;
/*!50001 CREATE TABLE `vw_collectionvoucher_cashreceiptshare` (
  `collectionvoucher_controldate` tinyint NOT NULL,
  `collectionvoucher_controlno` tinyint NOT NULL,
  `remittanceid` tinyint NOT NULL,
  `remittance_controldate` tinyint NOT NULL,
  `remittance_controlno` tinyint NOT NULL,
  `collectionvoucherid` tinyint NOT NULL,
  `formno` tinyint NOT NULL,
  `formtype` tinyint NOT NULL,
  `controlid` tinyint NOT NULL,
  `receiptid` tinyint NOT NULL,
  `receiptdate` tinyint NOT NULL,
  `receiptno` tinyint NOT NULL,
  `paidby` tinyint NOT NULL,
  `paidbyaddress` tinyint NOT NULL,
  `org_objid` tinyint NOT NULL,
  `org_name` tinyint NOT NULL,
  `collectiontype_objid` tinyint NOT NULL,
  `collectiontype_name` tinyint NOT NULL,
  `collectorid` tinyint NOT NULL,
  `collectorname` tinyint NOT NULL,
  `collectortitle` tinyint NOT NULL,
  `refacctid` tinyint NOT NULL,
  `fundid` tinyint NOT NULL,
  `acctid` tinyint NOT NULL,
  `acctcode` tinyint NOT NULL,
  `acctname` tinyint NOT NULL,
  `amount` tinyint NOT NULL,
  `voided` tinyint NOT NULL,
  `voidamount` tinyint NOT NULL,
  `formtypeindex` tinyint NOT NULL
) ENGINE=MyISAM */;
SET character_set_client = @saved_cs_client;

--
-- Temporary table structure for view `vw_deposit_fund_transfer`
--

DROP TABLE IF EXISTS `vw_deposit_fund_transfer`;
/*!50001 DROP VIEW IF EXISTS `vw_deposit_fund_transfer`*/;
SET @saved_cs_client     = @@character_set_client;
SET character_set_client = utf8;
/*!50001 CREATE TABLE `vw_deposit_fund_transfer` (
  `objid` tinyint NOT NULL,
  `amount` tinyint NOT NULL,
  `todepositvoucherfundid` tinyint NOT NULL,
  `todepositvoucherfund_fund_objid` tinyint NOT NULL,
  `todepositvoucherfund_fund_code` tinyint NOT NULL,
  `todepositvoucherfund_fund_title` tinyint NOT NULL,
  `fromdepositvoucherfundid` tinyint NOT NULL,
  `fromdepositvoucherfund_fund_objid` tinyint NOT NULL,
  `fromdepositvoucherfund_fund_code` tinyint NOT NULL,
  `fromdepositvoucherfund_fund_title` tinyint NOT NULL
) ENGINE=MyISAM */;
SET character_set_client = @saved_cs_client;

--
-- Temporary table structure for view `vw_entity_mapping`
--

DROP TABLE IF EXISTS `vw_entity_mapping`;
/*!50001 DROP VIEW IF EXISTS `vw_entity_mapping`*/;
SET @saved_cs_client     = @@character_set_client;
SET character_set_client = utf8;
/*!50001 CREATE TABLE `vw_entity_mapping` (
  `objid` tinyint NOT NULL,
  `parent_objid` tinyint NOT NULL,
  `org_objid` tinyint NOT NULL,
  `entityno` tinyint NOT NULL,
  `name` tinyint NOT NULL,
  `address_text` tinyint NOT NULL,
  `address_province` tinyint NOT NULL,
  `address_municipality` tinyint NOT NULL
) ENGINE=MyISAM */;
SET character_set_client = @saved_cs_client;

--
-- Temporary table structure for view `vw_entity_relation`
--

DROP TABLE IF EXISTS `vw_entity_relation`;
/*!50001 DROP VIEW IF EXISTS `vw_entity_relation`*/;
SET @saved_cs_client     = @@character_set_client;
SET character_set_client = utf8;
/*!50001 CREATE TABLE `vw_entity_relation` (
  `objid` tinyint NOT NULL,
  `ownerid` tinyint NOT NULL,
  `entityid` tinyint NOT NULL,
  `entityno` tinyint NOT NULL,
  `name` tinyint NOT NULL,
  `firstname` tinyint NOT NULL,
  `lastname` tinyint NOT NULL,
  `middlename` tinyint NOT NULL,
  `birthdate` tinyint NOT NULL,
  `gender` tinyint NOT NULL,
  `relationship` tinyint NOT NULL
) ENGINE=MyISAM */;
SET character_set_client = @saved_cs_client;

--
-- Temporary table structure for view `vw_entityindividual`
--

DROP TABLE IF EXISTS `vw_entityindividual`;
/*!50001 DROP VIEW IF EXISTS `vw_entityindividual`*/;
SET @saved_cs_client     = @@character_set_client;
SET character_set_client = utf8;
/*!50001 CREATE TABLE `vw_entityindividual` (
  `objid` tinyint NOT NULL,
  `lastname` tinyint NOT NULL,
  `firstname` tinyint NOT NULL,
  `middlename` tinyint NOT NULL,
  `birthdate` tinyint NOT NULL,
  `birthplace` tinyint NOT NULL,
  `citizenship` tinyint NOT NULL,
  `gender` tinyint NOT NULL,
  `civilstatus` tinyint NOT NULL,
  `profession` tinyint NOT NULL,
  `tin` tinyint NOT NULL,
  `sss` tinyint NOT NULL,
  `height` tinyint NOT NULL,
  `weight` tinyint NOT NULL,
  `acr` tinyint NOT NULL,
  `religion` tinyint NOT NULL,
  `photo` tinyint NOT NULL,
  `thumbnail` tinyint NOT NULL,
  `profileid` tinyint NOT NULL,
  `entityno` tinyint NOT NULL,
  `type` tinyint NOT NULL,
  `name` tinyint NOT NULL,
  `entityname` tinyint NOT NULL,
  `mobileno` tinyint NOT NULL,
  `phoneno` tinyint NOT NULL,
  `address_objid` tinyint NOT NULL,
  `address_text` tinyint NOT NULL
) ENGINE=MyISAM */;
SET character_set_client = @saved_cs_client;

--
-- Temporary table structure for view `vw_entityindividual_lookup`
--

DROP TABLE IF EXISTS `vw_entityindividual_lookup`;
/*!50001 DROP VIEW IF EXISTS `vw_entityindividual_lookup`*/;
SET @saved_cs_client     = @@character_set_client;
SET character_set_client = utf8;
/*!50001 CREATE TABLE `vw_entityindividual_lookup` (
  `objid` tinyint NOT NULL,
  `entityno` tinyint NOT NULL,
  `name` tinyint NOT NULL,
  `addresstext` tinyint NOT NULL,
  `type` tinyint NOT NULL,
  `lastname` tinyint NOT NULL,
  `firstname` tinyint NOT NULL,
  `middlename` tinyint NOT NULL,
  `gender` tinyint NOT NULL,
  `birthdate` tinyint NOT NULL,
  `mobileno` tinyint NOT NULL,
  `phoneno` tinyint NOT NULL
) ENGINE=MyISAM */;
SET character_set_client = @saved_cs_client;

--
-- Temporary table structure for view `vw_entityrelation_lookup`
--

DROP TABLE IF EXISTS `vw_entityrelation_lookup`;
/*!50001 DROP VIEW IF EXISTS `vw_entityrelation_lookup`*/;
SET @saved_cs_client     = @@character_set_client;
SET character_set_client = utf8;
/*!50001 CREATE TABLE `vw_entityrelation_lookup` (
  `objid` tinyint NOT NULL,
  `entity_objid` tinyint NOT NULL,
  `relateto_objid` tinyint NOT NULL,
  `relation_objid` tinyint NOT NULL,
  `entityno` tinyint NOT NULL,
  `name` tinyint NOT NULL,
  `addresstext` tinyint NOT NULL,
  `type` tinyint NOT NULL,
  `lastname` tinyint NOT NULL,
  `firstname` tinyint NOT NULL,
  `middlename` tinyint NOT NULL,
  `gender` tinyint NOT NULL,
  `birthdate` tinyint NOT NULL,
  `mobileno` tinyint NOT NULL,
  `phoneno` tinyint NOT NULL
) ENGINE=MyISAM */;
SET character_set_client = @saved_cs_client;

--
-- Temporary table structure for view `vw_faas_lookup`
--

DROP TABLE IF EXISTS `vw_faas_lookup`;
/*!50001 DROP VIEW IF EXISTS `vw_faas_lookup`*/;
SET @saved_cs_client     = @@character_set_client;
SET character_set_client = utf8;
/*!50001 CREATE TABLE `vw_faas_lookup` (
  `objid` tinyint NOT NULL,
  `state` tinyint NOT NULL,
  `rpuid` tinyint NOT NULL,
  `utdno` tinyint NOT NULL,
  `tdno` tinyint NOT NULL,
  `txntype_objid` tinyint NOT NULL,
  `effectivityyear` tinyint NOT NULL,
  `effectivityqtr` tinyint NOT NULL,
  `taxpayer_objid` tinyint NOT NULL,
  `owner_name` tinyint NOT NULL,
  `owner_address` tinyint NOT NULL,
  `prevtdno` tinyint NOT NULL,
  `cancelreason` tinyint NOT NULL,
  `cancelledbytdnos` tinyint NOT NULL,
  `lguid` tinyint NOT NULL,
  `realpropertyid` tinyint NOT NULL,
  `fullpin` tinyint NOT NULL,
  `originlguid` tinyint NOT NULL,
  `taxpayer_name` tinyint NOT NULL,
  `taxpayer_address` tinyint NOT NULL,
  `classification_code` tinyint NOT NULL,
  `classcode` tinyint NOT NULL,
  `classification_name` tinyint NOT NULL,
  `classname` tinyint NOT NULL,
  `ry` tinyint NOT NULL,
  `rputype` tinyint NOT NULL,
  `totalmv` tinyint NOT NULL,
  `totalav` tinyint NOT NULL,
  `totalareasqm` tinyint NOT NULL,
  `totalareaha` tinyint NOT NULL,
  `barangayid` tinyint NOT NULL,
  `cadastrallotno` tinyint NOT NULL,
  `blockno` tinyint NOT NULL,
  `surveyno` tinyint NOT NULL,
  `pin` tinyint NOT NULL,
  `barangay_name` tinyint NOT NULL,
  `trackingno` tinyint NOT NULL
) ENGINE=MyISAM */;
SET character_set_client = @saved_cs_client;

--
-- Temporary table structure for view `vw_fund`
--

DROP TABLE IF EXISTS `vw_fund`;
/*!50001 DROP VIEW IF EXISTS `vw_fund`*/;
SET @saved_cs_client     = @@character_set_client;
SET character_set_client = utf8;
/*!50001 CREATE TABLE `vw_fund` (
  `objid` tinyint NOT NULL,
  `parentid` tinyint NOT NULL,
  `state` tinyint NOT NULL,
  `code` tinyint NOT NULL,
  `title` tinyint NOT NULL,
  `type` tinyint NOT NULL,
  `special` tinyint NOT NULL,
  `system` tinyint NOT NULL,
  `groupid` tinyint NOT NULL,
  `depositoryfundid` tinyint NOT NULL,
  `group_objid` tinyint NOT NULL,
  `group_title` tinyint NOT NULL,
  `group_indexno` tinyint NOT NULL,
  `depositoryfund_objid` tinyint NOT NULL,
  `depositoryfund_state` tinyint NOT NULL,
  `depositoryfund_code` tinyint NOT NULL,
  `depositoryfund_title` tinyint NOT NULL
) ENGINE=MyISAM */;
SET character_set_client = @saved_cs_client;

--
-- Temporary table structure for view `vw_income_ledger`
--

DROP TABLE IF EXISTS `vw_income_ledger`;
/*!50001 DROP VIEW IF EXISTS `vw_income_ledger`*/;
SET @saved_cs_client     = @@character_set_client;
SET character_set_client = utf8;
/*!50001 CREATE TABLE `vw_income_ledger` (
  `year` tinyint NOT NULL,
  `month` tinyint NOT NULL,
  `fundid` tinyint NOT NULL,
  `itemacctid` tinyint NOT NULL,
  `amount` tinyint NOT NULL,
  `jevid` tinyint NOT NULL,
  `objid` tinyint NOT NULL
) ENGINE=MyISAM */;
SET character_set_client = @saved_cs_client;

--
-- Temporary table structure for view `vw_income_summary`
--

DROP TABLE IF EXISTS `vw_income_summary`;
/*!50001 DROP VIEW IF EXISTS `vw_income_summary`*/;
SET @saved_cs_client     = @@character_set_client;
SET character_set_client = utf8;
/*!50001 CREATE TABLE `vw_income_summary` (
  `refid` tinyint NOT NULL,
  `refdate` tinyint NOT NULL,
  `refno` tinyint NOT NULL,
  `reftype` tinyint NOT NULL,
  `acctid` tinyint NOT NULL,
  `fundid` tinyint NOT NULL,
  `amount` tinyint NOT NULL,
  `orgid` tinyint NOT NULL,
  `collectorid` tinyint NOT NULL,
  `refyear` tinyint NOT NULL,
  `refmonth` tinyint NOT NULL,
  `refqtr` tinyint NOT NULL,
  `remittanceid` tinyint NOT NULL,
  `remittancedate` tinyint NOT NULL,
  `remittanceyear` tinyint NOT NULL,
  `remittancemonth` tinyint NOT NULL,
  `remittanceqtr` tinyint NOT NULL,
  `liquidationid` tinyint NOT NULL,
  `liquidationdate` tinyint NOT NULL,
  `liquidationyear` tinyint NOT NULL,
  `liquidationmonth` tinyint NOT NULL,
  `liquidationqtr` tinyint NOT NULL,
  `fundgroupid` tinyint NOT NULL,
  `itemid` tinyint NOT NULL,
  `itemcode` tinyint NOT NULL,
  `itemtitle` tinyint NOT NULL,
  `itemtype` tinyint NOT NULL
) ENGINE=MyISAM */;
SET character_set_client = @saved_cs_client;

--
-- Temporary table structure for view `vw_landtax_lgu_account_mapping`
--

DROP TABLE IF EXISTS `vw_landtax_lgu_account_mapping`;
/*!50001 DROP VIEW IF EXISTS `vw_landtax_lgu_account_mapping`*/;
SET @saved_cs_client     = @@character_set_client;
SET character_set_client = utf8;
/*!50001 CREATE TABLE `vw_landtax_lgu_account_mapping` (
  `org_objid` tinyint NOT NULL,
  `org_name` tinyint NOT NULL,
  `org_class` tinyint NOT NULL,
  `parent_objid` tinyint NOT NULL,
  `parent_code` tinyint NOT NULL,
  `parent_title` tinyint NOT NULL,
  `item_objid` tinyint NOT NULL,
  `item_code` tinyint NOT NULL,
  `item_title` tinyint NOT NULL,
  `item_fund_objid` tinyint NOT NULL,
  `item_fund_code` tinyint NOT NULL,
  `item_fund_title` tinyint NOT NULL,
  `item_type` tinyint NOT NULL,
  `item_tag` tinyint NOT NULL
) ENGINE=MyISAM */;
SET character_set_client = @saved_cs_client;

--
-- Temporary table structure for view `vw_landtax_report_rptdelinquency`
--

DROP TABLE IF EXISTS `vw_landtax_report_rptdelinquency`;
/*!50001 DROP VIEW IF EXISTS `vw_landtax_report_rptdelinquency`*/;
SET @saved_cs_client     = @@character_set_client;
SET character_set_client = utf8;
/*!50001 CREATE TABLE `vw_landtax_report_rptdelinquency` (
  `objid` tinyint NOT NULL,
  `rptledgerid` tinyint NOT NULL,
  `barangayid` tinyint NOT NULL,
  `year` tinyint NOT NULL,
  `qtr` tinyint NOT NULL,
  `dtgenerated` tinyint NOT NULL,
  `generatedby_name` tinyint NOT NULL,
  `generatedby_title` tinyint NOT NULL,
  `basic` tinyint NOT NULL,
  `basicint` tinyint NOT NULL,
  `basicdisc` tinyint NOT NULL,
  `basicdp` tinyint NOT NULL,
  `basicnet` tinyint NOT NULL,
  `basicidle` tinyint NOT NULL,
  `basicidleint` tinyint NOT NULL,
  `basicidledisc` tinyint NOT NULL,
  `basicidledp` tinyint NOT NULL,
  `basicidlenet` tinyint NOT NULL,
  `sef` tinyint NOT NULL,
  `sefint` tinyint NOT NULL,
  `sefdisc` tinyint NOT NULL,
  `sefdp` tinyint NOT NULL,
  `sefnet` tinyint NOT NULL,
  `firecode` tinyint NOT NULL,
  `firecodeint` tinyint NOT NULL,
  `firecodedisc` tinyint NOT NULL,
  `firecodedp` tinyint NOT NULL,
  `firecodenet` tinyint NOT NULL,
  `sh` tinyint NOT NULL,
  `shint` tinyint NOT NULL,
  `shdisc` tinyint NOT NULL,
  `shdp` tinyint NOT NULL,
  `shnet` tinyint NOT NULL,
  `total` tinyint NOT NULL
) ENGINE=MyISAM */;
SET character_set_client = @saved_cs_client;

--
-- Temporary table structure for view `vw_landtax_report_rptdelinquency_detail`
--

DROP TABLE IF EXISTS `vw_landtax_report_rptdelinquency_detail`;
/*!50001 DROP VIEW IF EXISTS `vw_landtax_report_rptdelinquency_detail`*/;
SET @saved_cs_client     = @@character_set_client;
SET character_set_client = utf8;
/*!50001 CREATE TABLE `vw_landtax_report_rptdelinquency_detail` (
  `objid` tinyint NOT NULL,
  `rptledgerid` tinyint NOT NULL,
  `barangayid` tinyint NOT NULL,
  `year` tinyint NOT NULL,
  `qtr` tinyint NOT NULL,
  `dtgenerated` tinyint NOT NULL,
  `generatedby_name` tinyint NOT NULL,
  `generatedby_title` tinyint NOT NULL,
  `basic` tinyint NOT NULL,
  `basicint` tinyint NOT NULL,
  `basicdisc` tinyint NOT NULL,
  `basicdp` tinyint NOT NULL,
  `basicnet` tinyint NOT NULL,
  `basicidle` tinyint NOT NULL,
  `basicidleint` tinyint NOT NULL,
  `basicidledisc` tinyint NOT NULL,
  `basicidledp` tinyint NOT NULL,
  `basicidlenet` tinyint NOT NULL,
  `sef` tinyint NOT NULL,
  `sefint` tinyint NOT NULL,
  `sefdisc` tinyint NOT NULL,
  `sefdp` tinyint NOT NULL,
  `sefnet` tinyint NOT NULL,
  `firecode` tinyint NOT NULL,
  `firecodeint` tinyint NOT NULL,
  `firecodedisc` tinyint NOT NULL,
  `firecodedp` tinyint NOT NULL,
  `firecodenet` tinyint NOT NULL,
  `sh` tinyint NOT NULL,
  `shint` tinyint NOT NULL,
  `shdisc` tinyint NOT NULL,
  `shdp` tinyint NOT NULL,
  `shnet` tinyint NOT NULL,
  `total` tinyint NOT NULL
) ENGINE=MyISAM */;
SET character_set_client = @saved_cs_client;

--
-- Temporary table structure for view `vw_machine_smv`
--

DROP TABLE IF EXISTS `vw_machine_smv`;
/*!50001 DROP VIEW IF EXISTS `vw_machine_smv`*/;
SET @saved_cs_client     = @@character_set_client;
SET character_set_client = utf8;
/*!50001 CREATE TABLE `vw_machine_smv` (
  `objid` tinyint NOT NULL,
  `parent_objid` tinyint NOT NULL,
  `machine_objid` tinyint NOT NULL,
  `expr` tinyint NOT NULL,
  `previd` tinyint NOT NULL,
  `code` tinyint NOT NULL,
  `name` tinyint NOT NULL
) ENGINE=MyISAM */;
SET character_set_client = @saved_cs_client;

--
-- Temporary table structure for view `vw_online_business_application`
--

DROP TABLE IF EXISTS `vw_online_business_application`;
/*!50001 DROP VIEW IF EXISTS `vw_online_business_application`*/;
SET @saved_cs_client     = @@character_set_client;
SET character_set_client = utf8;
/*!50001 CREATE TABLE `vw_online_business_application` (
  `objid` tinyint NOT NULL,
  `state` tinyint NOT NULL,
  `dtcreated` tinyint NOT NULL,
  `createdby_objid` tinyint NOT NULL,
  `createdby_name` tinyint NOT NULL,
  `controlno` tinyint NOT NULL,
  `apptype` tinyint NOT NULL,
  `appyear` tinyint NOT NULL,
  `appdate` tinyint NOT NULL,
  `prevapplicationid` tinyint NOT NULL,
  `business_objid` tinyint NOT NULL,
  `bin` tinyint NOT NULL,
  `tradename` tinyint NOT NULL,
  `businessname` tinyint NOT NULL,
  `address_text` tinyint NOT NULL,
  `address_objid` tinyint NOT NULL,
  `owner_name` tinyint NOT NULL,
  `owner_address_text` tinyint NOT NULL,
  `owner_address_objid` tinyint NOT NULL,
  `yearstarted` tinyint NOT NULL,
  `orgtype` tinyint NOT NULL,
  `permittype` tinyint NOT NULL,
  `officetype` tinyint NOT NULL,
  `step` tinyint NOT NULL
) ENGINE=MyISAM */;
SET character_set_client = @saved_cs_client;

--
-- Temporary table structure for view `vw_remittance_cashreceipt`
--

DROP TABLE IF EXISTS `vw_remittance_cashreceipt`;
/*!50001 DROP VIEW IF EXISTS `vw_remittance_cashreceipt`*/;
SET @saved_cs_client     = @@character_set_client;
SET character_set_client = utf8;
/*!50001 CREATE TABLE `vw_remittance_cashreceipt` (
  `remittance_objid` tinyint NOT NULL,
  `remittance_controldate` tinyint NOT NULL,
  `remittance_controlno` tinyint NOT NULL,
  `remittanceid` tinyint NOT NULL,
  `collectionvoucherid` tinyint NOT NULL,
  `controlid` tinyint NOT NULL,
  `formtype` tinyint NOT NULL,
  `formtypeindexno` tinyint NOT NULL,
  `formno` tinyint NOT NULL,
  `stubno` tinyint NOT NULL,
  `series` tinyint NOT NULL,
  `receiptno` tinyint NOT NULL,
  `receiptdate` tinyint NOT NULL,
  `amount` tinyint NOT NULL,
  `totalnoncash` tinyint NOT NULL,
  `totalcash` tinyint NOT NULL,
  `voided` tinyint NOT NULL,
  `voidamount` tinyint NOT NULL,
  `paidby` tinyint NOT NULL,
  `paidbyaddress` tinyint NOT NULL,
  `payer_objid` tinyint NOT NULL,
  `payer_name` tinyint NOT NULL,
  `collector_objid` tinyint NOT NULL,
  `collector_name` tinyint NOT NULL,
  `collector_title` tinyint NOT NULL,
  `receiptid` tinyint NOT NULL,
  `collectiontype_objid` tinyint NOT NULL,
  `org_objid` tinyint NOT NULL
) ENGINE=MyISAM */;
SET character_set_client = @saved_cs_client;

--
-- Temporary table structure for view `vw_remittance_cashreceipt_af`
--

DROP TABLE IF EXISTS `vw_remittance_cashreceipt_af`;
/*!50001 DROP VIEW IF EXISTS `vw_remittance_cashreceipt_af`*/;
SET @saved_cs_client     = @@character_set_client;
SET character_set_client = utf8;
/*!50001 CREATE TABLE `vw_remittance_cashreceipt_af` (
  `remittanceid` tinyint NOT NULL,
  `collector_objid` tinyint NOT NULL,
  `controlid` tinyint NOT NULL,
  `fromreceiptno` tinyint NOT NULL,
  `toreceiptno` tinyint NOT NULL,
  `fromseries` tinyint NOT NULL,
  `toseries` tinyint NOT NULL,
  `qty` tinyint NOT NULL,
  `amount` tinyint NOT NULL,
  `qtyvoided` tinyint NOT NULL,
  `voidamt` tinyint NOT NULL,
  `qtycancelled` tinyint NOT NULL,
  `cancelledamt` tinyint NOT NULL,
  `formtype` tinyint NOT NULL,
  `serieslength` tinyint NOT NULL,
  `denomination` tinyint NOT NULL,
  `formno` tinyint NOT NULL,
  `stubno` tinyint NOT NULL,
  `startseries` tinyint NOT NULL,
  `endseries` tinyint NOT NULL,
  `prefix` tinyint NOT NULL,
  `suffix` tinyint NOT NULL
) ENGINE=MyISAM */;
SET character_set_client = @saved_cs_client;

--
-- Temporary table structure for view `vw_remittance_cashreceipt_afsummary`
--

DROP TABLE IF EXISTS `vw_remittance_cashreceipt_afsummary`;
/*!50001 DROP VIEW IF EXISTS `vw_remittance_cashreceipt_afsummary`*/;
SET @saved_cs_client     = @@character_set_client;
SET character_set_client = utf8;
/*!50001 CREATE TABLE `vw_remittance_cashreceipt_afsummary` (
  `objid` tinyint NOT NULL,
  `remittanceid` tinyint NOT NULL,
  `collector_objid` tinyint NOT NULL,
  `controlid` tinyint NOT NULL,
  `fromreceiptno` tinyint NOT NULL,
  `toreceiptno` tinyint NOT NULL,
  `fromseries` tinyint NOT NULL,
  `toseries` tinyint NOT NULL,
  `qty` tinyint NOT NULL,
  `amount` tinyint NOT NULL,
  `qtyvoided` tinyint NOT NULL,
  `voidamt` tinyint NOT NULL,
  `qtycancelled` tinyint NOT NULL,
  `cancelledamt` tinyint NOT NULL,
  `formtype` tinyint NOT NULL,
  `serieslength` tinyint NOT NULL,
  `denomination` tinyint NOT NULL,
  `formno` tinyint NOT NULL,
  `stubno` tinyint NOT NULL,
  `startseries` tinyint NOT NULL,
  `endseries` tinyint NOT NULL,
  `prefix` tinyint NOT NULL,
  `suffix` tinyint NOT NULL
) ENGINE=MyISAM */;
SET character_set_client = @saved_cs_client;

--
-- Temporary table structure for view `vw_remittance_cashreceiptitem`
--

DROP TABLE IF EXISTS `vw_remittance_cashreceiptitem`;
/*!50001 DROP VIEW IF EXISTS `vw_remittance_cashreceiptitem`*/;
SET @saved_cs_client     = @@character_set_client;
SET character_set_client = utf8;
/*!50001 CREATE TABLE `vw_remittance_cashreceiptitem` (
  `remittanceid` tinyint NOT NULL,
  `remittance_controldate` tinyint NOT NULL,
  `remittance_controlno` tinyint NOT NULL,
  `collectionvoucherid` tinyint NOT NULL,
  `collectiontype_objid` tinyint NOT NULL,
  `collectiontype_name` tinyint NOT NULL,
  `org_objid` tinyint NOT NULL,
  `org_name` tinyint NOT NULL,
  `formtype` tinyint NOT NULL,
  `formno` tinyint NOT NULL,
  `receiptid` tinyint NOT NULL,
  `receiptdate` tinyint NOT NULL,
  `receiptno` tinyint NOT NULL,
  `controlid` tinyint NOT NULL,
  `series` tinyint NOT NULL,
  `stubno` tinyint NOT NULL,
  `paidby` tinyint NOT NULL,
  `paidbyaddress` tinyint NOT NULL,
  `collectorid` tinyint NOT NULL,
  `collectorname` tinyint NOT NULL,
  `collectortitle` tinyint NOT NULL,
  `fundid` tinyint NOT NULL,
  `acctid` tinyint NOT NULL,
  `acctcode` tinyint NOT NULL,
  `acctname` tinyint NOT NULL,
  `remarks` tinyint NOT NULL,
  `amount` tinyint NOT NULL,
  `voided` tinyint NOT NULL,
  `voidamount` tinyint NOT NULL,
  `formtypeindex` tinyint NOT NULL
) ENGINE=MyISAM */;
SET character_set_client = @saved_cs_client;

--
-- Temporary table structure for view `vw_remittance_cashreceiptpayment_noncash`
--

DROP TABLE IF EXISTS `vw_remittance_cashreceiptpayment_noncash`;
/*!50001 DROP VIEW IF EXISTS `vw_remittance_cashreceiptpayment_noncash`*/;
SET @saved_cs_client     = @@character_set_client;
SET character_set_client = utf8;
/*!50001 CREATE TABLE `vw_remittance_cashreceiptpayment_noncash` (
  `objid` tinyint NOT NULL,
  `receiptid` tinyint NOT NULL,
  `refno` tinyint NOT NULL,
  `refdate` tinyint NOT NULL,
  `reftype` tinyint NOT NULL,
  `particulars` tinyint NOT NULL,
  `fundid` tinyint NOT NULL,
  `refid` tinyint NOT NULL,
  `amount` tinyint NOT NULL,
  `voided` tinyint NOT NULL,
  `voidamount` tinyint NOT NULL,
  `bankid` tinyint NOT NULL,
  `bank_name` tinyint NOT NULL,
  `remittanceid` tinyint NOT NULL,
  `collectionvoucherid` tinyint NOT NULL
) ENGINE=MyISAM */;
SET character_set_client = @saved_cs_client;

--
-- Temporary table structure for view `vw_remittance_cashreceiptshare`
--

DROP TABLE IF EXISTS `vw_remittance_cashreceiptshare`;
/*!50001 DROP VIEW IF EXISTS `vw_remittance_cashreceiptshare`*/;
SET @saved_cs_client     = @@character_set_client;
SET character_set_client = utf8;
/*!50001 CREATE TABLE `vw_remittance_cashreceiptshare` (
  `remittanceid` tinyint NOT NULL,
  `remittance_controldate` tinyint NOT NULL,
  `remittance_controlno` tinyint NOT NULL,
  `collectionvoucherid` tinyint NOT NULL,
  `formno` tinyint NOT NULL,
  `formtype` tinyint NOT NULL,
  `controlid` tinyint NOT NULL,
  `receiptid` tinyint NOT NULL,
  `receiptdate` tinyint NOT NULL,
  `receiptno` tinyint NOT NULL,
  `paidby` tinyint NOT NULL,
  `paidbyaddress` tinyint NOT NULL,
  `org_objid` tinyint NOT NULL,
  `org_name` tinyint NOT NULL,
  `collectiontype_objid` tinyint NOT NULL,
  `collectiontype_name` tinyint NOT NULL,
  `collectorid` tinyint NOT NULL,
  `collectorname` tinyint NOT NULL,
  `collectortitle` tinyint NOT NULL,
  `refacctid` tinyint NOT NULL,
  `fundid` tinyint NOT NULL,
  `acctid` tinyint NOT NULL,
  `acctcode` tinyint NOT NULL,
  `acctname` tinyint NOT NULL,
  `amount` tinyint NOT NULL,
  `voided` tinyint NOT NULL,
  `voidamount` tinyint NOT NULL,
  `formtypeindex` tinyint NOT NULL
) ENGINE=MyISAM */;
SET character_set_client = @saved_cs_client;

--
-- Temporary table structure for view `vw_rptcertification_item`
--

DROP TABLE IF EXISTS `vw_rptcertification_item`;
/*!50001 DROP VIEW IF EXISTS `vw_rptcertification_item`*/;
SET @saved_cs_client     = @@character_set_client;
SET character_set_client = utf8;
/*!50001 CREATE TABLE `vw_rptcertification_item` (
  `rptcertificationid` tinyint NOT NULL,
  `faasid` tinyint NOT NULL,
  `fullpin` tinyint NOT NULL,
  `tdno` tinyint NOT NULL,
  `taxpayerid` tinyint NOT NULL,
  `taxpayer_name` tinyint NOT NULL,
  `owner_name` tinyint NOT NULL,
  `administrator_name` tinyint NOT NULL,
  `titleno` tinyint NOT NULL,
  `rpuid` tinyint NOT NULL,
  `classcode` tinyint NOT NULL,
  `classname` tinyint NOT NULL,
  `lguname` tinyint NOT NULL,
  `barangay` tinyint NOT NULL,
  `rputype` tinyint NOT NULL,
  `suffix` tinyint NOT NULL,
  `totalareaha` tinyint NOT NULL,
  `totalareasqm` tinyint NOT NULL,
  `totalav` tinyint NOT NULL,
  `totalmv` tinyint NOT NULL,
  `street` tinyint NOT NULL,
  `blockno` tinyint NOT NULL,
  `cadastrallotno` tinyint NOT NULL,
  `surveyno` tinyint NOT NULL,
  `taxable` tinyint NOT NULL,
  `effectivityyear` tinyint NOT NULL,
  `effectivityqtr` tinyint NOT NULL
) ENGINE=MyISAM */;
SET character_set_client = @saved_cs_client;

--
-- Temporary table structure for view `vw_rptledger_avdifference`
--

DROP TABLE IF EXISTS `vw_rptledger_avdifference`;
/*!50001 DROP VIEW IF EXISTS `vw_rptledger_avdifference`*/;
SET @saved_cs_client     = @@character_set_client;
SET character_set_client = utf8;
/*!50001 CREATE TABLE `vw_rptledger_avdifference` (
  `objid` tinyint NOT NULL,
  `state` tinyint NOT NULL,
  `rptledgerid` tinyint NOT NULL,
  `faasid` tinyint NOT NULL,
  `tdno` tinyint NOT NULL,
  `txntype_objid` tinyint NOT NULL,
  `classification_objid` tinyint NOT NULL,
  `actualuse_objid` tinyint NOT NULL,
  `taxable` tinyint NOT NULL,
  `backtax` tinyint NOT NULL,
  `fromyear` tinyint NOT NULL,
  `fromqtr` tinyint NOT NULL,
  `toyear` tinyint NOT NULL,
  `toqtr` tinyint NOT NULL,
  `assessedvalue` tinyint NOT NULL,
  `systemcreated` tinyint NOT NULL,
  `reclassed` tinyint NOT NULL,
  `idleland` tinyint NOT NULL,
  `taxdifference` tinyint NOT NULL
) ENGINE=MyISAM */;
SET character_set_client = @saved_cs_client;

--
-- Temporary table structure for view `vw_rptpayment_item`
--

DROP TABLE IF EXISTS `vw_rptpayment_item`;
/*!50001 DROP VIEW IF EXISTS `vw_rptpayment_item`*/;
SET @saved_cs_client     = @@character_set_client;
SET character_set_client = utf8;
/*!50001 CREATE TABLE `vw_rptpayment_item` (
  `parentid` tinyint NOT NULL,
  `rptledgerfaasid` tinyint NOT NULL,
  `year` tinyint NOT NULL,
  `qtr` tinyint NOT NULL,
  `revperiod` tinyint NOT NULL,
  `basic` tinyint NOT NULL,
  `basicint` tinyint NOT NULL,
  `basicdisc` tinyint NOT NULL,
  `basicdp` tinyint NOT NULL,
  `basicnet` tinyint NOT NULL,
  `basicidle` tinyint NOT NULL,
  `basicidleint` tinyint NOT NULL,
  `basicidledisc` tinyint NOT NULL,
  `basicidledp` tinyint NOT NULL,
  `sef` tinyint NOT NULL,
  `sefint` tinyint NOT NULL,
  `sefdisc` tinyint NOT NULL,
  `sefdp` tinyint NOT NULL,
  `sefnet` tinyint NOT NULL,
  `firecode` tinyint NOT NULL,
  `sh` tinyint NOT NULL,
  `shint` tinyint NOT NULL,
  `shdisc` tinyint NOT NULL,
  `shdp` tinyint NOT NULL,
  `amount` tinyint NOT NULL,
  `partialled` tinyint NOT NULL
) ENGINE=MyISAM */;
SET character_set_client = @saved_cs_client;

--
-- Temporary table structure for view `vw_rptpayment_item_detail`
--

DROP TABLE IF EXISTS `vw_rptpayment_item_detail`;
/*!50001 DROP VIEW IF EXISTS `vw_rptpayment_item_detail`*/;
SET @saved_cs_client     = @@character_set_client;
SET character_set_client = utf8;
/*!50001 CREATE TABLE `vw_rptpayment_item_detail` (
  `objid` tinyint NOT NULL,
  `parentid` tinyint NOT NULL,
  `rptledgerfaasid` tinyint NOT NULL,
  `year` tinyint NOT NULL,
  `qtr` tinyint NOT NULL,
  `revperiod` tinyint NOT NULL,
  `basic` tinyint NOT NULL,
  `basicint` tinyint NOT NULL,
  `basicdisc` tinyint NOT NULL,
  `basicdp` tinyint NOT NULL,
  `basicnet` tinyint NOT NULL,
  `basicidle` tinyint NOT NULL,
  `basicidleint` tinyint NOT NULL,
  `basicidledisc` tinyint NOT NULL,
  `basicidledp` tinyint NOT NULL,
  `sef` tinyint NOT NULL,
  `sefint` tinyint NOT NULL,
  `sefdisc` tinyint NOT NULL,
  `sefdp` tinyint NOT NULL,
  `sefnet` tinyint NOT NULL,
  `firecode` tinyint NOT NULL,
  `sh` tinyint NOT NULL,
  `shint` tinyint NOT NULL,
  `shdisc` tinyint NOT NULL,
  `shdp` tinyint NOT NULL,
  `shnet` tinyint NOT NULL,
  `amount` tinyint NOT NULL,
  `partialled` tinyint NOT NULL
) ENGINE=MyISAM */;
SET character_set_client = @saved_cs_client;

--
-- Temporary table structure for view `vw_rpu_assessment`
--

DROP TABLE IF EXISTS `vw_rpu_assessment`;
/*!50001 DROP VIEW IF EXISTS `vw_rpu_assessment`*/;
SET @saved_cs_client     = @@character_set_client;
SET character_set_client = utf8;
/*!50001 CREATE TABLE `vw_rpu_assessment` (
  `objid` tinyint NOT NULL,
  `rputype` tinyint NOT NULL,
  `dominantclass_objid` tinyint NOT NULL,
  `dominantclass_code` tinyint NOT NULL,
  `dominantclass_name` tinyint NOT NULL,
  `dominantclass_orderno` tinyint NOT NULL,
  `areasqm` tinyint NOT NULL,
  `areaha` tinyint NOT NULL,
  `marketvalue` tinyint NOT NULL,
  `assesslevel` tinyint NOT NULL,
  `assessedvalue` tinyint NOT NULL,
  `taxable` tinyint NOT NULL,
  `actualuse_code` tinyint NOT NULL,
  `actualuse_name` tinyint NOT NULL,
  `actualuse_objid` tinyint NOT NULL,
  `actualuse_classcode` tinyint NOT NULL,
  `actualuse_classname` tinyint NOT NULL,
  `actualuse_orderno` tinyint NOT NULL
) ENGINE=MyISAM */;
SET character_set_client = @saved_cs_client;

--
-- Temporary table structure for view `vw_txn_log`
--

DROP TABLE IF EXISTS `vw_txn_log`;
/*!50001 DROP VIEW IF EXISTS `vw_txn_log`*/;
SET @saved_cs_client     = @@character_set_client;
SET character_set_client = utf8;
/*!50001 CREATE TABLE `vw_txn_log` (
  `userid` tinyint NOT NULL,
  `username` tinyint NOT NULL,
  `txndate` tinyint NOT NULL,
  `ref` tinyint NOT NULL,
  `action` tinyint NOT NULL,
  `cnt` tinyint NOT NULL
) ENGINE=MyISAM */;
SET character_set_client = @saved_cs_client;

--
-- Table structure for table `workflowstate`
--

DROP TABLE IF EXISTS `workflowstate`;
/*!40101 SET @saved_cs_client     = @@character_set_client */;
/*!40101 SET character_set_client = utf8 */;
CREATE TABLE `workflowstate` (
  `objid` varchar(50) NOT NULL,
  `state` varchar(50) NOT NULL,
  `txndate` datetime DEFAULT NULL,
  `userid` varchar(50) DEFAULT NULL,
  `username` varchar(100) DEFAULT NULL,
  PRIMARY KEY (`objid`,`state`),
  KEY `ix_txndate` (`txndate`),
  KEY `ix_userid` (`userid`),
  KEY `ix_username` (`username`)
) ENGINE=InnoDB DEFAULT CHARSET=utf8;
/*!40101 SET character_set_client = @saved_cs_client */;

--
-- Dumping data for table `workflowstate`
--

LOCK TABLES `workflowstate` WRITE;
/*!40000 ALTER TABLE `workflowstate` DISABLE KEYS */;
/*!40000 ALTER TABLE `workflowstate` ENABLE KEYS */;
UNLOCK TABLES;

--
-- Final view structure for view `sys_user_role`
--

/*!50001 DROP TABLE IF EXISTS `sys_user_role`*/;
/*!50001 DROP VIEW IF EXISTS `sys_user_role`*/;
/*!50001 SET @saved_cs_client          = @@character_set_client */;
/*!50001 SET @saved_cs_results         = @@character_set_results */;
/*!50001 SET @saved_col_connection     = @@collation_connection */;
/*!50001 SET character_set_client      = utf8 */;
/*!50001 SET character_set_results     = utf8 */;
/*!50001 SET collation_connection      = utf8_general_ci */;
/*!50001 CREATE ALGORITHM=UNDEFINED */
/*!50013 DEFINER=`mark`@`%` SQL SECURITY DEFINER */
/*!50001 VIEW `sys_user_role` AS select `u`.`objid` AS `objid`,`u`.`lastname` AS `lastname`,`u`.`firstname` AS `firstname`,`u`.`middlename` AS `middlename`,`u`.`username` AS `username`,concat(`u`.`lastname`,', ',`u`.`firstname`,(case when isnull(`u`.`middlename`) then '' else concat(' ',`u`.`middlename`) end)) AS `name`,`ug`.`role` AS `role`,`ug`.`domain` AS `domain`,`ugm`.`org_objid` AS `orgid`,`u`.`txncode` AS `txncode`,`u`.`jobtitle` AS `jobtitle`,`ugm`.`objid` AS `usergroupmemberid`,`ugm`.`usergroup_objid` AS `usergroup_objid`,`ugm`.`org_objid` AS `respcenter_objid`,`ugm`.`org_name` AS `respcenter_name` from ((`sys_usergroup_member` `ugm` join `sys_usergroup` `ug` on((`ug`.`objid` = `ugm`.`usergroup_objid`))) join `sys_user` `u` on((`u`.`objid` = `ugm`.`user_objid`))) */;
/*!50001 SET character_set_client      = @saved_cs_client */;
/*!50001 SET character_set_results     = @saved_cs_results */;
/*!50001 SET collation_connection      = @saved_col_connection */;

--
-- Final view structure for view `vw_account_income_summary`
--

/*!50001 DROP TABLE IF EXISTS `vw_account_income_summary`*/;
/*!50001 DROP VIEW IF EXISTS `vw_account_income_summary`*/;
/*!50001 SET @saved_cs_client          = @@character_set_client */;
/*!50001 SET @saved_cs_results         = @@character_set_results */;
/*!50001 SET @saved_col_connection     = @@collation_connection */;
/*!50001 SET character_set_client      = utf8 */;
/*!50001 SET character_set_results     = utf8 */;
/*!50001 SET collation_connection      = utf8_general_ci */;
/*!50001 CREATE ALGORITHM=UNDEFINED */
/*!50013 DEFINER=`mark`@`%` SQL SECURITY DEFINER */
/*!50001 VIEW `vw_account_income_summary` AS select `a`.`objid` AS `objid`,`a`.`maingroupid` AS `maingroupid`,`a`.`code` AS `code`,`a`.`title` AS `title`,`a`.`groupid` AS `groupid`,`a`.`type` AS `type`,`a`.`leftindex` AS `leftindex`,`a`.`rightindex` AS `rightindex`,`a`.`level` AS `level`,`inc`.`amount` AS `amount`,`inc`.`acctid` AS `acctid`,`inc`.`fundid` AS `fundid`,`inc`.`collectorid` AS `collectorid`,`inc`.`refdate` AS `refdate`,`inc`.`remittancedate` AS `remittancedate`,`inc`.`liquidationdate` AS `liquidationdate`,`ia`.`type` AS `accttype` from (((`account_item_mapping` `aim` join `account` `a` on((`a`.`objid` = `aim`.`acctid`))) join `itemaccount` `ia` on((`ia`.`objid` = `aim`.`itemid`))) join `income_summary` `inc` on((`inc`.`acctid` = `ia`.`objid`))) */;
/*!50001 SET character_set_client      = @saved_cs_client */;
/*!50001 SET character_set_results     = @saved_cs_results */;
/*!50001 SET collation_connection      = @saved_col_connection */;

--
-- Final view structure for view `vw_account_incometarget`
--

/*!50001 DROP TABLE IF EXISTS `vw_account_incometarget`*/;
/*!50001 DROP VIEW IF EXISTS `vw_account_incometarget`*/;
/*!50001 SET @saved_cs_client          = @@character_set_client */;
/*!50001 SET @saved_cs_results         = @@character_set_results */;
/*!50001 SET @saved_col_connection     = @@collation_connection */;
/*!50001 SET character_set_client      = utf8 */;
/*!50001 SET character_set_results     = utf8 */;
/*!50001 SET collation_connection      = utf8_general_ci */;
/*!50001 CREATE ALGORITHM=UNDEFINED */
/*!50013 DEFINER=`mark`@`%` SQL SECURITY DEFINER */
/*!50001 VIEW `vw_account_incometarget` AS select `t`.`objid` AS `objid`,`t`.`itemid` AS `itemid`,`t`.`year` AS `year`,`t`.`target` AS `target`,`a`.`maingroupid` AS `maingroupid`,`a`.`objid` AS `item_objid`,`a`.`code` AS `item_code`,`a`.`title` AS `item_title`,`a`.`level` AS `item_level`,`a`.`leftindex` AS `item_leftindex`,`g`.`objid` AS `group_objid`,`g`.`code` AS `group_code`,`g`.`title` AS `group_title`,`g`.`level` AS `group_level`,`g`.`leftindex` AS `group_leftindex` from ((`account_incometarget` `t` join `account` `a` on((`a`.`objid` = `t`.`itemid`))) join `account` `g` on((`g`.`objid` = `a`.`groupid`))) */;
/*!50001 SET character_set_client      = @saved_cs_client */;
/*!50001 SET character_set_results     = @saved_cs_results */;
/*!50001 SET collation_connection      = @saved_col_connection */;

--
-- Final view structure for view `vw_account_item_mapping`
--

/*!50001 DROP TABLE IF EXISTS `vw_account_item_mapping`*/;
/*!50001 DROP VIEW IF EXISTS `vw_account_item_mapping`*/;
/*!50001 SET @saved_cs_client          = @@character_set_client */;
/*!50001 SET @saved_cs_results         = @@character_set_results */;
/*!50001 SET @saved_col_connection     = @@collation_connection */;
/*!50001 SET character_set_client      = utf8 */;
/*!50001 SET character_set_results     = utf8 */;
/*!50001 SET collation_connection      = utf8_general_ci */;
/*!50001 CREATE ALGORITHM=UNDEFINED */
/*!50013 DEFINER=`mark`@`%` SQL SECURITY DEFINER */
/*!50001 VIEW `vw_account_item_mapping` AS select `a`.`objid` AS `objid`,`a`.`maingroupid` AS `maingroupid`,`a`.`code` AS `code`,`a`.`title` AS `title`,`a`.`groupid` AS `groupid`,`a`.`type` AS `type`,`a`.`leftindex` AS `leftindex`,`a`.`rightindex` AS `rightindex`,`a`.`level` AS `level`,`l`.`amount` AS `amount`,`l`.`fundid` AS `fundid`,`l`.`year` AS `year`,`l`.`month` AS `month`,`aim`.`itemid` AS `itemid`,`ia`.`code` AS `itemcode`,`ia`.`title` AS `itemtitle` from (((`account_item_mapping` `aim` join `account` `a` on((`a`.`objid` = `aim`.`acctid`))) join `itemaccount` `ia` on((`ia`.`objid` = `aim`.`itemid`))) join `vw_income_ledger` `l` on((`l`.`itemacctid` = `aim`.`itemid`))) */;
/*!50001 SET character_set_client      = @saved_cs_client */;
/*!50001 SET character_set_results     = @saved_cs_results */;
/*!50001 SET collation_connection      = @saved_col_connection */;

--
-- Final view structure for view `vw_account_mapping`
--

/*!50001 DROP TABLE IF EXISTS `vw_account_mapping`*/;
/*!50001 DROP VIEW IF EXISTS `vw_account_mapping`*/;
/*!50001 SET @saved_cs_client          = @@character_set_client */;
/*!50001 SET @saved_cs_results         = @@character_set_results */;
/*!50001 SET @saved_col_connection     = @@collation_connection */;
/*!50001 SET character_set_client      = utf8 */;
/*!50001 SET character_set_results     = utf8 */;
/*!50001 SET collation_connection      = utf8_general_ci */;
/*!50001 CREATE ALGORITHM=UNDEFINED */
/*!50013 DEFINER=`mark`@`%` SQL SECURITY DEFINER */
/*!50001 VIEW `vw_account_mapping` AS select `a`.`objid` AS `objid`,`a`.`maingroupid` AS `maingroupid`,`a`.`code` AS `code`,`a`.`title` AS `title`,`a`.`groupid` AS `groupid`,`a`.`type` AS `type`,`a`.`leftindex` AS `leftindex`,`a`.`rightindex` AS `rightindex`,`a`.`level` AS `level`,`m`.`itemid` AS `itemid`,`m`.`acctid` AS `acctid` from (`account_item_mapping` `m` join `account` `a` on((`a`.`objid` = `m`.`acctid`))) */;
/*!50001 SET character_set_client      = @saved_cs_client */;
/*!50001 SET character_set_results     = @saved_cs_results */;
/*!50001 SET collation_connection      = @saved_col_connection */;

--
-- Final view structure for view `vw_af_control_detail`
--

/*!50001 DROP TABLE IF EXISTS `vw_af_control_detail`*/;
/*!50001 DROP VIEW IF EXISTS `vw_af_control_detail`*/;
/*!50001 SET @saved_cs_client          = @@character_set_client */;
/*!50001 SET @saved_cs_results         = @@character_set_results */;
/*!50001 SET @saved_col_connection     = @@collation_connection */;
/*!50001 SET character_set_client      = utf8 */;
/*!50001 SET character_set_results     = utf8 */;
/*!50001 SET collation_connection      = utf8_general_ci */;
/*!50001 CREATE ALGORITHM=UNDEFINED */
/*!50013 DEFINER=`mark`@`%` SQL SECURITY DEFINER */
/*!50001 VIEW `vw_af_control_detail` AS select `afd`.`objid` AS `objid`,`afd`.`state` AS `state`,`afd`.`controlid` AS `controlid`,`afd`.`indexno` AS `indexno`,`afd`.`refid` AS `refid`,`afd`.`aftxnitemid` AS `aftxnitemid`,`afd`.`refno` AS `refno`,`afd`.`reftype` AS `reftype`,`afd`.`refdate` AS `refdate`,`afd`.`txndate` AS `txndate`,`afd`.`txntype` AS `txntype`,`afd`.`receivedstartseries` AS `receivedstartseries`,`afd`.`receivedendseries` AS `receivedendseries`,`afd`.`beginstartseries` AS `beginstartseries`,`afd`.`beginendseries` AS `beginendseries`,`afd`.`issuedstartseries` AS `issuedstartseries`,`afd`.`issuedendseries` AS `issuedendseries`,`afd`.`endingstartseries` AS `endingstartseries`,`afd`.`endingendseries` AS `endingendseries`,`afd`.`qtyreceived` AS `qtyreceived`,`afd`.`qtybegin` AS `qtybegin`,`afd`.`qtyissued` AS `qtyissued`,`afd`.`qtyending` AS `qtyending`,`afd`.`qtycancelled` AS `qtycancelled`,`afd`.`remarks` AS `remarks`,`afd`.`issuedto_objid` AS `issuedto_objid`,`afd`.`issuedto_name` AS `issuedto_name`,`afd`.`respcenter_objid` AS `respcenter_objid`,`afd`.`respcenter_name` AS `respcenter_name`,`afd`.`prevdetailid` AS `prevdetailid`,`afd`.`aftxnid` AS `aftxnid`,`afc`.`afid` AS `afid`,`afc`.`unit` AS `unit`,`af`.`formtype` AS `formtype`,`af`.`denomination` AS `denomination`,`af`.`serieslength` AS `serieslength`,`afu`.`qty` AS `qty`,`afu`.`saleprice` AS `saleprice`,`afc`.`startseries` AS `startseries`,`afc`.`endseries` AS `endseries`,`afc`.`currentseries` AS `currentseries`,`afc`.`stubno` AS `stubno`,`afc`.`prefix` AS `prefix`,`afc`.`suffix` AS `suffix`,`afc`.`cost` AS `cost`,`afc`.`batchno` AS `batchno`,`afc`.`state` AS `controlstate`,`afd`.`qtyending` AS `qtybalance` from (((`af_control_detail` `afd` join `af_control` `afc` on((`afc`.`objid` = `afd`.`controlid`))) join `af` on((`af`.`objid` = `afc`.`afid`))) join `afunit` `afu` on(((`afu`.`itemid` = `af`.`objid`) and (`afu`.`unit` = `afc`.`unit`)))) */;
/*!50001 SET character_set_client      = @saved_cs_client */;
/*!50001 SET character_set_results     = @saved_cs_results */;
/*!50001 SET collation_connection      = @saved_col_connection */;

--
-- Final view structure for view `vw_af_inventory_summary`
--

/*!50001 DROP TABLE IF EXISTS `vw_af_inventory_summary`*/;
/*!50001 DROP VIEW IF EXISTS `vw_af_inventory_summary`*/;
/*!50001 SET @saved_cs_client          = @@character_set_client */;
/*!50001 SET @saved_cs_results         = @@character_set_results */;
/*!50001 SET @saved_col_connection     = @@collation_connection */;
/*!50001 SET character_set_client      = utf8 */;
/*!50001 SET character_set_results     = utf8 */;
/*!50001 SET collation_connection      = utf8_general_ci */;
/*!50001 CREATE ALGORITHM=UNDEFINED */
/*!50013 DEFINER=`mark`@`%` SQL SECURITY DEFINER */
/*!50001 VIEW `vw_af_inventory_summary` AS select `af`.`objid` AS `objid`,`af`.`title` AS `title`,`u`.`unit` AS `unit`,`af`.`formtype` AS `formtype`,(case when (`af`.`formtype` = 'serial') then 0 else 1 end) AS `formtypeindex`,(select count(0) from `af_control` where ((`af_control`.`afid` = `af`.`objid`) and (`af_control`.`state` = 'OPEN'))) AS `countopen`,(select count(0) from `af_control` where ((`af_control`.`afid` = `af`.`objid`) and (`af_control`.`state` = 'ISSUED'))) AS `countissued`,(select count(0) from `af_control` where ((`af_control`.`afid` = `af`.`objid`) and (`af_control`.`state` = 'ISSUED') and (`af_control`.`currentseries` > `af_control`.`endseries`))) AS `countclosed`,(select count(0) from `af_control` where ((`af_control`.`afid` = `af`.`objid`) and (`af_control`.`state` = 'SOLD'))) AS `countsold`,(select count(0) from `af_control` where ((`af_control`.`afid` = `af`.`objid`) and (`af_control`.`state` = 'PROCESSING'))) AS `countprocessing`,(select count(0) from `af_control` where ((`af_control`.`afid` = `af`.`objid`) and (`af_control`.`state` = 'HOLD'))) AS `counthold` from (`af` join `afunit` `u`) where (`af`.`objid` = `u`.`itemid`) order by (case when (`af`.`formtype` = 'serial') then 0 else 1 end),`af`.`objid` */;
/*!50001 SET character_set_client      = @saved_cs_client */;
/*!50001 SET character_set_results     = @saved_cs_results */;
/*!50001 SET collation_connection      = @saved_col_connection */;

--
-- Final view structure for view `vw_afunit`
--

/*!50001 DROP TABLE IF EXISTS `vw_afunit`*/;
/*!50001 DROP VIEW IF EXISTS `vw_afunit`*/;
/*!50001 SET @saved_cs_client          = @@character_set_client */;
/*!50001 SET @saved_cs_results         = @@character_set_results */;
/*!50001 SET @saved_col_connection     = @@collation_connection */;
/*!50001 SET character_set_client      = utf8 */;
/*!50001 SET character_set_results     = utf8 */;
/*!50001 SET collation_connection      = utf8_general_ci */;
/*!50001 CREATE ALGORITHM=UNDEFINED */
/*!50013 DEFINER=`mark`@`%` SQL SECURITY DEFINER */
/*!50001 VIEW `vw_afunit` AS select `u`.`objid` AS `objid`,`af`.`title` AS `title`,`af`.`usetype` AS `usetype`,`af`.`serieslength` AS `serieslength`,`af`.`system` AS `system`,`af`.`denomination` AS `denomination`,`af`.`formtype` AS `formtype`,`u`.`itemid` AS `itemid`,`u`.`unit` AS `unit`,`u`.`qty` AS `qty`,`u`.`saleprice` AS `saleprice`,`u`.`interval` AS `interval`,`u`.`cashreceiptprintout` AS `cashreceiptprintout`,`u`.`cashreceiptdetailprintout` AS `cashreceiptdetailprintout` from (`afunit` `u` join `af` on((`af`.`objid` = `u`.`itemid`))) */;
/*!50001 SET character_set_client      = @saved_cs_client */;
/*!50001 SET character_set_results     = @saved_cs_results */;
/*!50001 SET collation_connection      = @saved_col_connection */;

--
-- Final view structure for view `vw_assessment_notice`
--

/*!50001 DROP TABLE IF EXISTS `vw_assessment_notice`*/;
/*!50001 DROP VIEW IF EXISTS `vw_assessment_notice`*/;
/*!50001 SET @saved_cs_client          = @@character_set_client */;
/*!50001 SET @saved_cs_results         = @@character_set_results */;
/*!50001 SET @saved_col_connection     = @@collation_connection */;
/*!50001 SET character_set_client      = utf8 */;
/*!50001 SET character_set_results     = utf8 */;
/*!50001 SET collation_connection      = utf8_general_ci */;
/*!50001 CREATE ALGORITHM=UNDEFINED */
/*!50013 DEFINER=`root`@`localhost` SQL SECURITY DEFINER */
/*!50001 VIEW `vw_assessment_notice` AS select `a`.`objid` AS `objid`,`a`.`state` AS `state`,`a`.`txnno` AS `txnno`,`a`.`txndate` AS `txndate`,`a`.`taxpayerid` AS `taxpayerid`,`a`.`taxpayername` AS `taxpayername`,`a`.`taxpayeraddress` AS `taxpayeraddress`,`a`.`dtdelivered` AS `dtdelivered`,`a`.`receivedby` AS `receivedby`,`a`.`remarks` AS `remarks`,`a`.`assessmentyear` AS `assessmentyear`,`a`.`administrator_name` AS `administrator_name`,`a`.`administrator_address` AS `administrator_address`,`fl`.`tdno` AS `tdno`,`fl`.`displaypin` AS `fullpin`,`fl`.`cadastrallotno` AS `cadastrallotno`,`fl`.`titleno` AS `titleno` from ((`assessmentnotice` `a` join `assessmentnoticeitem` `i` on((`a`.`objid` = `i`.`assessmentnoticeid`))) join `faas_list` `fl` on((`i`.`faasid` = `fl`.`objid`))) */;
/*!50001 SET character_set_client      = @saved_cs_client */;
/*!50001 SET character_set_results     = @saved_cs_results */;
/*!50001 SET collation_connection      = @saved_col_connection */;

--
-- Final view structure for view `vw_assessment_notice_item`
--

/*!50001 DROP TABLE IF EXISTS `vw_assessment_notice_item`*/;
/*!50001 DROP VIEW IF EXISTS `vw_assessment_notice_item`*/;
/*!50001 SET @saved_cs_client          = @@character_set_client */;
/*!50001 SET @saved_cs_results         = @@character_set_results */;
/*!50001 SET @saved_col_connection     = @@collation_connection */;
/*!50001 SET character_set_client      = utf8 */;
/*!50001 SET character_set_results     = utf8 */;
/*!50001 SET collation_connection      = utf8_general_ci */;
/*!50001 CREATE ALGORITHM=UNDEFINED */
/*!50013 DEFINER=`root`@`localhost` SQL SECURITY DEFINER */
/*!50001 VIEW `vw_assessment_notice_item` AS select `ni`.`objid` AS `objid`,`ni`.`assessmentnoticeid` AS `assessmentnoticeid`,`f`.`objid` AS `faasid`,`f`.`effectivityyear` AS `effectivityyear`,`f`.`effectivityqtr` AS `effectivityqtr`,`f`.`tdno` AS `tdno`,`f`.`taxpayer_objid` AS `taxpayer_objid`,`e`.`name` AS `taxpayer_name`,`e`.`address_text` AS `taxpayer_address`,`f`.`owner_name` AS `owner_name`,`f`.`owner_address` AS `owner_address`,`f`.`administrator_name` AS `administrator_name`,`f`.`administrator_address` AS `administrator_address`,`f`.`rpuid` AS `rpuid`,`f`.`lguid` AS `lguid`,`f`.`txntype_objid` AS `txntype_objid`,`ft`.`displaycode` AS `txntype_code`,`rpu`.`rputype` AS `rputype`,`rpu`.`ry` AS `ry`,`rpu`.`fullpin` AS `fullpin`,`rpu`.`taxable` AS `taxable`,`rpu`.`totalareaha` AS `totalareaha`,`rpu`.`totalareasqm` AS `totalareasqm`,`rpu`.`totalbmv` AS `totalbmv`,`rpu`.`totalmv` AS `totalmv`,`rpu`.`totalav` AS `totalav`,`rp`.`section` AS `section`,`rp`.`parcel` AS `parcel`,`rp`.`surveyno` AS `surveyno`,`rp`.`cadastrallotno` AS `cadastrallotno`,`rp`.`blockno` AS `blockno`,`rp`.`claimno` AS `claimno`,`rp`.`street` AS `street`,`o`.`name` AS `lguname`,`b`.`name` AS `barangay`,`pc`.`code` AS `classcode`,`pc`.`name` AS `classification` from (((((((((`assessmentnoticeitem` `ni` join `faas` `f` on((`ni`.`faasid` = `f`.`objid`))) left join `txnsignatory` `ts` on(((`ts`.`refid` = `f`.`objid`) and (`ts`.`type` = 'APPROVER')))) join `rpu` on((`f`.`rpuid` = `rpu`.`objid`))) join `propertyclassification` `pc` on((`rpu`.`classification_objid` = `pc`.`objid`))) join `realproperty` `rp` on((`f`.`realpropertyid` = `rp`.`objid`))) join `barangay` `b` on((`rp`.`barangayid` = `b`.`objid`))) join `sys_org` `o` on((`f`.`lguid` = `o`.`objid`))) join `entity` `e` on((`f`.`taxpayer_objid` = `e`.`objid`))) join `faas_txntype` `ft` on((`f`.`txntype_objid` = `ft`.`objid`))) */;
/*!50001 SET character_set_client      = @saved_cs_client */;
/*!50001 SET character_set_results     = @saved_cs_results */;
/*!50001 SET collation_connection      = @saved_col_connection */;

--
-- Final view structure for view `vw_batch_rpttaxcredit_error`
--

/*!50001 DROP TABLE IF EXISTS `vw_batch_rpttaxcredit_error`*/;
/*!50001 DROP VIEW IF EXISTS `vw_batch_rpttaxcredit_error`*/;
/*!50001 SET @saved_cs_client          = @@character_set_client */;
/*!50001 SET @saved_cs_results         = @@character_set_results */;
/*!50001 SET @saved_col_connection     = @@collation_connection */;
/*!50001 SET character_set_client      = utf8 */;
/*!50001 SET character_set_results     = utf8 */;
/*!50001 SET collation_connection      = utf8_general_ci */;
/*!50001 CREATE ALGORITHM=UNDEFINED */
/*!50013 DEFINER=`root`@`localhost` SQL SECURITY DEFINER */
/*!50001 VIEW `vw_batch_rpttaxcredit_error` AS select `br`.`objid` AS `objid`,`br`.`parentid` AS `parentid`,`br`.`state` AS `state`,`br`.`error` AS `error`,`br`.`barangayid` AS `barangayid`,`rl`.`tdno` AS `tdno` from (`batch_rpttaxcredit_ledger` `br` join `rptledger` `rl` on((`br`.`objid` = `rl`.`objid`))) where (`br`.`state` = 'ERROR') */;
/*!50001 SET character_set_client      = @saved_cs_client */;
/*!50001 SET character_set_results     = @saved_cs_results */;
/*!50001 SET collation_connection      = @saved_col_connection */;

--
-- Final view structure for view `vw_batchgr`
--

/*!50001 DROP TABLE IF EXISTS `vw_batchgr`*/;
/*!50001 DROP VIEW IF EXISTS `vw_batchgr`*/;
/*!50001 SET @saved_cs_client          = @@character_set_client */;
/*!50001 SET @saved_cs_results         = @@character_set_results */;
/*!50001 SET @saved_col_connection     = @@collation_connection */;
/*!50001 SET character_set_client      = utf8 */;
/*!50001 SET character_set_results     = utf8 */;
/*!50001 SET collation_connection      = utf8_general_ci */;
/*!50001 CREATE ALGORITHM=UNDEFINED */
/*!50013 DEFINER=`mark`@`%` SQL SECURITY DEFINER */
/*!50001 VIEW `vw_batchgr` AS select `bg`.`objid` AS `objid`,`bg`.`state` AS `state`,`bg`.`ry` AS `ry`,`bg`.`lgu_objid` AS `lgu_objid`,`bg`.`barangay_objid` AS `barangay_objid`,`bg`.`rputype` AS `rputype`,`bg`.`classification_objid` AS `classification_objid`,`bg`.`section` AS `section`,`bg`.`memoranda` AS `memoranda`,`bg`.`txntype_objid` AS `txntype_objid`,`bg`.`txnno` AS `txnno`,`bg`.`txndate` AS `txndate`,`bg`.`effectivityyear` AS `effectivityyear`,`bg`.`effectivityqtr` AS `effectivityqtr`,`bg`.`originlgu_objid` AS `originlgu_objid`,`l`.`name` AS `lgu_name`,`b`.`name` AS `barangay_name`,`pc`.`name` AS `classification_name`,`t`.`objid` AS `taskid`,`t`.`state` AS `taskstate`,`t`.`assignee_objid` AS `assignee_objid` from ((((`batchgr` `bg` join `sys_org` `l` on((`bg`.`lgu_objid` = `l`.`objid`))) left join `sys_org` `b` on((`bg`.`barangay_objid` = `b`.`objid`))) left join `propertyclassification` `pc` on((`bg`.`classification_objid` = `pc`.`objid`))) left join `batchgr_task` `t` on(((`bg`.`objid` = `t`.`refid`) and isnull(`t`.`enddate`)))) */;
/*!50001 SET character_set_client      = @saved_cs_client */;
/*!50001 SET character_set_results     = @saved_cs_results */;
/*!50001 SET collation_connection      = @saved_col_connection */;

--
-- Final view structure for view `vw_business_application_lob_retire`
--

/*!50001 DROP TABLE IF EXISTS `vw_business_application_lob_retire`*/;
/*!50001 DROP VIEW IF EXISTS `vw_business_application_lob_retire`*/;
/*!50001 SET @saved_cs_client          = @@character_set_client */;
/*!50001 SET @saved_cs_results         = @@character_set_results */;
/*!50001 SET @saved_col_connection     = @@collation_connection */;
/*!50001 SET character_set_client      = utf8 */;
/*!50001 SET character_set_results     = utf8 */;
/*!50001 SET collation_connection      = utf8_general_ci */;
/*!50001 CREATE ALGORITHM=UNDEFINED */
/*!50013 DEFINER=`mark`@`%` SQL SECURITY DEFINER */
/*!50001 VIEW `vw_business_application_lob_retire` AS select `a`.`business_objid` AS `businessid`,`a`.`objid` AS `applicationid`,`a`.`appno` AS `appno`,`a`.`appyear` AS `appyear`,`a`.`dtfiled` AS `dtfiled`,`a`.`txndate` AS `txndate`,`a`.`tradename` AS `tradename`,`b`.`bin` AS `bin`,`alob`.`assessmenttype` AS `assessmenttype`,`alob`.`lobid` AS `lobid`,`alob`.`name` AS `lobname`,`a`.`objid` AS `refid`,`a`.`appno` AS `refno` from ((`business_application` `a` join `business_application_lob` `alob` on((`alob`.`applicationid` = `a`.`objid`))) join `business` `b` on((`b`.`objid` = `a`.`business_objid`))) where ((`alob`.`assessmenttype` = 'RETIRE') and (`a`.`state` = 'COMPLETED') and isnull(`a`.`parentapplicationid`)) union all select `pa`.`business_objid` AS `businessid`,`pa`.`objid` AS `applicationid`,`pa`.`appno` AS `appno`,`pa`.`appyear` AS `appyear`,`pa`.`dtfiled` AS `dtfiled`,`pa`.`txndate` AS `txndate`,`pa`.`tradename` AS `tradename`,`b`.`bin` AS `bin`,`alob`.`assessmenttype` AS `assessmenttype`,`alob`.`lobid` AS `lobid`,`alob`.`name` AS `lobname`,`a`.`objid` AS `refid`,`a`.`appno` AS `refno` from (((`business_application` `a` join `business_application` `pa` on((`pa`.`objid` = `a`.`parentapplicationid`))) join `business_application_lob` `alob` on((`alob`.`applicationid` = `a`.`objid`))) join `business` `b` on((`b`.`objid` = `pa`.`business_objid`))) where ((`alob`.`assessmenttype` = 'RETIRE') and (`a`.`state` = 'COMPLETED')) */;
/*!50001 SET character_set_client      = @saved_cs_client */;
/*!50001 SET character_set_results     = @saved_cs_results */;
/*!50001 SET collation_connection      = @saved_col_connection */;

--
-- Final view structure for view `vw_cashbook_cashreceipt`
--

/*!50001 DROP TABLE IF EXISTS `vw_cashbook_cashreceipt`*/;
/*!50001 DROP VIEW IF EXISTS `vw_cashbook_cashreceipt`*/;
/*!50001 SET @saved_cs_client          = @@character_set_client */;
/*!50001 SET @saved_cs_results         = @@character_set_results */;
/*!50001 SET @saved_col_connection     = @@collation_connection */;
/*!50001 SET character_set_client      = utf8 */;
/*!50001 SET character_set_results     = utf8 */;
/*!50001 SET collation_connection      = utf8_general_ci */;
/*!50001 CREATE ALGORITHM=UNDEFINED */
/*!50013 DEFINER=`mark`@`%` SQL SECURITY DEFINER */
/*!50001 VIEW `vw_cashbook_cashreceipt` AS select `c`.`objid` AS `objid`,`c`.`txndate` AS `txndate`,cast(`c`.`receiptdate` as date) AS `refdate`,`c`.`objid` AS `refid`,`c`.`receiptno` AS `refno`,'cashreceipt' AS `reftype`,concat(`ct`.`name`,' (',`c`.`paidby`,')') AS `particulars`,`ci`.`item_fund_objid` AS `fundid`,`c`.`collector_objid` AS `collectorid`,`ci`.`amount` AS `dr`,0.0 AS `cr`,`c`.`formno` AS `formno`,`c`.`formtype` AS `formtype`,`c`.`series` AS `series`,`c`.`controlid` AS `controlid`,`c`.`txndate` AS `sortdate`,`c`.`receiptdate` AS `receiptdate`,`c`.`objid` AS `receiptid`,`c`.`remittanceid` AS `remittanceid`,`r`.`controldate` AS `remittancedate`,`r`.`dtposted` AS `remittancedtposted` from (((`cashreceipt` `c` join `collectiontype` `ct` on((`ct`.`objid` = `c`.`collectiontype_objid`))) join `cashreceiptitem` `ci` on((`ci`.`receiptid` = `c`.`objid`))) left join `remittance` `r` on((`r`.`objid` = `c`.`remittanceid`))) */;
/*!50001 SET character_set_client      = @saved_cs_client */;
/*!50001 SET character_set_results     = @saved_cs_results */;
/*!50001 SET collation_connection      = @saved_col_connection */;

--
-- Final view structure for view `vw_cashbook_cashreceipt_share`
--

/*!50001 DROP TABLE IF EXISTS `vw_cashbook_cashreceipt_share`*/;
/*!50001 DROP VIEW IF EXISTS `vw_cashbook_cashreceipt_share`*/;
/*!50001 SET @saved_cs_client          = @@character_set_client */;
/*!50001 SET @saved_cs_results         = @@character_set_results */;
/*!50001 SET @saved_col_connection     = @@collation_connection */;
/*!50001 SET character_set_client      = utf8 */;
/*!50001 SET character_set_results     = utf8 */;
/*!50001 SET collation_connection      = utf8_general_ci */;
/*!50001 CREATE ALGORITHM=UNDEFINED */
/*!50013 DEFINER=`mark`@`%` SQL SECURITY DEFINER */
/*!50001 VIEW `vw_cashbook_cashreceipt_share` AS select `c`.`objid` AS `objid`,`c`.`txndate` AS `txndate`,cast(`c`.`receiptdate` as date) AS `refdate`,`c`.`objid` AS `refid`,`c`.`receiptno` AS `refno`,'cashreceipt' AS `reftype`,concat(`ct`.`name`,' (',`c`.`paidby`,')') AS `particulars`,`ia`.`fund_objid` AS `fundid`,`c`.`collector_objid` AS `collectorid`,`cs`.`amount` AS `dr`,0.0 AS `cr`,`c`.`formno` AS `formno`,`c`.`formtype` AS `formtype`,`c`.`series` AS `series`,`c`.`controlid` AS `controlid`,`c`.`txndate` AS `sortdate`,`c`.`receiptdate` AS `receiptdate`,`c`.`objid` AS `receiptid`,`cs`.`refitem_objid` AS `refitemid`,`c`.`remittanceid` AS `remittanceid`,`r`.`controldate` AS `remittancedate`,`r`.`dtposted` AS `remittancedtposted` from ((((`cashreceipt` `c` join `collectiontype` `ct` on((`ct`.`objid` = `c`.`collectiontype_objid`))) join `cashreceipt_share` `cs` on((`cs`.`receiptid` = `c`.`objid`))) join `itemaccount` `ia` on((`ia`.`objid` = `cs`.`refitem_objid`))) left join `remittance` `r` on((`r`.`objid` = `c`.`remittanceid`))) */;
/*!50001 SET character_set_client      = @saved_cs_client */;
/*!50001 SET character_set_results     = @saved_cs_results */;
/*!50001 SET collation_connection      = @saved_col_connection */;

--
-- Final view structure for view `vw_cashbook_cashreceipt_share_payable`
--

/*!50001 DROP TABLE IF EXISTS `vw_cashbook_cashreceipt_share_payable`*/;
/*!50001 DROP VIEW IF EXISTS `vw_cashbook_cashreceipt_share_payable`*/;
/*!50001 SET @saved_cs_client          = @@character_set_client */;
/*!50001 SET @saved_cs_results         = @@character_set_results */;
/*!50001 SET @saved_col_connection     = @@collation_connection */;
/*!50001 SET character_set_client      = utf8 */;
/*!50001 SET character_set_results     = utf8 */;
/*!50001 SET collation_connection      = utf8_general_ci */;
/*!50001 CREATE ALGORITHM=UNDEFINED */
/*!50013 DEFINER=`mark`@`%` SQL SECURITY DEFINER */
/*!50001 VIEW `vw_cashbook_cashreceipt_share_payable` AS select `c`.`objid` AS `objid`,`c`.`txndate` AS `txndate`,cast(`c`.`receiptdate` as date) AS `refdate`,`c`.`objid` AS `refid`,`c`.`receiptno` AS `refno`,'cashreceipt' AS `reftype`,concat(`ct`.`name`,' (',`c`.`paidby`,')') AS `particulars`,`ia`.`fund_objid` AS `fundid`,`c`.`collector_objid` AS `collectorid`,`cs`.`amount` AS `dr`,0.0 AS `cr`,`c`.`formno` AS `formno`,`c`.`formtype` AS `formtype`,`c`.`series` AS `series`,`c`.`controlid` AS `controlid`,`c`.`txndate` AS `sortdate`,`c`.`receiptdate` AS `receiptdate`,`c`.`objid` AS `receiptid`,`cs`.`payableitem_objid` AS `payableitemid`,`c`.`remittanceid` AS `remittanceid`,`r`.`controldate` AS `remittancedate`,`r`.`dtposted` AS `remittancedtposted` from ((((`cashreceipt` `c` join `collectiontype` `ct` on((`ct`.`objid` = `c`.`collectiontype_objid`))) join `cashreceipt_share` `cs` on((`cs`.`receiptid` = `c`.`objid`))) join `itemaccount` `ia` on((`ia`.`objid` = `cs`.`payableitem_objid`))) left join `remittance` `r` on((`r`.`objid` = `c`.`remittanceid`))) */;
/*!50001 SET character_set_client      = @saved_cs_client */;
/*!50001 SET character_set_results     = @saved_cs_results */;
/*!50001 SET collation_connection      = @saved_col_connection */;

--
-- Final view structure for view `vw_cashbook_cashreceiptvoid`
--

/*!50001 DROP TABLE IF EXISTS `vw_cashbook_cashreceiptvoid`*/;
/*!50001 DROP VIEW IF EXISTS `vw_cashbook_cashreceiptvoid`*/;
/*!50001 SET @saved_cs_client          = @@character_set_client */;
/*!50001 SET @saved_cs_results         = @@character_set_results */;
/*!50001 SET @saved_col_connection     = @@collation_connection */;
/*!50001 SET character_set_client      = utf8 */;
/*!50001 SET character_set_results     = utf8 */;
/*!50001 SET collation_connection      = utf8_general_ci */;
/*!50001 CREATE ALGORITHM=UNDEFINED */
/*!50013 DEFINER=`mark`@`%` SQL SECURITY DEFINER */
/*!50001 VIEW `vw_cashbook_cashreceiptvoid` AS select `v`.`objid` AS `objid`,`v`.`txndate` AS `txndate`,cast(`v`.`txndate` as date) AS `refdate`,`v`.`objid` AS `refid`,`c`.`receiptno` AS `refno`,'cashreceipt:void' AS `reftype`,concat('VOID ',`v`.`reason`) AS `particulars`,`ci`.`item_fund_objid` AS `fundid`,`c`.`collector_objid` AS `collectorid`,`ci`.`amount` AS `dr`,(case when isnull(`r`.`liquidatingofficer_objid`) then 0.0 when (`v`.`txndate` > `r`.`dtposted`) then `ci`.`amount` else 0.0 end) AS `cr`,`c`.`formno` AS `formno`,`c`.`formtype` AS `formtype`,`c`.`series` AS `series`,`c`.`controlid` AS `controlid`,`v`.`txndate` AS `sortdate`,`c`.`receiptdate` AS `receiptdate`,`c`.`remittanceid` AS `remittanceid`,`r`.`controldate` AS `remittancedate`,`r`.`dtposted` AS `remittancedtposted` from ((((`cashreceipt_void` `v` join `cashreceipt` `c` on((`c`.`objid` = `v`.`receiptid`))) join `cashreceiptitem` `ci` on((`ci`.`receiptid` = `c`.`objid`))) join `collectiontype` `ct` on((`ct`.`objid` = `c`.`collectiontype_objid`))) left join `remittance` `r` on((`r`.`objid` = `c`.`remittanceid`))) */;
/*!50001 SET character_set_client      = @saved_cs_client */;
/*!50001 SET character_set_results     = @saved_cs_results */;
/*!50001 SET collation_connection      = @saved_col_connection */;

--
-- Final view structure for view `vw_cashbook_cashreceiptvoid_share`
--

/*!50001 DROP TABLE IF EXISTS `vw_cashbook_cashreceiptvoid_share`*/;
/*!50001 DROP VIEW IF EXISTS `vw_cashbook_cashreceiptvoid_share`*/;
/*!50001 SET @saved_cs_client          = @@character_set_client */;
/*!50001 SET @saved_cs_results         = @@character_set_results */;
/*!50001 SET @saved_col_connection     = @@collation_connection */;
/*!50001 SET character_set_client      = utf8 */;
/*!50001 SET character_set_results     = utf8 */;
/*!50001 SET collation_connection      = utf8_general_ci */;
/*!50001 CREATE ALGORITHM=UNDEFINED */
/*!50013 DEFINER=`mark`@`%` SQL SECURITY DEFINER */
/*!50001 VIEW `vw_cashbook_cashreceiptvoid_share` AS select `v`.`objid` AS `objid`,`v`.`txndate` AS `txndate`,cast(`v`.`txndate` as date) AS `refdate`,`v`.`objid` AS `refid`,`c`.`receiptno` AS `refno`,'cashreceipt:void' AS `reftype`,concat('VOID ',`v`.`reason`) AS `particulars`,`ia`.`fund_objid` AS `fundid`,`c`.`collector_objid` AS `collectorid`,`cs`.`amount` AS `dr`,(case when isnull(`r`.`liquidatingofficer_objid`) then 0.0 when (`v`.`txndate` > `r`.`dtposted`) then `cs`.`amount` else 0.0 end) AS `cr`,`c`.`formno` AS `formno`,`c`.`formtype` AS `formtype`,`c`.`series` AS `series`,`c`.`controlid` AS `controlid`,`v`.`txndate` AS `sortdate`,`c`.`receiptdate` AS `receiptdate`,`c`.`remittanceid` AS `remittanceid`,`r`.`controldate` AS `remittancedate`,`r`.`dtposted` AS `remittancedtposted` from (((((`cashreceipt_void` `v` join `cashreceipt` `c` on((`c`.`objid` = `v`.`receiptid`))) join `cashreceipt_share` `cs` on((`cs`.`receiptid` = `c`.`objid`))) join `itemaccount` `ia` on((`ia`.`objid` = `cs`.`refitem_objid`))) join `collectiontype` `ct` on((`ct`.`objid` = `c`.`collectiontype_objid`))) left join `remittance` `r` on((`r`.`objid` = `c`.`remittanceid`))) */;
/*!50001 SET character_set_client      = @saved_cs_client */;
/*!50001 SET character_set_results     = @saved_cs_results */;
/*!50001 SET collation_connection      = @saved_col_connection */;

--
-- Final view structure for view `vw_cashbook_cashreceiptvoid_share_payable`
--

/*!50001 DROP TABLE IF EXISTS `vw_cashbook_cashreceiptvoid_share_payable`*/;
/*!50001 DROP VIEW IF EXISTS `vw_cashbook_cashreceiptvoid_share_payable`*/;
/*!50001 SET @saved_cs_client          = @@character_set_client */;
/*!50001 SET @saved_cs_results         = @@character_set_results */;
/*!50001 SET @saved_col_connection     = @@collation_connection */;
/*!50001 SET character_set_client      = utf8 */;
/*!50001 SET character_set_results     = utf8 */;
/*!50001 SET collation_connection      = utf8_general_ci */;
/*!50001 CREATE ALGORITHM=UNDEFINED */
/*!50013 DEFINER=`mark`@`%` SQL SECURITY DEFINER */
/*!50001 VIEW `vw_cashbook_cashreceiptvoid_share_payable` AS select `v`.`objid` AS `objid`,`v`.`txndate` AS `txndate`,cast(`v`.`txndate` as date) AS `refdate`,`v`.`objid` AS `refid`,`c`.`receiptno` AS `refno`,'cashreceipt:void' AS `reftype`,concat('VOID ',`v`.`reason`) AS `particulars`,`ia`.`fund_objid` AS `fundid`,`c`.`collector_objid` AS `collectorid`,`cs`.`amount` AS `dr`,(case when isnull(`r`.`liquidatingofficer_objid`) then 0.0 when (`v`.`txndate` > `r`.`dtposted`) then `cs`.`amount` else 0.0 end) AS `cr`,`c`.`formno` AS `formno`,`c`.`formtype` AS `formtype`,`c`.`series` AS `series`,`c`.`controlid` AS `controlid`,`v`.`txndate` AS `sortdate`,`c`.`receiptdate` AS `receiptdate`,`c`.`remittanceid` AS `remittanceid`,`r`.`controldate` AS `remittancedate`,`r`.`dtposted` AS `remittancedtposted` from (((((`cashreceipt_void` `v` join `cashreceipt` `c` on((`c`.`objid` = `v`.`receiptid`))) join `cashreceipt_share` `cs` on((`cs`.`receiptid` = `c`.`objid`))) join `itemaccount` `ia` on((`ia`.`objid` = `cs`.`payableitem_objid`))) join `collectiontype` `ct` on((`ct`.`objid` = `c`.`collectiontype_objid`))) left join `remittance` `r` on((`r`.`objid` = `c`.`remittanceid`))) */;
/*!50001 SET character_set_client      = @saved_cs_client */;
/*!50001 SET character_set_results     = @saved_cs_results */;
/*!50001 SET collation_connection      = @saved_col_connection */;

--
-- Final view structure for view `vw_cashbook_remittance`
--

/*!50001 DROP TABLE IF EXISTS `vw_cashbook_remittance`*/;
/*!50001 DROP VIEW IF EXISTS `vw_cashbook_remittance`*/;
/*!50001 SET @saved_cs_client          = @@character_set_client */;
/*!50001 SET @saved_cs_results         = @@character_set_results */;
/*!50001 SET @saved_col_connection     = @@collation_connection */;
/*!50001 SET character_set_client      = utf8 */;
/*!50001 SET character_set_results     = utf8 */;
/*!50001 SET collation_connection      = utf8_general_ci */;
/*!50001 CREATE ALGORITHM=UNDEFINED */
/*!50013 DEFINER=`mark`@`%` SQL SECURITY DEFINER */
/*!50001 VIEW `vw_cashbook_remittance` AS select `r`.`objid` AS `objid`,`r`.`dtposted` AS `txndate`,`r`.`controldate` AS `refdate`,`r`.`objid` AS `refid`,`r`.`controlno` AS `refno`,'remittance' AS `reftype`,'REMITTANCE' AS `particulars`,`ci`.`item_fund_objid` AS `fundid`,`r`.`collector_objid` AS `collectorid`,0.0 AS `dr`,`ci`.`amount` AS `cr`,'remittance' AS `formno`,'remittance' AS `formtype`,NULL AS `series`,NULL AS `controlid`,`r`.`dtposted` AS `sortdate`,`r`.`liquidatingofficer_objid` AS `liquidatingofficer_objid`,`r`.`liquidatingofficer_name` AS `liquidatingofficer_name`,`v`.`objid` AS `voidid`,`v`.`txndate` AS `voiddate` from (((`remittance` `r` join `cashreceipt` `c` on((`c`.`remittanceid` = `r`.`objid`))) join `cashreceiptitem` `ci` on((`ci`.`receiptid` = `c`.`objid`))) left join `cashreceipt_void` `v` on((`v`.`receiptid` = `c`.`objid`))) */;
/*!50001 SET character_set_client      = @saved_cs_client */;
/*!50001 SET character_set_results     = @saved_cs_results */;
/*!50001 SET collation_connection      = @saved_col_connection */;

--
-- Final view structure for view `vw_cashbook_remittance_share`
--

/*!50001 DROP TABLE IF EXISTS `vw_cashbook_remittance_share`*/;
/*!50001 DROP VIEW IF EXISTS `vw_cashbook_remittance_share`*/;
/*!50001 SET @saved_cs_client          = @@character_set_client */;
/*!50001 SET @saved_cs_results         = @@character_set_results */;
/*!50001 SET @saved_col_connection     = @@collation_connection */;
/*!50001 SET character_set_client      = utf8 */;
/*!50001 SET character_set_results     = utf8 */;
/*!50001 SET collation_connection      = utf8_general_ci */;
/*!50001 CREATE ALGORITHM=UNDEFINED */
/*!50013 DEFINER=`mark`@`%` SQL SECURITY DEFINER */
/*!50001 VIEW `vw_cashbook_remittance_share` AS select `r`.`objid` AS `objid`,`r`.`dtposted` AS `txndate`,`r`.`controldate` AS `refdate`,`r`.`objid` AS `refid`,`r`.`controlno` AS `refno`,'remittance' AS `reftype`,'REMITTANCE' AS `particulars`,`ia`.`fund_objid` AS `fundid`,`r`.`collector_objid` AS `collectorid`,0.0 AS `dr`,`cs`.`amount` AS `cr`,'remittance' AS `formno`,'remittance' AS `formtype`,NULL AS `series`,NULL AS `controlid`,`r`.`dtposted` AS `sortdate`,`r`.`liquidatingofficer_objid` AS `liquidatingofficer_objid`,`r`.`liquidatingofficer_name` AS `liquidatingofficer_name`,`v`.`objid` AS `voidid`,`v`.`txndate` AS `voiddate` from ((((`remittance` `r` join `cashreceipt` `c` on((`c`.`remittanceid` = `r`.`objid`))) join `cashreceipt_share` `cs` on((`cs`.`receiptid` = `c`.`objid`))) join `itemaccount` `ia` on((`ia`.`objid` = `cs`.`refitem_objid`))) left join `cashreceipt_void` `v` on((`v`.`receiptid` = `c`.`objid`))) */;
/*!50001 SET character_set_client      = @saved_cs_client */;
/*!50001 SET character_set_results     = @saved_cs_results */;
/*!50001 SET collation_connection      = @saved_col_connection */;

--
-- Final view structure for view `vw_cashbook_remittance_share_payable`
--

/*!50001 DROP TABLE IF EXISTS `vw_cashbook_remittance_share_payable`*/;
/*!50001 DROP VIEW IF EXISTS `vw_cashbook_remittance_share_payable`*/;
/*!50001 SET @saved_cs_client          = @@character_set_client */;
/*!50001 SET @saved_cs_results         = @@character_set_results */;
/*!50001 SET @saved_col_connection     = @@collation_connection */;
/*!50001 SET character_set_client      = utf8 */;
/*!50001 SET character_set_results     = utf8 */;
/*!50001 SET collation_connection      = utf8_general_ci */;
/*!50001 CREATE ALGORITHM=UNDEFINED */
/*!50013 DEFINER=`mark`@`%` SQL SECURITY DEFINER */
/*!50001 VIEW `vw_cashbook_remittance_share_payable` AS select `r`.`objid` AS `objid`,`r`.`dtposted` AS `txndate`,`r`.`controldate` AS `refdate`,`r`.`objid` AS `refid`,`r`.`controlno` AS `refno`,'remittance' AS `reftype`,'REMITTANCE' AS `particulars`,`ia`.`fund_objid` AS `fundid`,`r`.`collector_objid` AS `collectorid`,0.0 AS `dr`,`cs`.`amount` AS `cr`,'remittance' AS `formno`,'remittance' AS `formtype`,NULL AS `series`,NULL AS `controlid`,`r`.`dtposted` AS `sortdate`,`r`.`liquidatingofficer_objid` AS `liquidatingofficer_objid`,`r`.`liquidatingofficer_name` AS `liquidatingofficer_name`,`v`.`objid` AS `voidid`,`v`.`txndate` AS `voiddate` from ((((`remittance` `r` join `cashreceipt` `c` on((`c`.`remittanceid` = `r`.`objid`))) join `cashreceipt_share` `cs` on((`cs`.`receiptid` = `c`.`objid`))) join `itemaccount` `ia` on((`ia`.`objid` = `cs`.`payableitem_objid`))) left join `cashreceipt_void` `v` on((`v`.`receiptid` = `c`.`objid`))) */;
/*!50001 SET character_set_client      = @saved_cs_client */;
/*!50001 SET character_set_results     = @saved_cs_results */;
/*!50001 SET collation_connection      = @saved_col_connection */;

--
-- Final view structure for view `vw_cashreceipt_itemaccount`
--

/*!50001 DROP TABLE IF EXISTS `vw_cashreceipt_itemaccount`*/;
/*!50001 DROP VIEW IF EXISTS `vw_cashreceipt_itemaccount`*/;
/*!50001 SET @saved_cs_client          = @@character_set_client */;
/*!50001 SET @saved_cs_results         = @@character_set_results */;
/*!50001 SET @saved_col_connection     = @@collation_connection */;
/*!50001 SET character_set_client      = utf8 */;
/*!50001 SET character_set_results     = utf8 */;
/*!50001 SET collation_connection      = utf8_general_ci */;
/*!50001 CREATE ALGORITHM=UNDEFINED */
/*!50013 DEFINER=`mark`@`%` SQL SECURITY DEFINER */
/*!50001 VIEW `vw_cashreceipt_itemaccount` AS select `itemaccount`.`objid` AS `objid`,`itemaccount`.`state` AS `state`,`itemaccount`.`code` AS `code`,`itemaccount`.`title` AS `title`,`itemaccount`.`description` AS `description`,`itemaccount`.`type` AS `type`,`itemaccount`.`fund_objid` AS `fund_objid`,`itemaccount`.`fund_code` AS `fund_code`,`itemaccount`.`fund_title` AS `fund_title`,`itemaccount`.`defaultvalue` AS `defaultvalue`,`itemaccount`.`valuetype` AS `valuetype`,`itemaccount`.`sortorder` AS `sortorder`,`itemaccount`.`org_objid` AS `orgid`,`itemaccount`.`hidefromlookup` AS `hidefromlookup` from `itemaccount` where ((`itemaccount`.`state` = 'ACTIVE') and (`itemaccount`.`type` in ('REVENUE','NONREVENUE','PAYABLE')) and (ifnull(`itemaccount`.`generic`,0) = 0)) */;
/*!50001 SET character_set_client      = @saved_cs_client */;
/*!50001 SET character_set_results     = @saved_cs_results */;
/*!50001 SET collation_connection      = @saved_col_connection */;

--
-- Final view structure for view `vw_cashreceipt_itemaccount_collectiongroup`
--

/*!50001 DROP TABLE IF EXISTS `vw_cashreceipt_itemaccount_collectiongroup`*/;
/*!50001 DROP VIEW IF EXISTS `vw_cashreceipt_itemaccount_collectiongroup`*/;
/*!50001 SET @saved_cs_client          = @@character_set_client */;
/*!50001 SET @saved_cs_results         = @@character_set_results */;
/*!50001 SET @saved_col_connection     = @@collation_connection */;
/*!50001 SET character_set_client      = utf8 */;
/*!50001 SET character_set_results     = utf8 */;
/*!50001 SET collation_connection      = utf8_general_ci */;
/*!50001 CREATE ALGORITHM=UNDEFINED */
/*!50013 DEFINER=`mark`@`%` SQL SECURITY DEFINER */
/*!50001 VIEW `vw_cashreceipt_itemaccount_collectiongroup` AS select `ia`.`objid` AS `objid`,`ia`.`state` AS `state`,`ia`.`code` AS `code`,`ia`.`title` AS `title`,`ia`.`description` AS `description`,`ia`.`type` AS `type`,`ia`.`fund_objid` AS `fund_objid`,`ia`.`fund_code` AS `fund_code`,`ia`.`fund_title` AS `fund_title`,(case when (`ca`.`defaultvalue` = 0) then `ia`.`defaultvalue` else `ca`.`defaultvalue` end) AS `defaultvalue`,(case when (`ca`.`defaultvalue` = 0) then `ia`.`valuetype` else `ca`.`valuetype` end) AS `valuetype`,`ca`.`sortorder` AS `sortorder`,`ia`.`org_objid` AS `orgid`,`ca`.`collectiongroupid` AS `collectiongroupid`,`ia`.`generic` AS `generic` from (`collectiongroup_account` `ca` join `itemaccount` `ia` on((`ia`.`objid` = `ca`.`account_objid`))) */;
/*!50001 SET character_set_client      = @saved_cs_client */;
/*!50001 SET character_set_results     = @saved_cs_results */;
/*!50001 SET collation_connection      = @saved_col_connection */;

--
-- Final view structure for view `vw_cashreceipt_itemaccount_collectiontype`
--

/*!50001 DROP TABLE IF EXISTS `vw_cashreceipt_itemaccount_collectiontype`*/;
/*!50001 DROP VIEW IF EXISTS `vw_cashreceipt_itemaccount_collectiontype`*/;
/*!50001 SET @saved_cs_client          = @@character_set_client */;
/*!50001 SET @saved_cs_results         = @@character_set_results */;
/*!50001 SET @saved_col_connection     = @@collation_connection */;
/*!50001 SET character_set_client      = utf8 */;
/*!50001 SET character_set_results     = utf8 */;
/*!50001 SET collation_connection      = utf8_general_ci */;
/*!50001 CREATE ALGORITHM=UNDEFINED */
/*!50013 DEFINER=`mark`@`%` SQL SECURITY DEFINER */
/*!50001 VIEW `vw_cashreceipt_itemaccount_collectiontype` AS select `ia`.`objid` AS `objid`,`ia`.`state` AS `state`,`ia`.`code` AS `code`,`ia`.`title` AS `title`,`ia`.`description` AS `description`,`ia`.`type` AS `type`,`ia`.`fund_objid` AS `fund_objid`,`ia`.`fund_code` AS `fund_code`,`ia`.`fund_title` AS `fund_title`,`ca`.`defaultvalue` AS `defaultvalue`,(case when isnull(`ca`.`valuetype`) then 'ANY' else `ca`.`valuetype` end) AS `valuetype`,(case when isnull(`ca`.`sortorder`) then 0 else `ca`.`sortorder` end) AS `sortorder`,NULL AS `orgid`,`ca`.`collectiontypeid` AS `collectiontypeid`,0 AS `hasorg`,`ia`.`hidefromlookup` AS `hidefromlookup` from (((`collectiontype` `ct` join `collectiontype_account` `ca` on((`ca`.`collectiontypeid` = `ct`.`objid`))) join `itemaccount` `ia` on((`ia`.`objid` = `ca`.`account_objid`))) left join `collectiontype_org` `o` on((`o`.`collectiontypeid` = `ca`.`objid`))) where (isnull(`o`.`objid`) and (`ia`.`state` = 'ACTIVE') and (`ia`.`type` in ('REVENUE','NONREVENUE','PAYABLE'))) union all select `ia`.`objid` AS `objid`,`ia`.`state` AS `state`,`ia`.`code` AS `code`,`ia`.`title` AS `title`,`ia`.`description` AS `description`,`ia`.`type` AS `type`,`ia`.`fund_objid` AS `fund_objid`,`ia`.`fund_code` AS `fund_code`,`ia`.`fund_title` AS `fund_title`,`ca`.`defaultvalue` AS `defaultvalue`,(case when isnull(`ca`.`valuetype`) then 'ANY' else `ca`.`valuetype` end) AS `valuetype`,(case when isnull(`ca`.`sortorder`) then 0 else `ca`.`sortorder` end) AS `sortorder`,`o`.`org_objid` AS `orgid`,`ca`.`collectiontypeid` AS `collectiontypeid`,1 AS `hasorg`,`ia`.`hidefromlookup` AS `hidefromlookup` from (((`collectiontype` `ct` join `collectiontype_org` `o` on((`o`.`collectiontypeid` = `ct`.`objid`))) join `collectiontype_account` `ca` on((`ca`.`collectiontypeid` = `ct`.`objid`))) join `itemaccount` `ia` on((`ia`.`objid` = `ca`.`account_objid`))) where ((`ia`.`state` = 'ACTIVE') and (`ia`.`type` in ('REVENUE','NONREVENUE','PAYABLE'))) */;
/*!50001 SET character_set_client      = @saved_cs_client */;
/*!50001 SET character_set_results     = @saved_cs_results */;
/*!50001 SET collation_connection      = @saved_col_connection */;

--
-- Final view structure for view `vw_cashreceiptpayment_noncash`
--

/*!50001 DROP TABLE IF EXISTS `vw_cashreceiptpayment_noncash`*/;
/*!50001 DROP VIEW IF EXISTS `vw_cashreceiptpayment_noncash`*/;
/*!50001 SET @saved_cs_client          = @@character_set_client */;
/*!50001 SET @saved_cs_results         = @@character_set_results */;
/*!50001 SET @saved_col_connection     = @@collation_connection */;
/*!50001 SET character_set_client      = utf8 */;
/*!50001 SET character_set_results     = utf8 */;
/*!50001 SET collation_connection      = utf8_general_ci */;
/*!50001 CREATE ALGORITHM=UNDEFINED */
/*!50013 DEFINER=`mark`@`%` SQL SECURITY DEFINER */
/*!50001 VIEW `vw_cashreceiptpayment_noncash` AS select `nc`.`objid` AS `objid`,`nc`.`receiptid` AS `receiptid`,`nc`.`refno` AS `refno`,`nc`.`refdate` AS `refdate`,`nc`.`reftype` AS `reftype`,`nc`.`amount` AS `amount`,`nc`.`particulars` AS `particulars`,`nc`.`account_objid` AS `account_objid`,`nc`.`account_code` AS `account_code`,`nc`.`account_name` AS `account_name`,`nc`.`account_fund_objid` AS `account_fund_objid`,`nc`.`account_fund_name` AS `account_fund_name`,`nc`.`account_bank` AS `account_bank`,`nc`.`fund_objid` AS `fund_objid`,`nc`.`refid` AS `refid`,`nc`.`checkid` AS `checkid`,`nc`.`voidamount` AS `voidamount`,`v`.`objid` AS `void_objid`,(case when isnull(`v`.`objid`) then 0 else 1 end) AS `voided`,`c`.`receiptno` AS `receipt_receiptno`,`c`.`receiptdate` AS `receipt_receiptdate`,`c`.`amount` AS `receipt_amount`,`c`.`collector_objid` AS `receipt_collector_objid`,`c`.`collector_name` AS `receipt_collector_name`,`c`.`remittanceid` AS `remittanceid`,`rem`.`objid` AS `remittance_objid`,`rem`.`controlno` AS `remittance_controlno`,`rem`.`controldate` AS `remittance_controldate` from (((`cashreceiptpayment_noncash` `nc` join `cashreceipt` `c` on((`c`.`objid` = `nc`.`receiptid`))) left join `cashreceipt_void` `v` on((`v`.`receiptid` = `c`.`objid`))) left join `remittance` `rem` on((`rem`.`objid` = `c`.`remittanceid`))) */;
/*!50001 SET character_set_client      = @saved_cs_client */;
/*!50001 SET character_set_results     = @saved_cs_results */;
/*!50001 SET collation_connection      = @saved_col_connection */;

--
-- Final view structure for view `vw_cashreceiptpayment_noncash_liquidated`
--

/*!50001 DROP TABLE IF EXISTS `vw_cashreceiptpayment_noncash_liquidated`*/;
/*!50001 DROP VIEW IF EXISTS `vw_cashreceiptpayment_noncash_liquidated`*/;
/*!50001 SET @saved_cs_client          = @@character_set_client */;
/*!50001 SET @saved_cs_results         = @@character_set_results */;
/*!50001 SET @saved_col_connection     = @@collation_connection */;
/*!50001 SET character_set_client      = utf8 */;
/*!50001 SET character_set_results     = utf8 */;
/*!50001 SET collation_connection      = utf8_general_ci */;
/*!50001 CREATE ALGORITHM=UNDEFINED */
/*!50013 DEFINER=`mark`@`%` SQL SECURITY DEFINER */
/*!50001 VIEW `vw_cashreceiptpayment_noncash_liquidated` AS select `nc`.`objid` AS `objid`,`nc`.`receiptid` AS `receiptid`,`nc`.`refno` AS `refno`,`nc`.`refdate` AS `refdate`,`nc`.`reftype` AS `reftype`,`nc`.`amount` AS `amount`,`nc`.`particulars` AS `particulars`,`nc`.`account_objid` AS `account_objid`,`nc`.`account_code` AS `account_code`,`nc`.`account_name` AS `account_name`,`nc`.`account_fund_objid` AS `account_fund_objid`,`nc`.`account_fund_name` AS `account_fund_name`,`nc`.`account_bank` AS `account_bank`,`nc`.`fund_objid` AS `fund_objid`,`nc`.`refid` AS `refid`,`nc`.`checkid` AS `checkid`,`nc`.`voidamount` AS `voidamount`,`v`.`objid` AS `void_objid`,(case when isnull(`v`.`objid`) then 0 else 1 end) AS `voided`,`c`.`receiptno` AS `receipt_receiptno`,`c`.`receiptdate` AS `receipt_receiptdate`,`c`.`amount` AS `receipt_amount`,`c`.`collector_objid` AS `receipt_collector_objid`,`c`.`collector_name` AS `receipt_collector_name`,`c`.`remittanceid` AS `remittanceid`,`r`.`objid` AS `remittance_objid`,`r`.`controlno` AS `remittance_controlno`,`r`.`controldate` AS `remittance_controldate`,`r`.`collectionvoucherid` AS `collectionvoucherid`,`cv`.`objid` AS `collectionvoucher_objid`,`cv`.`controlno` AS `collectionvoucher_controlno`,`cv`.`controldate` AS `collectionvoucher_controldate`,`cv`.`depositvoucherid` AS `depositvoucherid` from ((((`collectionvoucher` `cv` join `remittance` `r` on((`r`.`collectionvoucherid` = `cv`.`objid`))) join `cashreceipt` `c` on((`c`.`remittanceid` = `r`.`objid`))) join `cashreceiptpayment_noncash` `nc` on((`nc`.`receiptid` = `c`.`objid`))) left join `cashreceipt_void` `v` on((`v`.`receiptid` = `c`.`objid`))) */;
/*!50001 SET character_set_client      = @saved_cs_client */;
/*!50001 SET character_set_results     = @saved_cs_results */;
/*!50001 SET collation_connection      = @saved_col_connection */;

--
-- Final view structure for view `vw_collectiongroup`
--

/*!50001 DROP TABLE IF EXISTS `vw_collectiongroup`*/;
/*!50001 DROP VIEW IF EXISTS `vw_collectiongroup`*/;
/*!50001 SET @saved_cs_client          = @@character_set_client */;
/*!50001 SET @saved_cs_results         = @@character_set_results */;
/*!50001 SET @saved_col_connection     = @@collation_connection */;
/*!50001 SET character_set_client      = utf8 */;
/*!50001 SET character_set_results     = utf8 */;
/*!50001 SET collation_connection      = utf8_general_ci */;
/*!50001 CREATE ALGORITHM=UNDEFINED */
/*!50013 DEFINER=`mark`@`%` SQL SECURITY DEFINER */
/*!50001 VIEW `vw_collectiongroup` AS select `cg`.`objid` AS `objid`,`cg`.`name` AS `name`,`cg`.`sharing` AS `sharing`,NULL AS `orgid` from (`collectiongroup` `cg` left join `collectiongroup_org` `co` on((`co`.`collectiongroupid` = `cg`.`objid`))) where ((`cg`.`state` = 'ACTIVE') and isnull(`co`.`objid`)) union select `cg`.`objid` AS `objid`,`cg`.`name` AS `name`,`cg`.`sharing` AS `sharing`,`co`.`org_objid` AS `orgid` from (`collectiongroup` `cg` join `collectiongroup_org` `co` on((`co`.`collectiongroupid` = `cg`.`objid`))) where (`cg`.`state` = 'ACTIVE') */;
/*!50001 SET character_set_client      = @saved_cs_client */;
/*!50001 SET character_set_results     = @saved_cs_results */;
/*!50001 SET collation_connection      = @saved_col_connection */;

--
-- Final view structure for view `vw_collectiontype`
--

/*!50001 DROP TABLE IF EXISTS `vw_collectiontype`*/;
/*!50001 DROP VIEW IF EXISTS `vw_collectiontype`*/;
/*!50001 SET @saved_cs_client          = @@character_set_client */;
/*!50001 SET @saved_cs_results         = @@character_set_results */;
/*!50001 SET @saved_col_connection     = @@collation_connection */;
/*!50001 SET character_set_client      = utf8 */;
/*!50001 SET character_set_results     = utf8 */;
/*!50001 SET collation_connection      = utf8_general_ci */;
/*!50001 CREATE ALGORITHM=UNDEFINED */
/*!50013 DEFINER=`mark`@`%` SQL SECURITY DEFINER */
/*!50001 VIEW `vw_collectiontype` AS select `c`.`objid` AS `objid`,`c`.`state` AS `state`,`c`.`name` AS `name`,`c`.`title` AS `title`,`c`.`formno` AS `formno`,`c`.`handler` AS `handler`,`c`.`allowbatch` AS `allowbatch`,`c`.`barcodekey` AS `barcodekey`,`c`.`allowonline` AS `allowonline`,`c`.`allowoffline` AS `allowoffline`,`c`.`sortorder` AS `sortorder`,`o`.`org_objid` AS `orgid`,`c`.`fund_objid` AS `fund_objid`,`c`.`fund_title` AS `fund_title`,`c`.`category` AS `category`,`c`.`queuesection` AS `queuesection`,`c`.`system` AS `system`,`af`.`formtype` AS `af_formtype`,`af`.`serieslength` AS `af_serieslength`,`af`.`denomination` AS `af_denomination`,`af`.`baseunit` AS `af_baseunit`,`c`.`allowpaymentorder` AS `allowpaymentorder`,`c`.`allowkiosk` AS `allowkiosk`,`c`.`allowcreditmemo` AS `allowcreditmemo` from ((`collectiontype_org` `o` join `collectiontype` `c` on((`c`.`objid` = `o`.`collectiontypeid`))) join `af` on((`af`.`objid` = `c`.`formno`))) where (`c`.`state` = 'ACTIVE') union select `c`.`objid` AS `objid`,`c`.`state` AS `state`,`c`.`name` AS `name`,`c`.`title` AS `title`,`c`.`formno` AS `formno`,`c`.`handler` AS `handler`,`c`.`allowbatch` AS `allowbatch`,`c`.`barcodekey` AS `barcodekey`,`c`.`allowonline` AS `allowonline`,`c`.`allowoffline` AS `allowoffline`,`c`.`sortorder` AS `sortorder`,NULL AS `orgid`,`c`.`fund_objid` AS `fund_objid`,`c`.`fund_title` AS `fund_title`,`c`.`category` AS `category`,`c`.`queuesection` AS `queuesection`,`c`.`system` AS `system`,`af`.`formtype` AS `af_formtype`,`af`.`serieslength` AS `af_serieslength`,`af`.`denomination` AS `af_denomination`,`af`.`baseunit` AS `af_baseunit`,`c`.`allowpaymentorder` AS `allowpaymentorder`,`c`.`allowkiosk` AS `allowkiosk`,`c`.`allowcreditmemo` AS `allowcreditmemo` from ((`collectiontype` `c` join `af` on((`af`.`objid` = `c`.`formno`))) left join `collectiontype_org` `o` on((`c`.`objid` = `o`.`collectiontypeid`))) where ((`c`.`state` = 'ACTIVE') and isnull(`o`.`objid`)) */;
/*!50001 SET character_set_client      = @saved_cs_client */;
/*!50001 SET character_set_results     = @saved_cs_results */;
/*!50001 SET collation_connection      = @saved_col_connection */;

--
-- Final view structure for view `vw_collectiontype_account`
--

/*!50001 DROP TABLE IF EXISTS `vw_collectiontype_account`*/;
/*!50001 DROP VIEW IF EXISTS `vw_collectiontype_account`*/;
/*!50001 SET @saved_cs_client          = @@character_set_client */;
/*!50001 SET @saved_cs_results         = @@character_set_results */;
/*!50001 SET @saved_col_connection     = @@collation_connection */;
/*!50001 SET character_set_client      = utf8 */;
/*!50001 SET character_set_results     = utf8 */;
/*!50001 SET collation_connection      = utf8_general_ci */;
/*!50001 CREATE ALGORITHM=UNDEFINED */
/*!50013 DEFINER=`mark`@`%` SQL SECURITY DEFINER */
/*!50001 VIEW `vw_collectiontype_account` AS select `ia`.`objid` AS `objid`,`ia`.`code` AS `code`,`ia`.`title` AS `title`,`ia`.`fund_objid` AS `fund_objid`,`fund`.`code` AS `fund_code`,`fund`.`title` AS `fund_title`,`cta`.`collectiontypeid` AS `collectiontypeid`,`cta`.`tag` AS `tag`,`cta`.`valuetype` AS `valuetype`,`cta`.`defaultvalue` AS `defaultvalue` from ((`collectiontype_account` `cta` join `itemaccount` `ia` on((`ia`.`objid` = `cta`.`account_objid`))) join `fund` on((`fund`.`objid` = `ia`.`fund_objid`))) */;
/*!50001 SET character_set_client      = @saved_cs_client */;
/*!50001 SET character_set_results     = @saved_cs_results */;
/*!50001 SET collation_connection      = @saved_col_connection */;

--
-- Final view structure for view `vw_collectionvoucher_cashreceiptitem`
--

/*!50001 DROP TABLE IF EXISTS `vw_collectionvoucher_cashreceiptitem`*/;
/*!50001 DROP VIEW IF EXISTS `vw_collectionvoucher_cashreceiptitem`*/;
/*!50001 SET @saved_cs_client          = @@character_set_client */;
/*!50001 SET @saved_cs_results         = @@character_set_results */;
/*!50001 SET @saved_col_connection     = @@collation_connection */;
/*!50001 SET character_set_client      = utf8 */;
/*!50001 SET character_set_results     = utf8 */;
/*!50001 SET collation_connection      = utf8_general_ci */;
/*!50001 CREATE ALGORITHM=UNDEFINED */
/*!50013 DEFINER=`mark`@`%` SQL SECURITY DEFINER */
/*!50001 VIEW `vw_collectionvoucher_cashreceiptitem` AS select `cv`.`controldate` AS `collectionvoucher_controldate`,`cv`.`controlno` AS `collectionvoucher_controlno`,`v`.`remittanceid` AS `remittanceid`,`v`.`remittance_controldate` AS `remittance_controldate`,`v`.`remittance_controlno` AS `remittance_controlno`,`v`.`collectionvoucherid` AS `collectionvoucherid`,`v`.`collectiontype_objid` AS `collectiontype_objid`,`v`.`collectiontype_name` AS `collectiontype_name`,`v`.`org_objid` AS `org_objid`,`v`.`org_name` AS `org_name`,`v`.`formtype` AS `formtype`,`v`.`formno` AS `formno`,`v`.`receiptid` AS `receiptid`,`v`.`receiptdate` AS `receiptdate`,`v`.`receiptno` AS `receiptno`,`v`.`controlid` AS `controlid`,`v`.`series` AS `series`,`v`.`stubno` AS `stubno`,`v`.`paidby` AS `paidby`,`v`.`paidbyaddress` AS `paidbyaddress`,`v`.`collectorid` AS `collectorid`,`v`.`collectorname` AS `collectorname`,`v`.`collectortitle` AS `collectortitle`,`v`.`fundid` AS `fundid`,`v`.`acctid` AS `acctid`,`v`.`acctcode` AS `acctcode`,`v`.`acctname` AS `acctname`,`v`.`remarks` AS `remarks`,`v`.`amount` AS `amount`,`v`.`voided` AS `voided`,`v`.`voidamount` AS `voidamount`,`v`.`formtypeindex` AS `formtypeindex` from (`collectionvoucher` `cv` join `vw_remittance_cashreceiptitem` `v` on((`v`.`collectionvoucherid` = `cv`.`objid`))) */;
/*!50001 SET character_set_client      = @saved_cs_client */;
/*!50001 SET character_set_results     = @saved_cs_results */;
/*!50001 SET collation_connection      = @saved_col_connection */;

--
-- Final view structure for view `vw_collectionvoucher_cashreceiptshare`
--

/*!50001 DROP TABLE IF EXISTS `vw_collectionvoucher_cashreceiptshare`*/;
/*!50001 DROP VIEW IF EXISTS `vw_collectionvoucher_cashreceiptshare`*/;
/*!50001 SET @saved_cs_client          = @@character_set_client */;
/*!50001 SET @saved_cs_results         = @@character_set_results */;
/*!50001 SET @saved_col_connection     = @@collation_connection */;
/*!50001 SET character_set_client      = utf8 */;
/*!50001 SET character_set_results     = utf8 */;
/*!50001 SET collation_connection      = utf8_general_ci */;
/*!50001 CREATE ALGORITHM=UNDEFINED */
/*!50013 DEFINER=`mark`@`%` SQL SECURITY DEFINER */
/*!50001 VIEW `vw_collectionvoucher_cashreceiptshare` AS select `cv`.`controldate` AS `collectionvoucher_controldate`,`cv`.`controlno` AS `collectionvoucher_controlno`,`v`.`remittanceid` AS `remittanceid`,`v`.`remittance_controldate` AS `remittance_controldate`,`v`.`remittance_controlno` AS `remittance_controlno`,`v`.`collectionvoucherid` AS `collectionvoucherid`,`v`.`formno` AS `formno`,`v`.`formtype` AS `formtype`,`v`.`controlid` AS `controlid`,`v`.`receiptid` AS `receiptid`,`v`.`receiptdate` AS `receiptdate`,`v`.`receiptno` AS `receiptno`,`v`.`paidby` AS `paidby`,`v`.`paidbyaddress` AS `paidbyaddress`,`v`.`org_objid` AS `org_objid`,`v`.`org_name` AS `org_name`,`v`.`collectiontype_objid` AS `collectiontype_objid`,`v`.`collectiontype_name` AS `collectiontype_name`,`v`.`collectorid` AS `collectorid`,`v`.`collectorname` AS `collectorname`,`v`.`collectortitle` AS `collectortitle`,`v`.`refacctid` AS `refacctid`,`v`.`fundid` AS `fundid`,`v`.`acctid` AS `acctid`,`v`.`acctcode` AS `acctcode`,`v`.`acctname` AS `acctname`,`v`.`amount` AS `amount`,`v`.`voided` AS `voided`,`v`.`voidamount` AS `voidamount`,`v`.`formtypeindex` AS `formtypeindex` from (`collectionvoucher` `cv` join `vw_remittance_cashreceiptshare` `v` on((`v`.`collectionvoucherid` = `cv`.`objid`))) */;
/*!50001 SET character_set_client      = @saved_cs_client */;
/*!50001 SET character_set_results     = @saved_cs_results */;
/*!50001 SET collation_connection      = @saved_col_connection */;

--
-- Final view structure for view `vw_deposit_fund_transfer`
--

/*!50001 DROP TABLE IF EXISTS `vw_deposit_fund_transfer`*/;
/*!50001 DROP VIEW IF EXISTS `vw_deposit_fund_transfer`*/;
/*!50001 SET @saved_cs_client          = @@character_set_client */;
/*!50001 SET @saved_cs_results         = @@character_set_results */;
/*!50001 SET @saved_col_connection     = @@collation_connection */;
/*!50001 SET character_set_client      = utf8 */;
/*!50001 SET character_set_results     = utf8 */;
/*!50001 SET collation_connection      = utf8_general_ci */;
/*!50001 CREATE ALGORITHM=UNDEFINED */
/*!50013 DEFINER=`mark`@`%` SQL SECURITY DEFINER */
/*!50001 VIEW `vw_deposit_fund_transfer` AS select `dft`.`objid` AS `objid`,`dft`.`amount` AS `amount`,`dft`.`todepositvoucherfundid` AS `todepositvoucherfundid`,`tof`.`objid` AS `todepositvoucherfund_fund_objid`,`tof`.`code` AS `todepositvoucherfund_fund_code`,`tof`.`title` AS `todepositvoucherfund_fund_title`,`dft`.`fromdepositvoucherfundid` AS `fromdepositvoucherfundid`,`fromf`.`objid` AS `fromdepositvoucherfund_fund_objid`,`fromf`.`code` AS `fromdepositvoucherfund_fund_code`,`fromf`.`title` AS `fromdepositvoucherfund_fund_title` from ((((`deposit_fund_transfer` `dft` join `depositvoucher_fund` `todv` on((`dft`.`todepositvoucherfundid` = `todv`.`objid`))) join `fund` `tof` on((`todv`.`fundid` = `tof`.`objid`))) join `depositvoucher_fund` `fromdv` on((`dft`.`fromdepositvoucherfundid` = `fromdv`.`objid`))) join `fund` `fromf` on((`fromdv`.`fundid` = `fromf`.`objid`))) */;
/*!50001 SET character_set_client      = @saved_cs_client */;
/*!50001 SET character_set_results     = @saved_cs_results */;
/*!50001 SET collation_connection      = @saved_col_connection */;

--
-- Final view structure for view `vw_entity_mapping`
--

/*!50001 DROP TABLE IF EXISTS `vw_entity_mapping`*/;
/*!50001 DROP VIEW IF EXISTS `vw_entity_mapping`*/;
/*!50001 SET @saved_cs_client          = @@character_set_client */;
/*!50001 SET @saved_cs_results         = @@character_set_results */;
/*!50001 SET @saved_col_connection     = @@collation_connection */;
/*!50001 SET character_set_client      = utf8 */;
/*!50001 SET character_set_results     = utf8 */;
/*!50001 SET collation_connection      = utf8_general_ci */;
/*!50001 CREATE ALGORITHM=UNDEFINED */
/*!50013 DEFINER=`mark`@`%` SQL SECURITY DEFINER */
/*!50001 VIEW `vw_entity_mapping` AS select `r`.`objid` AS `objid`,`r`.`parent_objid` AS `parent_objid`,`r`.`org_objid` AS `org_objid`,`e`.`entityno` AS `entityno`,`e`.`name` AS `name`,`e`.`address_text` AS `address_text`,`a`.`province` AS `address_province`,`a`.`municipality` AS `address_municipality` from ((((`entity_mapping` `r` join `entity` `e` on((`r`.`objid` = `e`.`objid`))) left join `entity_address` `a` on((`e`.`address_objid` = `a`.`objid`))) left join `sys_org` `b` on((`a`.`barangay_objid` = `b`.`objid`))) left join `sys_org` `m` on((`b`.`parent_objid` = `m`.`objid`))) */;
/*!50001 SET character_set_client      = @saved_cs_client */;
/*!50001 SET character_set_results     = @saved_cs_results */;
/*!50001 SET collation_connection      = @saved_col_connection */;

--
-- Final view structure for view `vw_entity_relation`
--

/*!50001 DROP TABLE IF EXISTS `vw_entity_relation`*/;
/*!50001 DROP VIEW IF EXISTS `vw_entity_relation`*/;
/*!50001 SET @saved_cs_client          = @@character_set_client */;
/*!50001 SET @saved_cs_results         = @@character_set_results */;
/*!50001 SET @saved_col_connection     = @@collation_connection */;
/*!50001 SET character_set_client      = utf8 */;
/*!50001 SET character_set_results     = utf8 */;
/*!50001 SET collation_connection      = utf8_general_ci */;
/*!50001 CREATE ALGORITHM=UNDEFINED */
/*!50013 DEFINER=`mark`@`%` SQL SECURITY DEFINER */
/*!50001 VIEW `vw_entity_relation` AS select `er`.`objid` AS `objid`,`er`.`entity_objid` AS `ownerid`,`ei`.`objid` AS `entityid`,`ei`.`entityno` AS `entityno`,`ei`.`name` AS `name`,`ei`.`firstname` AS `firstname`,`ei`.`lastname` AS `lastname`,`ei`.`middlename` AS `middlename`,`ei`.`birthdate` AS `birthdate`,`ei`.`gender` AS `gender`,`er`.`relation_objid` AS `relationship` from (`entity_relation` `er` join `vw_entityindividual` `ei` on((`er`.`relateto_objid` = `ei`.`objid`))) union all select `er`.`objid` AS `objid`,`er`.`relateto_objid` AS `ownerid`,`ei`.`objid` AS `entityid`,`ei`.`entityno` AS `entityno`,`ei`.`name` AS `name`,`ei`.`firstname` AS `firstname`,`ei`.`lastname` AS `lastname`,`ei`.`middlename` AS `middlename`,`ei`.`birthdate` AS `birthdate`,`ei`.`gender` AS `gender`,(case when (`ei`.`gender` = 'M') then `et`.`inverse_male` when (`ei`.`gender` = 'F') then `et`.`inverse_female` else `et`.`inverse_any` end) AS `relationship` from ((`entity_relation` `er` join `vw_entityindividual` `ei` on((`er`.`entity_objid` = `ei`.`objid`))) join `entity_relation_type` `et` on((`er`.`relation_objid` = `et`.`objid`))) */;
/*!50001 SET character_set_client      = @saved_cs_client */;
/*!50001 SET character_set_results     = @saved_cs_results */;
/*!50001 SET collation_connection      = @saved_col_connection */;

--
-- Final view structure for view `vw_entityindividual`
--

/*!50001 DROP TABLE IF EXISTS `vw_entityindividual`*/;
/*!50001 DROP VIEW IF EXISTS `vw_entityindividual`*/;
/*!50001 SET @saved_cs_client          = @@character_set_client */;
/*!50001 SET @saved_cs_results         = @@character_set_results */;
/*!50001 SET @saved_col_connection     = @@collation_connection */;
/*!50001 SET character_set_client      = utf8 */;
/*!50001 SET character_set_results     = utf8 */;
/*!50001 SET collation_connection      = utf8_general_ci */;
/*!50001 CREATE ALGORITHM=UNDEFINED */
/*!50013 DEFINER=`mark`@`%` SQL SECURITY DEFINER */
/*!50001 VIEW `vw_entityindividual` AS select `ei`.`objid` AS `objid`,`ei`.`lastname` AS `lastname`,`ei`.`firstname` AS `firstname`,`ei`.`middlename` AS `middlename`,`ei`.`birthdate` AS `birthdate`,`ei`.`birthplace` AS `birthplace`,`ei`.`citizenship` AS `citizenship`,`ei`.`gender` AS `gender`,`ei`.`civilstatus` AS `civilstatus`,`ei`.`profession` AS `profession`,`ei`.`tin` AS `tin`,`ei`.`sss` AS `sss`,`ei`.`height` AS `height`,`ei`.`weight` AS `weight`,`ei`.`acr` AS `acr`,`ei`.`religion` AS `religion`,`ei`.`photo` AS `photo`,`ei`.`thumbnail` AS `thumbnail`,`ei`.`profileid` AS `profileid`,`e`.`entityno` AS `entityno`,`e`.`type` AS `type`,`e`.`name` AS `name`,`e`.`entityname` AS `entityname`,`e`.`mobileno` AS `mobileno`,`e`.`phoneno` AS `phoneno`,`e`.`address_objid` AS `address_objid`,`e`.`address_text` AS `address_text` from (`entityindividual` `ei` join `entity` `e` on((`e`.`objid` = `ei`.`objid`))) */;
/*!50001 SET character_set_client      = @saved_cs_client */;
/*!50001 SET character_set_results     = @saved_cs_results */;
/*!50001 SET collation_connection      = @saved_col_connection */;

--
-- Final view structure for view `vw_entityindividual_lookup`
--

/*!50001 DROP TABLE IF EXISTS `vw_entityindividual_lookup`*/;
/*!50001 DROP VIEW IF EXISTS `vw_entityindividual_lookup`*/;
/*!50001 SET @saved_cs_client          = @@character_set_client */;
/*!50001 SET @saved_cs_results         = @@character_set_results */;
/*!50001 SET @saved_col_connection     = @@collation_connection */;
/*!50001 SET character_set_client      = utf8 */;
/*!50001 SET character_set_results     = utf8 */;
/*!50001 SET collation_connection      = utf8_general_ci */;
/*!50001 CREATE ALGORITHM=UNDEFINED */
/*!50013 DEFINER=`mark`@`%` SQL SECURITY DEFINER */
/*!50001 VIEW `vw_entityindividual_lookup` AS select `e`.`objid` AS `objid`,`e`.`entityno` AS `entityno`,`e`.`name` AS `name`,`e`.`address_text` AS `addresstext`,`e`.`type` AS `type`,`ei`.`lastname` AS `lastname`,`ei`.`firstname` AS `firstname`,`ei`.`middlename` AS `middlename`,`ei`.`gender` AS `gender`,`ei`.`birthdate` AS `birthdate`,`e`.`mobileno` AS `mobileno`,`e`.`phoneno` AS `phoneno` from (`entity` `e` join `entityindividual` `ei` on((`ei`.`objid` = `e`.`objid`))) */;
/*!50001 SET character_set_client      = @saved_cs_client */;
/*!50001 SET character_set_results     = @saved_cs_results */;
/*!50001 SET collation_connection      = @saved_col_connection */;

--
-- Final view structure for view `vw_entityrelation_lookup`
--

/*!50001 DROP TABLE IF EXISTS `vw_entityrelation_lookup`*/;
/*!50001 DROP VIEW IF EXISTS `vw_entityrelation_lookup`*/;
/*!50001 SET @saved_cs_client          = @@character_set_client */;
/*!50001 SET @saved_cs_results         = @@character_set_results */;
/*!50001 SET @saved_col_connection     = @@collation_connection */;
/*!50001 SET character_set_client      = utf8 */;
/*!50001 SET character_set_results     = utf8 */;
/*!50001 SET collation_connection      = utf8_general_ci */;
/*!50001 CREATE ALGORITHM=UNDEFINED */
/*!50013 DEFINER=`mark`@`%` SQL SECURITY DEFINER */
/*!50001 VIEW `vw_entityrelation_lookup` AS select `er`.`objid` AS `objid`,`er`.`entity_objid` AS `entity_objid`,`er`.`relateto_objid` AS `relateto_objid`,`er`.`relation_objid` AS `relation_objid`,`e`.`entityno` AS `entityno`,`e`.`name` AS `name`,`e`.`address_text` AS `addresstext`,`e`.`type` AS `type`,`ei`.`lastname` AS `lastname`,`ei`.`firstname` AS `firstname`,`ei`.`middlename` AS `middlename`,`ei`.`gender` AS `gender`,`ei`.`birthdate` AS `birthdate`,`e`.`mobileno` AS `mobileno`,`e`.`phoneno` AS `phoneno` from ((`entity_relation` `er` join `entityindividual` `ei` on((`ei`.`objid` = `er`.`relateto_objid`))) join `entity` `e` on((`e`.`objid` = `ei`.`objid`))) */;
/*!50001 SET character_set_client      = @saved_cs_client */;
/*!50001 SET character_set_results     = @saved_cs_results */;
/*!50001 SET collation_connection      = @saved_col_connection */;

--
-- Final view structure for view `vw_faas_lookup`
--

/*!50001 DROP TABLE IF EXISTS `vw_faas_lookup`*/;
/*!50001 DROP VIEW IF EXISTS `vw_faas_lookup`*/;
/*!50001 SET @saved_cs_client          = @@character_set_client */;
/*!50001 SET @saved_cs_results         = @@character_set_results */;
/*!50001 SET @saved_col_connection     = @@collation_connection */;
/*!50001 SET character_set_client      = utf8 */;
/*!50001 SET character_set_results     = utf8 */;
/*!50001 SET collation_connection      = utf8_general_ci */;
/*!50001 CREATE ALGORITHM=UNDEFINED */
/*!50013 DEFINER=`root`@`localhost` SQL SECURITY DEFINER */
/*!50001 VIEW `vw_faas_lookup` AS select `fl`.`objid` AS `objid`,`fl`.`state` AS `state`,`fl`.`rpuid` AS `rpuid`,`fl`.`utdno` AS `utdno`,`fl`.`tdno` AS `tdno`,`fl`.`txntype_objid` AS `txntype_objid`,`fl`.`effectivityyear` AS `effectivityyear`,`fl`.`effectivityqtr` AS `effectivityqtr`,`fl`.`taxpayer_objid` AS `taxpayer_objid`,`fl`.`owner_name` AS `owner_name`,`fl`.`owner_address` AS `owner_address`,`fl`.`prevtdno` AS `prevtdno`,`fl`.`cancelreason` AS `cancelreason`,`fl`.`cancelledbytdnos` AS `cancelledbytdnos`,`fl`.`lguid` AS `lguid`,`fl`.`realpropertyid` AS `realpropertyid`,`fl`.`displaypin` AS `fullpin`,`fl`.`originlguid` AS `originlguid`,`e`.`name` AS `taxpayer_name`,`e`.`address_text` AS `taxpayer_address`,`pc`.`code` AS `classification_code`,`pc`.`code` AS `classcode`,`pc`.`name` AS `classification_name`,`pc`.`name` AS `classname`,`fl`.`ry` AS `ry`,`fl`.`rputype` AS `rputype`,`fl`.`totalmv` AS `totalmv`,`fl`.`totalav` AS `totalav`,`fl`.`totalareasqm` AS `totalareasqm`,`fl`.`totalareaha` AS `totalareaha`,`fl`.`barangayid` AS `barangayid`,`fl`.`cadastrallotno` AS `cadastrallotno`,`fl`.`blockno` AS `blockno`,`fl`.`surveyno` AS `surveyno`,`fl`.`pin` AS `pin`,`fl`.`barangay` AS `barangay_name`,`fl`.`trackingno` AS `trackingno` from ((`faas_list` `fl` left join `propertyclassification` `pc` on((`fl`.`classification_objid` = `pc`.`objid`))) left join `entity` `e` on((`fl`.`taxpayer_objid` = `e`.`objid`))) */;
/*!50001 SET character_set_client      = @saved_cs_client */;
/*!50001 SET character_set_results     = @saved_cs_results */;
/*!50001 SET collation_connection      = @saved_col_connection */;

--
-- Final view structure for view `vw_fund`
--

/*!50001 DROP TABLE IF EXISTS `vw_fund`*/;
/*!50001 DROP VIEW IF EXISTS `vw_fund`*/;
/*!50001 SET @saved_cs_client          = @@character_set_client */;
/*!50001 SET @saved_cs_results         = @@character_set_results */;
/*!50001 SET @saved_col_connection     = @@collation_connection */;
/*!50001 SET character_set_client      = utf8 */;
/*!50001 SET character_set_results     = utf8 */;
/*!50001 SET collation_connection      = utf8_general_ci */;
/*!50001 CREATE ALGORITHM=UNDEFINED */
/*!50013 DEFINER=`mark`@`%` SQL SECURITY DEFINER */
/*!50001 VIEW `vw_fund` AS select `f`.`objid` AS `objid`,`f`.`parentid` AS `parentid`,`f`.`state` AS `state`,`f`.`code` AS `code`,`f`.`title` AS `title`,`f`.`type` AS `type`,`f`.`special` AS `special`,`f`.`system` AS `system`,`f`.`groupid` AS `groupid`,`f`.`depositoryfundid` AS `depositoryfundid`,`g`.`objid` AS `group_objid`,`g`.`title` AS `group_title`,`g`.`indexno` AS `group_indexno`,`d`.`objid` AS `depositoryfund_objid`,`d`.`state` AS `depositoryfund_state`,`d`.`code` AS `depositoryfund_code`,`d`.`title` AS `depositoryfund_title` from ((`fund` `f` left join `fundgroup` `g` on((`g`.`objid` = `f`.`groupid`))) left join `fund` `d` on((`d`.`objid` = `f`.`depositoryfundid`))) */;
/*!50001 SET character_set_client      = @saved_cs_client */;
/*!50001 SET character_set_results     = @saved_cs_results */;
/*!50001 SET collation_connection      = @saved_col_connection */;

--
-- Final view structure for view `vw_income_ledger`
--

/*!50001 DROP TABLE IF EXISTS `vw_income_ledger`*/;
/*!50001 DROP VIEW IF EXISTS `vw_income_ledger`*/;
/*!50001 SET @saved_cs_client          = @@character_set_client */;
/*!50001 SET @saved_cs_results         = @@character_set_results */;
/*!50001 SET @saved_col_connection     = @@collation_connection */;
/*!50001 SET character_set_client      = utf8 */;
/*!50001 SET character_set_results     = utf8 */;
/*!50001 SET collation_connection      = utf8_general_ci */;
/*!50001 CREATE ALGORITHM=UNDEFINED */
/*!50013 DEFINER=`mark`@`%` SQL SECURITY DEFINER */
/*!50001 VIEW `vw_income_ledger` AS select year(`jev`.`jevdate`) AS `year`,month(`jev`.`jevdate`) AS `month`,`jev`.`fundid` AS `fundid`,`l`.`itemacctid` AS `itemacctid`,`l`.`cr` AS `amount`,`l`.`jevid` AS `jevid`,`l`.`objid` AS `objid` from (`income_ledger` `l` join `jev` on((`jev`.`objid` = `l`.`jevid`))) union all select year(`jev`.`jevdate`) AS `year`,month(`jev`.`jevdate`) AS `month`,`jev`.`fundid` AS `fundid`,`l`.`refitemacctid` AS `itemacctid`,(`l`.`cr` - `l`.`dr`) AS `amount`,`l`.`jevid` AS `jevid`,`l`.`objid` AS `objid` from (`payable_ledger` `l` join `jev` on((`jev`.`objid` = `l`.`jevid`))) */;
/*!50001 SET character_set_client      = @saved_cs_client */;
/*!50001 SET character_set_results     = @saved_cs_results */;
/*!50001 SET collation_connection      = @saved_col_connection */;

--
-- Final view structure for view `vw_income_summary`
--

/*!50001 DROP TABLE IF EXISTS `vw_income_summary`*/;
/*!50001 DROP VIEW IF EXISTS `vw_income_summary`*/;
/*!50001 SET @saved_cs_client          = @@character_set_client */;
/*!50001 SET @saved_cs_results         = @@character_set_results */;
/*!50001 SET @saved_col_connection     = @@collation_connection */;
/*!50001 SET character_set_client      = utf8 */;
/*!50001 SET character_set_results     = utf8 */;
/*!50001 SET collation_connection      = utf8_general_ci */;
/*!50001 CREATE ALGORITHM=UNDEFINED */
/*!50013 DEFINER=`mark`@`%` SQL SECURITY DEFINER */
/*!50001 VIEW `vw_income_summary` AS select `inc`.`refid` AS `refid`,`inc`.`refdate` AS `refdate`,`inc`.`refno` AS `refno`,`inc`.`reftype` AS `reftype`,`inc`.`acctid` AS `acctid`,`inc`.`fundid` AS `fundid`,`inc`.`amount` AS `amount`,`inc`.`orgid` AS `orgid`,`inc`.`collectorid` AS `collectorid`,`inc`.`refyear` AS `refyear`,`inc`.`refmonth` AS `refmonth`,`inc`.`refqtr` AS `refqtr`,`inc`.`remittanceid` AS `remittanceid`,`inc`.`remittancedate` AS `remittancedate`,`inc`.`remittanceyear` AS `remittanceyear`,`inc`.`remittancemonth` AS `remittancemonth`,`inc`.`remittanceqtr` AS `remittanceqtr`,`inc`.`liquidationid` AS `liquidationid`,`inc`.`liquidationdate` AS `liquidationdate`,`inc`.`liquidationyear` AS `liquidationyear`,`inc`.`liquidationmonth` AS `liquidationmonth`,`inc`.`liquidationqtr` AS `liquidationqtr`,`fund`.`groupid` AS `fundgroupid`,`ia`.`objid` AS `itemid`,`ia`.`code` AS `itemcode`,`ia`.`title` AS `itemtitle`,`ia`.`type` AS `itemtype` from ((`income_summary` `inc` join `fund` on((`fund`.`objid` = `inc`.`fundid`))) join `itemaccount` `ia` on((`ia`.`objid` = `inc`.`acctid`))) */;
/*!50001 SET character_set_client      = @saved_cs_client */;
/*!50001 SET character_set_results     = @saved_cs_results */;
/*!50001 SET collation_connection      = @saved_col_connection */;

--
-- Final view structure for view `vw_landtax_lgu_account_mapping`
--

/*!50001 DROP TABLE IF EXISTS `vw_landtax_lgu_account_mapping`*/;
/*!50001 DROP VIEW IF EXISTS `vw_landtax_lgu_account_mapping`*/;
/*!50001 SET @saved_cs_client          = @@character_set_client */;
/*!50001 SET @saved_cs_results         = @@character_set_results */;
/*!50001 SET @saved_col_connection     = @@collation_connection */;
/*!50001 SET character_set_client      = utf8 */;
/*!50001 SET character_set_results     = utf8 */;
/*!50001 SET collation_connection      = utf8_general_ci */;
/*!50001 CREATE ALGORITHM=UNDEFINED */
/*!50013 DEFINER=`mark`@`%` SQL SECURITY DEFINER */
/*!50001 VIEW `vw_landtax_lgu_account_mapping` AS select `ia`.`org_objid` AS `org_objid`,`ia`.`org_name` AS `org_name`,`o`.`orgclass` AS `org_class`,`p`.`objid` AS `parent_objid`,`p`.`code` AS `parent_code`,`p`.`title` AS `parent_title`,`ia`.`objid` AS `item_objid`,`ia`.`code` AS `item_code`,`ia`.`title` AS `item_title`,`ia`.`fund_objid` AS `item_fund_objid`,`ia`.`fund_code` AS `item_fund_code`,`ia`.`fund_title` AS `item_fund_title`,`ia`.`type` AS `item_type`,`pt`.`tag` AS `item_tag` from (((`itemaccount` `ia` join `itemaccount` `p` on((`ia`.`parentid` = `p`.`objid`))) join `itemaccount_tag` `pt` on((`p`.`objid` = `pt`.`acctid`))) join `sys_org` `o` on((`ia`.`org_objid` = `o`.`objid`))) where (`p`.`state` = 'ACTIVE') */;
/*!50001 SET character_set_client      = @saved_cs_client */;
/*!50001 SET character_set_results     = @saved_cs_results */;
/*!50001 SET collation_connection      = @saved_col_connection */;

--
-- Final view structure for view `vw_landtax_report_rptdelinquency`
--

/*!50001 DROP TABLE IF EXISTS `vw_landtax_report_rptdelinquency`*/;
/*!50001 DROP VIEW IF EXISTS `vw_landtax_report_rptdelinquency`*/;
/*!50001 SET @saved_cs_client          = @@character_set_client */;
/*!50001 SET @saved_cs_results         = @@character_set_results */;
/*!50001 SET @saved_col_connection     = @@collation_connection */;
/*!50001 SET character_set_client      = utf8 */;
/*!50001 SET character_set_results     = utf8 */;
/*!50001 SET collation_connection      = utf8_general_ci */;
/*!50001 CREATE ALGORITHM=UNDEFINED */
/*!50013 DEFINER=`mark`@`%` SQL SECURITY DEFINER */
/*!50001 VIEW `vw_landtax_report_rptdelinquency` AS select `report_rptdelinquency_item`.`objid` AS `objid`,`report_rptdelinquency_item`.`rptledgerid` AS `rptledgerid`,`report_rptdelinquency_item`.`barangayid` AS `barangayid`,`report_rptdelinquency_item`.`year` AS `year`,`report_rptdelinquency_item`.`qtr` AS `qtr`,now() AS `dtgenerated`,'' AS `generatedby_name`,'' AS `generatedby_title`,(case when (`report_rptdelinquency_item`.`revtype` = 'basic') then `report_rptdelinquency_item`.`amount` else 0 end) AS `basic`,(case when (`report_rptdelinquency_item`.`revtype` = 'basic') then `report_rptdelinquency_item`.`interest` else 0 end) AS `basicint`,(case when (`report_rptdelinquency_item`.`revtype` = 'basic') then `report_rptdelinquency_item`.`discount` else 0 end) AS `basicdisc`,(case when (`report_rptdelinquency_item`.`revtype` = 'basic') then (`report_rptdelinquency_item`.`interest` - `report_rptdelinquency_item`.`discount`) else 0 end) AS `basicdp`,(case when (`report_rptdelinquency_item`.`revtype` = 'basic') then ((`report_rptdelinquency_item`.`amount` + `report_rptdelinquency_item`.`interest`) - `report_rptdelinquency_item`.`discount`) else 0 end) AS `basicnet`,(case when (`report_rptdelinquency_item`.`revtype` = 'basicidle') then `report_rptdelinquency_item`.`amount` else 0 end) AS `basicidle`,(case when (`report_rptdelinquency_item`.`revtype` = 'basicidle') then `report_rptdelinquency_item`.`interest` else 0 end) AS `basicidleint`,(case when (`report_rptdelinquency_item`.`revtype` = 'basicidle') then `report_rptdelinquency_item`.`discount` else 0 end) AS `basicidledisc`,(case when (`report_rptdelinquency_item`.`revtype` = 'basicidle') then (`report_rptdelinquency_item`.`interest` - `report_rptdelinquency_item`.`discount`) else 0 end) AS `basicidledp`,(case when (`report_rptdelinquency_item`.`revtype` = 'basicidle') then ((`report_rptdelinquency_item`.`amount` + `report_rptdelinquency_item`.`interest`) - `report_rptdelinquency_item`.`discount`) else 0 end) AS `basicidlenet`,(case when (`report_rptdelinquency_item`.`revtype` = 'sef') then `report_rptdelinquency_item`.`amount` else 0 end) AS `sef`,(case when (`report_rptdelinquency_item`.`revtype` = 'sef') then `report_rptdelinquency_item`.`interest` else 0 end) AS `sefint`,(case when (`report_rptdelinquency_item`.`revtype` = 'sef') then `report_rptdelinquency_item`.`discount` else 0 end) AS `sefdisc`,(case when (`report_rptdelinquency_item`.`revtype` = 'sef') then (`report_rptdelinquency_item`.`interest` - `report_rptdelinquency_item`.`discount`) else 0 end) AS `sefdp`,(case when (`report_rptdelinquency_item`.`revtype` = 'sef') then ((`report_rptdelinquency_item`.`amount` + `report_rptdelinquency_item`.`interest`) - `report_rptdelinquency_item`.`discount`) else 0 end) AS `sefnet`,(case when (`report_rptdelinquency_item`.`revtype` = 'firecode') then `report_rptdelinquency_item`.`amount` else 0 end) AS `firecode`,(case when (`report_rptdelinquency_item`.`revtype` = 'firecode') then `report_rptdelinquency_item`.`interest` else 0 end) AS `firecodeint`,(case when (`report_rptdelinquency_item`.`revtype` = 'firecode') then `report_rptdelinquency_item`.`discount` else 0 end) AS `firecodedisc`,(case when (`report_rptdelinquency_item`.`revtype` = 'firecode') then (`report_rptdelinquency_item`.`interest` - `report_rptdelinquency_item`.`discount`) else 0 end) AS `firecodedp`,(case when (`report_rptdelinquency_item`.`revtype` = 'firecode') then ((`report_rptdelinquency_item`.`amount` + `report_rptdelinquency_item`.`interest`) - `report_rptdelinquency_item`.`discount`) else 0 end) AS `firecodenet`,(case when (`report_rptdelinquency_item`.`revtype` = 'sh') then `report_rptdelinquency_item`.`amount` else 0 end) AS `sh`,(case when (`report_rptdelinquency_item`.`revtype` = 'sh') then `report_rptdelinquency_item`.`interest` else 0 end) AS `shint`,(case when (`report_rptdelinquency_item`.`revtype` = 'sh') then `report_rptdelinquency_item`.`discount` else 0 end) AS `shdisc`,(case when (`report_rptdelinquency_item`.`revtype` = 'sh') then (`report_rptdelinquency_item`.`interest` - `report_rptdelinquency_item`.`discount`) else 0 end) AS `shdp`,(case when (`report_rptdelinquency_item`.`revtype` = 'sh') then ((`report_rptdelinquency_item`.`amount` + `report_rptdelinquency_item`.`interest`) - `report_rptdelinquency_item`.`discount`) else 0 end) AS `shnet`,((`report_rptdelinquency_item`.`amount` + `report_rptdelinquency_item`.`interest`) - `report_rptdelinquency_item`.`discount`) AS `total` from `report_rptdelinquency_item` */;
/*!50001 SET character_set_client      = @saved_cs_client */;
/*!50001 SET character_set_results     = @saved_cs_results */;
/*!50001 SET collation_connection      = @saved_col_connection */;

--
-- Final view structure for view `vw_landtax_report_rptdelinquency_detail`
--

/*!50001 DROP TABLE IF EXISTS `vw_landtax_report_rptdelinquency_detail`*/;
/*!50001 DROP VIEW IF EXISTS `vw_landtax_report_rptdelinquency_detail`*/;
/*!50001 SET @saved_cs_client          = @@character_set_client */;
/*!50001 SET @saved_cs_results         = @@character_set_results */;
/*!50001 SET @saved_col_connection     = @@collation_connection */;
/*!50001 SET character_set_client      = utf8 */;
/*!50001 SET character_set_results     = utf8 */;
/*!50001 SET collation_connection      = utf8_general_ci */;
/*!50001 CREATE ALGORITHM=UNDEFINED */
/*!50013 DEFINER=`mark`@`%` SQL SECURITY DEFINER */
/*!50001 VIEW `vw_landtax_report_rptdelinquency_detail` AS select `report_rptdelinquency_item`.`objid` AS `objid`,`report_rptdelinquency_item`.`rptledgerid` AS `rptledgerid`,`report_rptdelinquency_item`.`barangayid` AS `barangayid`,`report_rptdelinquency_item`.`year` AS `year`,`report_rptdelinquency_item`.`qtr` AS `qtr`,now() AS `dtgenerated`,'' AS `generatedby_name`,'' AS `generatedby_title`,(case when (`report_rptdelinquency_item`.`revtype` = 'basic') then `report_rptdelinquency_item`.`amount` else 0 end) AS `basic`,(case when (`report_rptdelinquency_item`.`revtype` = 'basic') then `report_rptdelinquency_item`.`interest` else 0 end) AS `basicint`,(case when (`report_rptdelinquency_item`.`revtype` = 'basic') then `report_rptdelinquency_item`.`discount` else 0 end) AS `basicdisc`,(case when (`report_rptdelinquency_item`.`revtype` = 'basic') then (`report_rptdelinquency_item`.`interest` - `report_rptdelinquency_item`.`discount`) else 0 end) AS `basicdp`,(case when (`report_rptdelinquency_item`.`revtype` = 'basic') then ((`report_rptdelinquency_item`.`amount` + `report_rptdelinquency_item`.`interest`) - `report_rptdelinquency_item`.`discount`) else 0 end) AS `basicnet`,(case when (`report_rptdelinquency_item`.`revtype` = 'basicidle') then `report_rptdelinquency_item`.`amount` else 0 end) AS `basicidle`,(case when (`report_rptdelinquency_item`.`revtype` = 'basicidle') then `report_rptdelinquency_item`.`interest` else 0 end) AS `basicidleint`,(case when (`report_rptdelinquency_item`.`revtype` = 'basicidle') then `report_rptdelinquency_item`.`discount` else 0 end) AS `basicidledisc`,(case when (`report_rptdelinquency_item`.`revtype` = 'basicidle') then (`report_rptdelinquency_item`.`interest` - `report_rptdelinquency_item`.`discount`) else 0 end) AS `basicidledp`,(case when (`report_rptdelinquency_item`.`revtype` = 'basicidle') then ((`report_rptdelinquency_item`.`amount` + `report_rptdelinquency_item`.`interest`) - `report_rptdelinquency_item`.`discount`) else 0 end) AS `basicidlenet`,(case when (`report_rptdelinquency_item`.`revtype` = 'sef') then `report_rptdelinquency_item`.`amount` else 0 end) AS `sef`,(case when (`report_rptdelinquency_item`.`revtype` = 'sef') then `report_rptdelinquency_item`.`interest` else 0 end) AS `sefint`,(case when (`report_rptdelinquency_item`.`revtype` = 'sef') then `report_rptdelinquency_item`.`discount` else 0 end) AS `sefdisc`,(case when (`report_rptdelinquency_item`.`revtype` = 'sef') then (`report_rptdelinquency_item`.`interest` - `report_rptdelinquency_item`.`discount`) else 0 end) AS `sefdp`,(case when (`report_rptdelinquency_item`.`revtype` = 'sef') then ((`report_rptdelinquency_item`.`amount` + `report_rptdelinquency_item`.`interest`) - `report_rptdelinquency_item`.`discount`) else 0 end) AS `sefnet`,(case when (`report_rptdelinquency_item`.`revtype` = 'firecode') then `report_rptdelinquency_item`.`amount` else 0 end) AS `firecode`,(case when (`report_rptdelinquency_item`.`revtype` = 'firecode') then `report_rptdelinquency_item`.`interest` else 0 end) AS `firecodeint`,(case when (`report_rptdelinquency_item`.`revtype` = 'firecode') then `report_rptdelinquency_item`.`discount` else 0 end) AS `firecodedisc`,(case when (`report_rptdelinquency_item`.`revtype` = 'firecode') then (`report_rptdelinquency_item`.`interest` - `report_rptdelinquency_item`.`discount`) else 0 end) AS `firecodedp`,(case when (`report_rptdelinquency_item`.`revtype` = 'firecode') then ((`report_rptdelinquency_item`.`amount` + `report_rptdelinquency_item`.`interest`) - `report_rptdelinquency_item`.`discount`) else 0 end) AS `firecodenet`,(case when (`report_rptdelinquency_item`.`revtype` = 'sh') then `report_rptdelinquency_item`.`amount` else 0 end) AS `sh`,(case when (`report_rptdelinquency_item`.`revtype` = 'sh') then `report_rptdelinquency_item`.`interest` else 0 end) AS `shint`,(case when (`report_rptdelinquency_item`.`revtype` = 'sh') then `report_rptdelinquency_item`.`discount` else 0 end) AS `shdisc`,(case when (`report_rptdelinquency_item`.`revtype` = 'sh') then (`report_rptdelinquency_item`.`interest` - `report_rptdelinquency_item`.`discount`) else 0 end) AS `shdp`,(case when (`report_rptdelinquency_item`.`revtype` = 'sh') then ((`report_rptdelinquency_item`.`amount` + `report_rptdelinquency_item`.`interest`) - `report_rptdelinquency_item`.`discount`) else 0 end) AS `shnet`,((`report_rptdelinquency_item`.`amount` + `report_rptdelinquency_item`.`interest`) - `report_rptdelinquency_item`.`discount`) AS `total` from `report_rptdelinquency_item` */;
/*!50001 SET character_set_client      = @saved_cs_client */;
/*!50001 SET character_set_results     = @saved_cs_results */;
/*!50001 SET collation_connection      = @saved_col_connection */;

--
-- Final view structure for view `vw_machine_smv`
--

/*!50001 DROP TABLE IF EXISTS `vw_machine_smv`*/;
/*!50001 DROP VIEW IF EXISTS `vw_machine_smv`*/;
/*!50001 SET @saved_cs_client          = @@character_set_client */;
/*!50001 SET @saved_cs_results         = @@character_set_results */;
/*!50001 SET @saved_col_connection     = @@collation_connection */;
/*!50001 SET character_set_client      = utf8 */;
/*!50001 SET character_set_results     = utf8 */;
/*!50001 SET collation_connection      = utf8_general_ci */;
/*!50001 CREATE ALGORITHM=UNDEFINED */
/*!50013 DEFINER=`mark`@`%` SQL SECURITY DEFINER */
/*!50001 VIEW `vw_machine_smv` AS select `ms`.`objid` AS `objid`,`ms`.`parent_objid` AS `parent_objid`,`ms`.`machine_objid` AS `machine_objid`,`ms`.`expr` AS `expr`,`ms`.`previd` AS `previd`,`m`.`code` AS `code`,`m`.`name` AS `name` from (`machine_smv` `ms` join `machine` `m` on((`ms`.`machine_objid` = `m`.`objid`))) */;
/*!50001 SET character_set_client      = @saved_cs_client */;
/*!50001 SET character_set_results     = @saved_cs_results */;
/*!50001 SET collation_connection      = @saved_col_connection */;

--
-- Final view structure for view `vw_online_business_application`
--

/*!50001 DROP TABLE IF EXISTS `vw_online_business_application`*/;
/*!50001 DROP VIEW IF EXISTS `vw_online_business_application`*/;
/*!50001 SET @saved_cs_client          = @@character_set_client */;
/*!50001 SET @saved_cs_results         = @@character_set_results */;
/*!50001 SET @saved_col_connection     = @@collation_connection */;
/*!50001 SET character_set_client      = utf8 */;
/*!50001 SET character_set_results     = utf8 */;
/*!50001 SET collation_connection      = utf8_general_ci */;
/*!50001 CREATE ALGORITHM=UNDEFINED */
/*!50013 DEFINER=`mark`@`%` SQL SECURITY DEFINER */
/*!50001 VIEW `vw_online_business_application` AS select `oa`.`objid` AS `objid`,`oa`.`state` AS `state`,`oa`.`dtcreated` AS `dtcreated`,`oa`.`createdby_objid` AS `createdby_objid`,`oa`.`createdby_name` AS `createdby_name`,`oa`.`controlno` AS `controlno`,`oa`.`apptype` AS `apptype`,`oa`.`appyear` AS `appyear`,`oa`.`appdate` AS `appdate`,`oa`.`prevapplicationid` AS `prevapplicationid`,`oa`.`business_objid` AS `business_objid`,`b`.`bin` AS `bin`,`b`.`tradename` AS `tradename`,`b`.`businessname` AS `businessname`,`b`.`address_text` AS `address_text`,`b`.`address_objid` AS `address_objid`,`b`.`owner_name` AS `owner_name`,`b`.`owner_address_text` AS `owner_address_text`,`b`.`owner_address_objid` AS `owner_address_objid`,`b`.`yearstarted` AS `yearstarted`,`b`.`orgtype` AS `orgtype`,`b`.`permittype` AS `permittype`,`b`.`officetype` AS `officetype`,`oa`.`step` AS `step` from ((`online_business_application` `oa` join `business_application` `a` on((`a`.`objid` = `oa`.`prevapplicationid`))) join `business` `b` on((`b`.`objid` = `a`.`business_objid`))) */;
/*!50001 SET character_set_client      = @saved_cs_client */;
/*!50001 SET character_set_results     = @saved_cs_results */;
/*!50001 SET collation_connection      = @saved_col_connection */;

--
-- Final view structure for view `vw_remittance_cashreceipt`
--

/*!50001 DROP TABLE IF EXISTS `vw_remittance_cashreceipt`*/;
/*!50001 DROP VIEW IF EXISTS `vw_remittance_cashreceipt`*/;
/*!50001 SET @saved_cs_client          = @@character_set_client */;
/*!50001 SET @saved_cs_results         = @@character_set_results */;
/*!50001 SET @saved_col_connection     = @@collation_connection */;
/*!50001 SET character_set_client      = utf8 */;
/*!50001 SET character_set_results     = utf8 */;
/*!50001 SET collation_connection      = utf8_general_ci */;
/*!50001 CREATE ALGORITHM=UNDEFINED */
/*!50013 DEFINER=`mark`@`%` SQL SECURITY DEFINER */
/*!50001 VIEW `vw_remittance_cashreceipt` AS select `r`.`objid` AS `remittance_objid`,`r`.`controldate` AS `remittance_controldate`,`r`.`controlno` AS `remittance_controlno`,`c`.`remittanceid` AS `remittanceid`,`r`.`collectionvoucherid` AS `collectionvoucherid`,`c`.`controlid` AS `controlid`,`af`.`formtype` AS `formtype`,(case when (`af`.`formtype` = 'serial') then 0 else 1 end) AS `formtypeindexno`,`c`.`formno` AS `formno`,`c`.`stub` AS `stubno`,`c`.`series` AS `series`,`c`.`receiptno` AS `receiptno`,`c`.`receiptdate` AS `receiptdate`,`c`.`amount` AS `amount`,`c`.`totalnoncash` AS `totalnoncash`,(`c`.`amount` - `c`.`totalnoncash`) AS `totalcash`,(case when isnull(`v`.`objid`) then 0 else 1 end) AS `voided`,(case when isnull(`v`.`objid`) then 0 else `c`.`amount` end) AS `voidamount`,`c`.`paidby` AS `paidby`,`c`.`paidbyaddress` AS `paidbyaddress`,`c`.`payer_objid` AS `payer_objid`,`c`.`payer_name` AS `payer_name`,`c`.`collector_objid` AS `collector_objid`,`c`.`collector_name` AS `collector_name`,`c`.`collector_title` AS `collector_title`,`c`.`objid` AS `receiptid`,`c`.`collectiontype_objid` AS `collectiontype_objid`,`c`.`org_objid` AS `org_objid` from (((`remittance` `r` join `cashreceipt` `c` on((`c`.`remittanceid` = `r`.`objid`))) join `af` on((`af`.`objid` = `c`.`formno`))) left join `cashreceipt_void` `v` on((`v`.`receiptid` = `c`.`objid`))) */;
/*!50001 SET character_set_client      = @saved_cs_client */;
/*!50001 SET character_set_results     = @saved_cs_results */;
/*!50001 SET collation_connection      = @saved_col_connection */;

--
-- Final view structure for view `vw_remittance_cashreceipt_af`
--

/*!50001 DROP TABLE IF EXISTS `vw_remittance_cashreceipt_af`*/;
/*!50001 DROP VIEW IF EXISTS `vw_remittance_cashreceipt_af`*/;
/*!50001 SET @saved_cs_client          = @@character_set_client */;
/*!50001 SET @saved_cs_results         = @@character_set_results */;
/*!50001 SET @saved_col_connection     = @@collation_connection */;
/*!50001 SET character_set_client      = utf8 */;
/*!50001 SET character_set_results     = utf8 */;
/*!50001 SET collation_connection      = utf8_general_ci */;
/*!50001 CREATE ALGORITHM=UNDEFINED */
/*!50013 DEFINER=`mark`@`%` SQL SECURITY DEFINER */
/*!50001 VIEW `vw_remittance_cashreceipt_af` AS select `cr`.`remittanceid` AS `remittanceid`,`cr`.`collector_objid` AS `collector_objid`,`cr`.`controlid` AS `controlid`,min(`cr`.`receiptno`) AS `fromreceiptno`,max(`cr`.`receiptno`) AS `toreceiptno`,min(`cr`.`series`) AS `fromseries`,max(`cr`.`series`) AS `toseries`,count(`cr`.`objid`) AS `qty`,sum(`cr`.`amount`) AS `amount`,0 AS `qtyvoided`,0.0 AS `voidamt`,0 AS `qtycancelled`,0.0 AS `cancelledamt`,`af`.`formtype` AS `formtype`,`af`.`serieslength` AS `serieslength`,`af`.`denomination` AS `denomination`,`cr`.`formno` AS `formno`,`afc`.`stubno` AS `stubno`,`afc`.`startseries` AS `startseries`,`afc`.`endseries` AS `endseries`,`afc`.`prefix` AS `prefix`,`afc`.`suffix` AS `suffix` from (((`cashreceipt` `cr` join `remittance` `rem` on((`rem`.`objid` = `cr`.`remittanceid`))) join `af_control` `afc` on((`cr`.`controlid` = `afc`.`objid`))) join `af` on((`afc`.`afid` = `af`.`objid`))) group by `cr`.`remittanceid`,`cr`.`collector_objid`,`cr`.`controlid`,`af`.`formtype`,`af`.`serieslength`,`af`.`denomination`,`cr`.`formno`,`afc`.`stubno`,`afc`.`startseries`,`afc`.`endseries`,`afc`.`prefix`,`afc`.`suffix` union all select `cr`.`remittanceid` AS `remittanceid`,`cr`.`collector_objid` AS `collector_objid`,`cr`.`controlid` AS `controlid`,NULL AS `fromreceiptno`,NULL AS `toreceiptno`,NULL AS `fromseries`,NULL AS `toseries`,0 AS `qty`,0.0 AS `amount`,count(`cr`.`objid`) AS `qtyvoided`,sum(`cr`.`amount`) AS `voidamt`,0 AS `qtycancelled`,0.0 AS `cancelledamt`,`af`.`formtype` AS `formtype`,`af`.`serieslength` AS `serieslength`,`af`.`denomination` AS `denomination`,`cr`.`formno` AS `formno`,`afc`.`stubno` AS `stubno`,`afc`.`startseries` AS `startseries`,`afc`.`endseries` AS `endseries`,`afc`.`prefix` AS `prefix`,`afc`.`suffix` AS `suffix` from ((((`cashreceipt` `cr` join `cashreceipt_void` `cv` on((`cv`.`receiptid` = `cr`.`objid`))) join `remittance` `rem` on((`rem`.`objid` = `cr`.`remittanceid`))) join `af_control` `afc` on((`cr`.`controlid` = `afc`.`objid`))) join `af` on((`afc`.`afid` = `af`.`objid`))) group by `cr`.`remittanceid`,`cr`.`collector_objid`,`cr`.`controlid`,`af`.`formtype`,`af`.`serieslength`,`af`.`denomination`,`cr`.`formno`,`afc`.`stubno`,`afc`.`startseries`,`afc`.`endseries`,`afc`.`prefix`,`afc`.`suffix` union all select `cr`.`remittanceid` AS `remittanceid`,`cr`.`collector_objid` AS `collector_objid`,`cr`.`controlid` AS `controlid`,NULL AS `fromreceiptno`,NULL AS `toreceiptno`,NULL AS `fromseries`,NULL AS `toseries`,0 AS `qty`,0.0 AS `amount`,0 AS `qtyvoided`,0.0 AS `voidamt`,count(`cr`.`objid`) AS `qtycancelled`,sum(`cr`.`amount`) AS `cancelledamt`,`af`.`formtype` AS `formtype`,`af`.`serieslength` AS `serieslength`,`af`.`denomination` AS `denomination`,`cr`.`formno` AS `formno`,`afc`.`stubno` AS `stubno`,`afc`.`startseries` AS `startseries`,`afc`.`endseries` AS `endseries`,`afc`.`prefix` AS `prefix`,`afc`.`suffix` AS `suffix` from (((`cashreceipt` `cr` join `remittance` `rem` on((`rem`.`objid` = `cr`.`remittanceid`))) join `af_control` `afc` on((`cr`.`controlid` = `afc`.`objid`))) join `af` on((`afc`.`afid` = `af`.`objid`))) where (`cr`.`state` = 'CANCELLED') group by `cr`.`remittanceid`,`cr`.`collector_objid`,`cr`.`controlid`,`af`.`formtype`,`af`.`serieslength`,`af`.`denomination`,`cr`.`formno`,`afc`.`stubno`,`afc`.`startseries`,`afc`.`endseries`,`afc`.`prefix`,`afc`.`suffix` */;
/*!50001 SET character_set_client      = @saved_cs_client */;
/*!50001 SET character_set_results     = @saved_cs_results */;
/*!50001 SET collation_connection      = @saved_col_connection */;

--
-- Final view structure for view `vw_remittance_cashreceipt_afsummary`
--

/*!50001 DROP TABLE IF EXISTS `vw_remittance_cashreceipt_afsummary`*/;
/*!50001 DROP VIEW IF EXISTS `vw_remittance_cashreceipt_afsummary`*/;
/*!50001 SET @saved_cs_client          = @@character_set_client */;
/*!50001 SET @saved_cs_results         = @@character_set_results */;
/*!50001 SET @saved_col_connection     = @@collation_connection */;
/*!50001 SET character_set_client      = utf8 */;
/*!50001 SET character_set_results     = utf8 */;
/*!50001 SET collation_connection      = utf8_general_ci */;
/*!50001 CREATE ALGORITHM=UNDEFINED */
/*!50013 DEFINER=`mark`@`%` SQL SECURITY DEFINER */
/*!50001 VIEW `vw_remittance_cashreceipt_afsummary` AS select concat(`v`.`remittanceid`,'|',`v`.`collector_objid`,'|',`v`.`controlid`) AS `objid`,`v`.`remittanceid` AS `remittanceid`,`v`.`collector_objid` AS `collector_objid`,`v`.`controlid` AS `controlid`,min(`v`.`fromreceiptno`) AS `fromreceiptno`,max(`v`.`toreceiptno`) AS `toreceiptno`,min(`v`.`fromseries`) AS `fromseries`,max(`v`.`toseries`) AS `toseries`,sum(`v`.`qty`) AS `qty`,sum(`v`.`amount`) AS `amount`,sum(`v`.`qtyvoided`) AS `qtyvoided`,sum(`v`.`voidamt`) AS `voidamt`,sum(`v`.`qtycancelled`) AS `qtycancelled`,sum(`v`.`cancelledamt`) AS `cancelledamt`,`v`.`formtype` AS `formtype`,`v`.`serieslength` AS `serieslength`,`v`.`denomination` AS `denomination`,`v`.`formno` AS `formno`,`v`.`stubno` AS `stubno`,`v`.`startseries` AS `startseries`,`v`.`endseries` AS `endseries`,`v`.`prefix` AS `prefix`,`v`.`suffix` AS `suffix` from `vw_remittance_cashreceipt_af` `v` group by `v`.`remittanceid`,`v`.`collector_objid`,`v`.`controlid`,`v`.`formtype`,`v`.`serieslength`,`v`.`denomination`,`v`.`formno`,`v`.`stubno`,`v`.`startseries`,`v`.`endseries`,`v`.`prefix`,`v`.`suffix` */;
/*!50001 SET character_set_client      = @saved_cs_client */;
/*!50001 SET character_set_results     = @saved_cs_results */;
/*!50001 SET collation_connection      = @saved_col_connection */;

--
-- Final view structure for view `vw_remittance_cashreceiptitem`
--

/*!50001 DROP TABLE IF EXISTS `vw_remittance_cashreceiptitem`*/;
/*!50001 DROP VIEW IF EXISTS `vw_remittance_cashreceiptitem`*/;
/*!50001 SET @saved_cs_client          = @@character_set_client */;
/*!50001 SET @saved_cs_results         = @@character_set_results */;
/*!50001 SET @saved_col_connection     = @@collation_connection */;
/*!50001 SET character_set_client      = utf8 */;
/*!50001 SET character_set_results     = utf8 */;
/*!50001 SET collation_connection      = utf8_general_ci */;
/*!50001 CREATE ALGORITHM=UNDEFINED */
/*!50013 DEFINER=`mark`@`%` SQL SECURITY DEFINER */
/*!50001 VIEW `vw_remittance_cashreceiptitem` AS select `c`.`remittanceid` AS `remittanceid`,`r`.`controldate` AS `remittance_controldate`,`r`.`controlno` AS `remittance_controlno`,`r`.`collectionvoucherid` AS `collectionvoucherid`,`c`.`collectiontype_objid` AS `collectiontype_objid`,`c`.`collectiontype_name` AS `collectiontype_name`,`c`.`org_objid` AS `org_objid`,`c`.`org_name` AS `org_name`,`c`.`formtype` AS `formtype`,`c`.`formno` AS `formno`,`cri`.`receiptid` AS `receiptid`,`c`.`receiptdate` AS `receiptdate`,`c`.`receiptno` AS `receiptno`,`c`.`controlid` AS `controlid`,`c`.`series` AS `series`,`c`.`stub` AS `stubno`,`c`.`paidby` AS `paidby`,`c`.`paidbyaddress` AS `paidbyaddress`,`c`.`collector_objid` AS `collectorid`,`c`.`collector_name` AS `collectorname`,`c`.`collector_title` AS `collectortitle`,`cri`.`item_fund_objid` AS `fundid`,`cri`.`item_objid` AS `acctid`,`cri`.`item_code` AS `acctcode`,`cri`.`item_title` AS `acctname`,`cri`.`remarks` AS `remarks`,(case when isnull(`v`.`objid`) then `cri`.`amount` else 0.0 end) AS `amount`,(case when isnull(`v`.`objid`) then 0 else 1 end) AS `voided`,(case when isnull(`v`.`objid`) then 0.0 else `cri`.`amount` end) AS `voidamount`,(case when (`c`.`formtype` = 'serial') then 0 else 1 end) AS `formtypeindex` from (((`remittance` `r` join `cashreceipt` `c` on((`c`.`remittanceid` = `r`.`objid`))) join `cashreceiptitem` `cri` on((`cri`.`receiptid` = `c`.`objid`))) left join `cashreceipt_void` `v` on((`v`.`receiptid` = `c`.`objid`))) */;
/*!50001 SET character_set_client      = @saved_cs_client */;
/*!50001 SET character_set_results     = @saved_cs_results */;
/*!50001 SET collation_connection      = @saved_col_connection */;

--
-- Final view structure for view `vw_remittance_cashreceiptpayment_noncash`
--

/*!50001 DROP TABLE IF EXISTS `vw_remittance_cashreceiptpayment_noncash`*/;
/*!50001 DROP VIEW IF EXISTS `vw_remittance_cashreceiptpayment_noncash`*/;
/*!50001 SET @saved_cs_client          = @@character_set_client */;
/*!50001 SET @saved_cs_results         = @@character_set_results */;
/*!50001 SET @saved_col_connection     = @@collation_connection */;
/*!50001 SET character_set_client      = utf8 */;
/*!50001 SET character_set_results     = utf8 */;
/*!50001 SET collation_connection      = utf8_general_ci */;
/*!50001 CREATE ALGORITHM=UNDEFINED */
/*!50013 DEFINER=`mark`@`%` SQL SECURITY DEFINER */
/*!50001 VIEW `vw_remittance_cashreceiptpayment_noncash` AS select `nc`.`objid` AS `objid`,`nc`.`receiptid` AS `receiptid`,`nc`.`refno` AS `refno`,`nc`.`refdate` AS `refdate`,`nc`.`reftype` AS `reftype`,`nc`.`particulars` AS `particulars`,`nc`.`fund_objid` AS `fundid`,`nc`.`refid` AS `refid`,`nc`.`amount` AS `amount`,(case when isnull(`v`.`objid`) then 0 else 1 end) AS `voided`,(case when isnull(`v`.`objid`) then 0.0 else `nc`.`amount` end) AS `voidamount`,`cp`.`bankid` AS `bankid`,`cp`.`bank_name` AS `bank_name`,`c`.`remittanceid` AS `remittanceid`,`r`.`collectionvoucherid` AS `collectionvoucherid` from ((((`remittance` `r` join `cashreceipt` `c` on((`c`.`remittanceid` = `r`.`objid`))) join `cashreceiptpayment_noncash` `nc` on(((`nc`.`receiptid` = `c`.`objid`) and (`nc`.`reftype` = 'CHECK')))) join `checkpayment` `cp` on((`cp`.`objid` = `nc`.`refid`))) left join `cashreceipt_void` `v` on((`v`.`receiptid` = `c`.`objid`))) union all select `nc`.`objid` AS `objid`,`nc`.`receiptid` AS `receiptid`,`nc`.`refno` AS `refno`,`nc`.`refdate` AS `refdate`,'EFT' AS `reftype`,`nc`.`particulars` AS `particulars`,`nc`.`fund_objid` AS `fundid`,`nc`.`refid` AS `refid`,`nc`.`amount` AS `amount`,(case when isnull(`v`.`objid`) then 0 else 1 end) AS `voided`,(case when isnull(`v`.`objid`) then 0.0 else `nc`.`amount` end) AS `voidamount`,`ba`.`bank_objid` AS `bankid`,`ba`.`bank_name` AS `bank_name`,`c`.`remittanceid` AS `remittanceid`,`r`.`collectionvoucherid` AS `collectionvoucherid` from (((((`remittance` `r` join `cashreceipt` `c` on((`c`.`remittanceid` = `r`.`objid`))) join `cashreceiptpayment_noncash` `nc` on(((`nc`.`receiptid` = `c`.`objid`) and (`nc`.`reftype` = 'EFT')))) join `eftpayment` `eft` on((`eft`.`objid` = `nc`.`refid`))) join `bankaccount` `ba` on((`ba`.`objid` = `eft`.`bankacctid`))) left join `cashreceipt_void` `v` on((`v`.`receiptid` = `c`.`objid`))) */;
/*!50001 SET character_set_client      = @saved_cs_client */;
/*!50001 SET character_set_results     = @saved_cs_results */;
/*!50001 SET collation_connection      = @saved_col_connection */;

--
-- Final view structure for view `vw_remittance_cashreceiptshare`
--

/*!50001 DROP TABLE IF EXISTS `vw_remittance_cashreceiptshare`*/;
/*!50001 DROP VIEW IF EXISTS `vw_remittance_cashreceiptshare`*/;
/*!50001 SET @saved_cs_client          = @@character_set_client */;
/*!50001 SET @saved_cs_results         = @@character_set_results */;
/*!50001 SET @saved_col_connection     = @@collation_connection */;
/*!50001 SET character_set_client      = utf8 */;
/*!50001 SET character_set_results     = utf8 */;
/*!50001 SET collation_connection      = utf8_general_ci */;
/*!50001 CREATE ALGORITHM=UNDEFINED */
/*!50013 DEFINER=`mark`@`%` SQL SECURITY DEFINER */
/*!50001 VIEW `vw_remittance_cashreceiptshare` AS select `c`.`remittanceid` AS `remittanceid`,`r`.`controldate` AS `remittance_controldate`,`r`.`controlno` AS `remittance_controlno`,`r`.`collectionvoucherid` AS `collectionvoucherid`,`c`.`formno` AS `formno`,`c`.`formtype` AS `formtype`,`c`.`controlid` AS `controlid`,`cs`.`receiptid` AS `receiptid`,`c`.`receiptdate` AS `receiptdate`,`c`.`receiptno` AS `receiptno`,`c`.`paidby` AS `paidby`,`c`.`paidbyaddress` AS `paidbyaddress`,`c`.`org_objid` AS `org_objid`,`c`.`org_name` AS `org_name`,`c`.`collectiontype_objid` AS `collectiontype_objid`,`c`.`collectiontype_name` AS `collectiontype_name`,`c`.`collector_objid` AS `collectorid`,`c`.`collector_name` AS `collectorname`,`c`.`collector_title` AS `collectortitle`,`cs`.`refitem_objid` AS `refacctid`,`ia`.`fund_objid` AS `fundid`,`ia`.`objid` AS `acctid`,`ia`.`code` AS `acctcode`,`ia`.`title` AS `acctname`,(case when isnull(`v`.`objid`) then `cs`.`amount` else 0.0 end) AS `amount`,(case when isnull(`v`.`objid`) then 0 else 1 end) AS `voided`,(case when isnull(`v`.`objid`) then 0.0 else `cs`.`amount` end) AS `voidamount`,(case when (`c`.`formtype` = 'serial') then 0 else 1 end) AS `formtypeindex` from ((((`remittance` `r` join `cashreceipt` `c` on((`c`.`remittanceid` = `r`.`objid`))) join `cashreceipt_share` `cs` on((`cs`.`receiptid` = `c`.`objid`))) join `itemaccount` `ia` on((`ia`.`objid` = `cs`.`payableitem_objid`))) left join `cashreceipt_void` `v` on((`v`.`receiptid` = `c`.`objid`))) */;
/*!50001 SET character_set_client      = @saved_cs_client */;
/*!50001 SET character_set_results     = @saved_cs_results */;
/*!50001 SET collation_connection      = @saved_col_connection */;

--
-- Final view structure for view `vw_rptcertification_item`
--

/*!50001 DROP TABLE IF EXISTS `vw_rptcertification_item`*/;
/*!50001 DROP VIEW IF EXISTS `vw_rptcertification_item`*/;
/*!50001 SET @saved_cs_client          = @@character_set_client */;
/*!50001 SET @saved_cs_results         = @@character_set_results */;
/*!50001 SET @saved_col_connection     = @@collation_connection */;
/*!50001 SET character_set_client      = utf8 */;
/*!50001 SET character_set_results     = utf8 */;
/*!50001 SET collation_connection      = utf8_general_ci */;
/*!50001 CREATE ALGORITHM=UNDEFINED */
/*!50013 DEFINER=`mark`@`%` SQL SECURITY DEFINER */
/*!50001 VIEW `vw_rptcertification_item` AS select `rci`.`rptcertificationid` AS `rptcertificationid`,`f`.`objid` AS `faasid`,`f`.`fullpin` AS `fullpin`,`f`.`tdno` AS `tdno`,`e`.`objid` AS `taxpayerid`,`e`.`name` AS `taxpayer_name`,`f`.`owner_name` AS `owner_name`,`f`.`administrator_name` AS `administrator_name`,`f`.`titleno` AS `titleno`,`f`.`rpuid` AS `rpuid`,`pc`.`code` AS `classcode`,`pc`.`name` AS `classname`,`so`.`name` AS `lguname`,`b`.`name` AS `barangay`,`r`.`rputype` AS `rputype`,`r`.`suffix` AS `suffix`,`r`.`totalareaha` AS `totalareaha`,`r`.`totalareasqm` AS `totalareasqm`,`r`.`totalav` AS `totalav`,`r`.`totalmv` AS `totalmv`,`rp`.`street` AS `street`,`rp`.`blockno` AS `blockno`,`rp`.`cadastrallotno` AS `cadastrallotno`,`rp`.`surveyno` AS `surveyno`,`r`.`taxable` AS `taxable`,`f`.`effectivityyear` AS `effectivityyear`,`f`.`effectivityqtr` AS `effectivityqtr` from (((((((`rptcertificationitem` `rci` join `faas` `f` on((`rci`.`refid` = `f`.`objid`))) join `rpu` `r` on((`f`.`rpuid` = `r`.`objid`))) join `propertyclassification` `pc` on((`r`.`classification_objid` = `pc`.`objid`))) join `realproperty` `rp` on((`f`.`realpropertyid` = `rp`.`objid`))) join `barangay` `b` on((`rp`.`barangayid` = `b`.`objid`))) join `sys_org` `so` on((`f`.`lguid` = `so`.`objid`))) join `entity` `e` on((`f`.`taxpayer_objid` = `e`.`objid`))) */;
/*!50001 SET character_set_client      = @saved_cs_client */;
/*!50001 SET character_set_results     = @saved_cs_results */;
/*!50001 SET collation_connection      = @saved_col_connection */;

--
-- Final view structure for view `vw_rptledger_avdifference`
--

/*!50001 DROP TABLE IF EXISTS `vw_rptledger_avdifference`*/;
/*!50001 DROP VIEW IF EXISTS `vw_rptledger_avdifference`*/;
/*!50001 SET @saved_cs_client          = @@character_set_client */;
/*!50001 SET @saved_cs_results         = @@character_set_results */;
/*!50001 SET @saved_col_connection     = @@collation_connection */;
/*!50001 SET character_set_client      = utf8 */;
/*!50001 SET character_set_results     = utf8 */;
/*!50001 SET collation_connection      = utf8_general_ci */;
/*!50001 CREATE ALGORITHM=UNDEFINED */
/*!50013 DEFINER=`mark`@`%` SQL SECURITY DEFINER */
/*!50001 VIEW `vw_rptledger_avdifference` AS select `rlf`.`objid` AS `objid`,'APPROVED' AS `state`,`d`.`parent_objid` AS `rptledgerid`,`rl`.`faasid` AS `faasid`,`rl`.`tdno` AS `tdno`,`rlf`.`txntype_objid` AS `txntype_objid`,`rlf`.`classification_objid` AS `classification_objid`,`rlf`.`actualuse_objid` AS `actualuse_objid`,`rlf`.`taxable` AS `taxable`,`rlf`.`backtax` AS `backtax`,`d`.`year` AS `fromyear`,1 AS `fromqtr`,`d`.`year` AS `toyear`,4 AS `toqtr`,`d`.`av` AS `assessedvalue`,1 AS `systemcreated`,`rlf`.`reclassed` AS `reclassed`,`rlf`.`idleland` AS `idleland`,1 AS `taxdifference` from ((`rptledger_avdifference` `d` join `rptledgerfaas` `rlf` on((`d`.`rptledgerfaas_objid` = `rlf`.`objid`))) join `rptledger` `rl` on((`d`.`parent_objid` = `rl`.`objid`))) */;
/*!50001 SET character_set_client      = @saved_cs_client */;
/*!50001 SET character_set_results     = @saved_cs_results */;
/*!50001 SET collation_connection      = @saved_col_connection */;

--
-- Final view structure for view `vw_rptpayment_item`
--

/*!50001 DROP TABLE IF EXISTS `vw_rptpayment_item`*/;
/*!50001 DROP VIEW IF EXISTS `vw_rptpayment_item`*/;
/*!50001 SET @saved_cs_client          = @@character_set_client */;
/*!50001 SET @saved_cs_results         = @@character_set_results */;
/*!50001 SET @saved_col_connection     = @@collation_connection */;
/*!50001 SET character_set_client      = utf8 */;
/*!50001 SET character_set_results     = utf8 */;
/*!50001 SET collation_connection      = utf8_general_ci */;
/*!50001 CREATE ALGORITHM=UNDEFINED */
/*!50013 DEFINER=`root`@`localhost` SQL SECURITY DEFINER */
/*!50001 VIEW `vw_rptpayment_item` AS select `x`.`parentid` AS `parentid`,`x`.`rptledgerfaasid` AS `rptledgerfaasid`,`x`.`year` AS `year`,`x`.`qtr` AS `qtr`,`x`.`revperiod` AS `revperiod`,sum(`x`.`basic`) AS `basic`,sum(`x`.`basicint`) AS `basicint`,sum(`x`.`basicdisc`) AS `basicdisc`,sum(`x`.`basicdp`) AS `basicdp`,sum(`x`.`basicnet`) AS `basicnet`,sum(`x`.`basicidle`) AS `basicidle`,sum(`x`.`basicidleint`) AS `basicidleint`,sum(`x`.`basicidledisc`) AS `basicidledisc`,sum(`x`.`basicidledp`) AS `basicidledp`,sum(`x`.`sef`) AS `sef`,sum(`x`.`sefint`) AS `sefint`,sum(`x`.`sefdisc`) AS `sefdisc`,sum(`x`.`sefdp`) AS `sefdp`,sum(`x`.`sefnet`) AS `sefnet`,sum(`x`.`firecode`) AS `firecode`,sum(`x`.`sh`) AS `sh`,sum(`x`.`shint`) AS `shint`,sum(`x`.`shdisc`) AS `shdisc`,sum(`x`.`shdp`) AS `shdp`,sum(`x`.`amount`) AS `amount`,max(`x`.`partialled`) AS `partialled` from `vw_rptpayment_item_detail` `x` group by `x`.`parentid`,`x`.`rptledgerfaasid`,`x`.`year`,`x`.`qtr`,`x`.`revperiod` */;
/*!50001 SET character_set_client      = @saved_cs_client */;
/*!50001 SET character_set_results     = @saved_cs_results */;
/*!50001 SET collation_connection      = @saved_col_connection */;

--
-- Final view structure for view `vw_rptpayment_item_detail`
--

/*!50001 DROP TABLE IF EXISTS `vw_rptpayment_item_detail`*/;
/*!50001 DROP VIEW IF EXISTS `vw_rptpayment_item_detail`*/;
/*!50001 SET @saved_cs_client          = @@character_set_client */;
/*!50001 SET @saved_cs_results         = @@character_set_results */;
/*!50001 SET @saved_col_connection     = @@collation_connection */;
/*!50001 SET character_set_client      = utf8 */;
/*!50001 SET character_set_results     = utf8 */;
/*!50001 SET collation_connection      = utf8_general_ci */;
/*!50001 CREATE ALGORITHM=UNDEFINED */
/*!50013 DEFINER=`root`@`localhost` SQL SECURITY DEFINER */
/*!50001 VIEW `vw_rptpayment_item_detail` AS select `rpi`.`objid` AS `objid`,`rpi`.`parentid` AS `parentid`,`rpi`.`rptledgerfaasid` AS `rptledgerfaasid`,`rpi`.`year` AS `year`,`rpi`.`qtr` AS `qtr`,`rpi`.`revperiod` AS `revperiod`,(case when (`rpi`.`revtype` = 'basic') then `rpi`.`amount` else 0 end) AS `basic`,(case when (`rpi`.`revtype` = 'basic') then `rpi`.`interest` else 0 end) AS `basicint`,(case when (`rpi`.`revtype` = 'basic') then `rpi`.`discount` else 0 end) AS `basicdisc`,(case when (`rpi`.`revtype` = 'basic') then (`rpi`.`interest` - `rpi`.`discount`) else 0 end) AS `basicdp`,(case when (`rpi`.`revtype` = 'basic') then ((`rpi`.`amount` + `rpi`.`interest`) - `rpi`.`discount`) else 0 end) AS `basicnet`,(case when (`rpi`.`revtype` = 'basicidle') then ((`rpi`.`amount` + `rpi`.`interest`) - `rpi`.`discount`) else 0 end) AS `basicidle`,(case when (`rpi`.`revtype` = 'basicidle') then `rpi`.`interest` else 0 end) AS `basicidleint`,(case when (`rpi`.`revtype` = 'basicidle') then `rpi`.`discount` else 0 end) AS `basicidledisc`,(case when (`rpi`.`revtype` = 'basicidle') then (`rpi`.`interest` - `rpi`.`discount`) else 0 end) AS `basicidledp`,(case when (`rpi`.`revtype` = 'sef') then `rpi`.`amount` else 0 end) AS `sef`,(case when (`rpi`.`revtype` = 'sef') then `rpi`.`interest` else 0 end) AS `sefint`,(case when (`rpi`.`revtype` = 'sef') then `rpi`.`discount` else 0 end) AS `sefdisc`,(case when (`rpi`.`revtype` = 'sef') then (`rpi`.`interest` - `rpi`.`discount`) else 0 end) AS `sefdp`,(case when (`rpi`.`revtype` = 'sef') then ((`rpi`.`amount` + `rpi`.`interest`) - `rpi`.`discount`) else 0 end) AS `sefnet`,(case when (`rpi`.`revtype` = 'firecode') then ((`rpi`.`amount` + `rpi`.`interest`) - `rpi`.`discount`) else 0 end) AS `firecode`,(case when (`rpi`.`revtype` = 'sh') then `rpi`.`amount` else 0 end) AS `sh`,(case when (`rpi`.`revtype` = 'sh') then `rpi`.`interest` else 0 end) AS `shint`,(case when (`rpi`.`revtype` = 'sh') then `rpi`.`discount` else 0 end) AS `shdisc`,(case when (`rpi`.`revtype` = 'sh') then (`rpi`.`interest` - `rpi`.`discount`) else 0 end) AS `shdp`,(case when (`rpi`.`revtype` = 'sh') then ((`rpi`.`amount` + `rpi`.`interest`) - `rpi`.`discount`) else 0 end) AS `shnet`,((`rpi`.`amount` + `rpi`.`interest`) - `rpi`.`discount`) AS `amount`,`rpi`.`partialled` AS `partialled` from `rptpayment_item` `rpi` */;
/*!50001 SET character_set_client      = @saved_cs_client */;
/*!50001 SET character_set_results     = @saved_cs_results */;
/*!50001 SET collation_connection      = @saved_col_connection */;

--
-- Final view structure for view `vw_rpu_assessment`
--

/*!50001 DROP TABLE IF EXISTS `vw_rpu_assessment`*/;
/*!50001 DROP VIEW IF EXISTS `vw_rpu_assessment`*/;
/*!50001 SET @saved_cs_client          = @@character_set_client */;
/*!50001 SET @saved_cs_results         = @@character_set_results */;
/*!50001 SET @saved_col_connection     = @@collation_connection */;
/*!50001 SET character_set_client      = utf8 */;
/*!50001 SET character_set_results     = utf8 */;
/*!50001 SET collation_connection      = utf8_general_ci */;
/*!50001 CREATE ALGORITHM=UNDEFINED */
/*!50013 DEFINER=`mark`@`%` SQL SECURITY DEFINER */
/*!50001 VIEW `vw_rpu_assessment` AS select `r`.`objid` AS `objid`,`r`.`rputype` AS `rputype`,`dpc`.`objid` AS `dominantclass_objid`,`dpc`.`code` AS `dominantclass_code`,`dpc`.`name` AS `dominantclass_name`,`dpc`.`orderno` AS `dominantclass_orderno`,`ra`.`areasqm` AS `areasqm`,`ra`.`areaha` AS `areaha`,`ra`.`marketvalue` AS `marketvalue`,`ra`.`assesslevel` AS `assesslevel`,`ra`.`assessedvalue` AS `assessedvalue`,`ra`.`taxable` AS `taxable`,`au`.`code` AS `actualuse_code`,`au`.`name` AS `actualuse_name`,`auc`.`objid` AS `actualuse_objid`,`auc`.`code` AS `actualuse_classcode`,`auc`.`name` AS `actualuse_classname`,`auc`.`orderno` AS `actualuse_orderno` from ((((`rpu` `r` join `propertyclassification` `dpc` on((`r`.`classification_objid` = `dpc`.`objid`))) join `rpu_assessment` `ra` on((`r`.`objid` = `ra`.`rpuid`))) join `landassesslevel` `au` on((`ra`.`actualuse_objid` = `au`.`objid`))) left join `propertyclassification` `auc` on((`au`.`classification_objid` = `auc`.`objid`))) union select `r`.`objid` AS `objid`,`r`.`rputype` AS `rputype`,`dpc`.`objid` AS `dominantclass_objid`,`dpc`.`code` AS `dominantclass_code`,`dpc`.`name` AS `dominantclass_name`,`dpc`.`orderno` AS `dominantclass_orderno`,`ra`.`areasqm` AS `areasqm`,`ra`.`areaha` AS `areaha`,`ra`.`marketvalue` AS `marketvalue`,`ra`.`assesslevel` AS `assesslevel`,`ra`.`assessedvalue` AS `assessedvalue`,`ra`.`taxable` AS `taxable`,`au`.`code` AS `actualuse_code`,`au`.`name` AS `actualuse_name`,`auc`.`objid` AS `actualuse_objid`,`auc`.`code` AS `actualuse_classcode`,`auc`.`name` AS `actualuse_classname`,`auc`.`orderno` AS `actualuse_orderno` from ((((`rpu` `r` join `propertyclassification` `dpc` on((`r`.`classification_objid` = `dpc`.`objid`))) join `rpu_assessment` `ra` on((`r`.`objid` = `ra`.`rpuid`))) join `bldgassesslevel` `au` on((`ra`.`actualuse_objid` = `au`.`objid`))) left join `propertyclassification` `auc` on((`au`.`classification_objid` = `auc`.`objid`))) union select `r`.`objid` AS `objid`,`r`.`rputype` AS `rputype`,`dpc`.`objid` AS `dominantclass_objid`,`dpc`.`code` AS `dominantclass_code`,`dpc`.`name` AS `dominantclass_name`,`dpc`.`orderno` AS `dominantclass_orderno`,`ra`.`areasqm` AS `areasqm`,`ra`.`areaha` AS `areaha`,`ra`.`marketvalue` AS `marketvalue`,`ra`.`assesslevel` AS `assesslevel`,`ra`.`assessedvalue` AS `assessedvalue`,`ra`.`taxable` AS `taxable`,`au`.`code` AS `actualuse_code`,`au`.`name` AS `actualuse_name`,`auc`.`objid` AS `actualuse_objid`,`auc`.`code` AS `actualuse_classcode`,`auc`.`name` AS `actualuse_classname`,`auc`.`orderno` AS `actualuse_orderno` from ((((`rpu` `r` join `propertyclassification` `dpc` on((`r`.`classification_objid` = `dpc`.`objid`))) join `rpu_assessment` `ra` on((`r`.`objid` = `ra`.`rpuid`))) join `machassesslevel` `au` on((`ra`.`actualuse_objid` = `au`.`objid`))) left join `propertyclassification` `auc` on((`au`.`classification_objid` = `auc`.`objid`))) union select `r`.`objid` AS `objid`,`r`.`rputype` AS `rputype`,`dpc`.`objid` AS `dominantclass_objid`,`dpc`.`code` AS `dominantclass_code`,`dpc`.`name` AS `dominantclass_name`,`dpc`.`orderno` AS `dominantclass_orderno`,`ra`.`areasqm` AS `areasqm`,`ra`.`areaha` AS `areaha`,`ra`.`marketvalue` AS `marketvalue`,`ra`.`assesslevel` AS `assesslevel`,`ra`.`assessedvalue` AS `assessedvalue`,`ra`.`taxable` AS `taxable`,`au`.`code` AS `actualuse_code`,`au`.`name` AS `actualuse_name`,`auc`.`objid` AS `actualuse_objid`,`auc`.`code` AS `actualuse_classcode`,`auc`.`name` AS `actualuse_classname`,`auc`.`orderno` AS `actualuse_orderno` from ((((`rpu` `r` join `propertyclassification` `dpc` on((`r`.`classification_objid` = `dpc`.`objid`))) join `rpu_assessment` `ra` on((`r`.`objid` = `ra`.`rpuid`))) join `planttreeassesslevel` `au` on((`ra`.`actualuse_objid` = `au`.`objid`))) left join `propertyclassification` `auc` on((`au`.`classification_objid` = `auc`.`objid`))) union select `r`.`objid` AS `objid`,`r`.`rputype` AS `rputype`,`dpc`.`objid` AS `dominantclass_objid`,`dpc`.`code` AS `dominantclass_code`,`dpc`.`name` AS `dominantclass_name`,`dpc`.`orderno` AS `dominantclass_orderno`,`ra`.`areasqm` AS `areasqm`,`ra`.`areaha` AS `areaha`,`ra`.`marketvalue` AS `marketvalue`,`ra`.`assesslevel` AS `assesslevel`,`ra`.`assessedvalue` AS `assessedvalue`,`ra`.`taxable` AS `taxable`,`au`.`code` AS `actualuse_code`,`au`.`name` AS `actualuse_name`,`auc`.`objid` AS `actualuse_objid`,`auc`.`code` AS `actualuse_classcode`,`auc`.`name` AS `actualuse_classname`,`auc`.`orderno` AS `actualuse_orderno` from ((((`rpu` `r` join `propertyclassification` `dpc` on((`r`.`classification_objid` = `dpc`.`objid`))) join `rpu_assessment` `ra` on((`r`.`objid` = `ra`.`rpuid`))) join `miscassesslevel` `au` on((`ra`.`actualuse_objid` = `au`.`objid`))) left join `propertyclassification` `auc` on((`au`.`classification_objid` = `auc`.`objid`))) */;
/*!50001 SET character_set_client      = @saved_cs_client */;
/*!50001 SET character_set_results     = @saved_cs_results */;
/*!50001 SET collation_connection      = @saved_col_connection */;

--
-- Final view structure for view `vw_txn_log`
--

/*!50001 DROP TABLE IF EXISTS `vw_txn_log`*/;
/*!50001 DROP VIEW IF EXISTS `vw_txn_log`*/;
/*!50001 SET @saved_cs_client          = @@character_set_client */;
/*!50001 SET @saved_cs_results         = @@character_set_results */;
/*!50001 SET @saved_col_connection     = @@collation_connection */;
/*!50001 SET character_set_client      = utf8 */;
/*!50001 SET character_set_results     = utf8 */;
/*!50001 SET collation_connection      = utf8_general_ci */;
/*!50001 CREATE ALGORITHM=UNDEFINED */
/*!50013 DEFINER=`root`@`localhost` SQL SECURITY DEFINER */
/*!50001 VIEW `vw_txn_log` AS select distinct `u`.`objid` AS `userid`,`u`.`name` AS `username`,`t`.`txndate` AS `txndate`,`t`.`ref` AS `ref`,`t`.`action` AS `action`,1 AS `cnt` from (`txnlog` `t` join `sys_user` `u` on((`t`.`userid` = `u`.`objid`))) union select `u`.`objid` AS `userid`,`u`.`name` AS `username`,`t`.`enddate` AS `txndate`,'faas' AS `ref`,(case when (`t`.`state` like '%receiver%') then 'receive' when (`t`.`state` like '%examiner%') then 'examine' when (`t`.`state` like '%taxmapper_chief%') then 'approve taxmap' when (`t`.`state` like '%taxmapper%') then 'taxmap' when (`t`.`state` like '%appraiser%') then 'appraise' when (`t`.`state` like '%appraiser_chief%') then 'approve appraisal' when (`t`.`state` like '%recommender%') then 'recommend' when (`t`.`state` like '%approver%') then 'approve' else `t`.`state` end) AS `action`,1 AS `cnt` from (`faas_task` `t` join `sys_user` `u` on((`t`.`actor_objid` = `u`.`objid`))) where (not((`t`.`state` like '%assign%'))) union select `u`.`objid` AS `userid`,`u`.`name` AS `username`,`t`.`enddate` AS `txndate`,'subdivision' AS `ref`,(case when (`t`.`state` like '%receiver%') then 'receive' when (`t`.`state` like '%examiner%') then 'examine' when (`t`.`state` like '%taxmapper_chief%') then 'approve taxmap' when (`t`.`state` like '%taxmapper%') then 'taxmap' when (`t`.`state` like '%appraiser%') then 'appraise' when (`t`.`state` like '%appraiser_chief%') then 'approve appraisal' when (`t`.`state` like '%recommender%') then 'recommend' when (`t`.`state` like '%approver%') then 'approve' else `t`.`state` end) AS `action`,1 AS `cnt` from (`subdivision_task` `t` join `sys_user` `u` on((`t`.`actor_objid` = `u`.`objid`))) where (not((`t`.`state` like '%assign%'))) union select `u`.`objid` AS `userid`,`u`.`name` AS `username`,`t`.`enddate` AS `txndate`,'consolidation' AS `ref`,(case when (`t`.`state` like '%receiver%') then 'receive' when (`t`.`state` like '%examiner%') then 'examine' when (`t`.`state` like '%taxmapper_chief%') then 'approve taxmap' when (`t`.`state` like '%taxmapper%') then 'taxmap' when (`t`.`state` like '%appraiser%') then 'appraise' when (`t`.`state` like '%appraiser_chief%') then 'approve appraisal' when (`t`.`state` like '%recommender%') then 'recommend' when (`t`.`state` like '%approver%') then 'approve' else `t`.`state` end) AS `action`,1 AS `cnt` from (`subdivision_task` `t` join `sys_user` `u` on((`t`.`actor_objid` = `u`.`objid`))) where (not((`t`.`state` like '%consolidation%'))) union select `u`.`objid` AS `userid`,`u`.`name` AS `username`,`t`.`enddate` AS `txndate`,'cancelledfaas' AS `ref`,(case when (`t`.`state` like '%receiver%') then 'receive' when (`t`.`state` like '%examiner%') then 'examine' when (`t`.`state` like '%taxmapper_chief%') then 'approve taxmap' when (`t`.`state` like '%taxmapper%') then 'taxmap' when (`t`.`state` like '%appraiser%') then 'appraise' when (`t`.`state` like '%appraiser_chief%') then 'approve appraisal' when (`t`.`state` like '%recommender%') then 'recommend' when (`t`.`state` like '%approver%') then 'approve' else `t`.`state` end) AS `action`,1 AS `cnt` from (`subdivision_task` `t` join `sys_user` `u` on((`t`.`actor_objid` = `u`.`objid`))) where (not((`t`.`state` like '%cancelledfaas%'))) */;
/*!50001 SET character_set_client      = @saved_cs_client */;
/*!50001 SET character_set_results     = @saved_cs_results */;
/*!50001 SET collation_connection      = @saved_col_connection */;
/*!40103 SET TIME_ZONE=@OLD_TIME_ZONE */;

/*!40101 SET SQL_MODE=@OLD_SQL_MODE */;
/*!40014 SET FOREIGN_KEY_CHECKS=@OLD_FOREIGN_KEY_CHECKS */;
/*!40014 SET UNIQUE_CHECKS=@OLD_UNIQUE_CHECKS */;
/*!40101 SET CHARACTER_SET_CLIENT=@OLD_CHARACTER_SET_CLIENT */;
/*!40101 SET CHARACTER_SET_RESULTS=@OLD_CHARACTER_SET_RESULTS */;
/*!40101 SET COLLATION_CONNECTION=@OLD_COLLATION_CONNECTION */;
/*!40111 SET SQL_NOTES=@OLD_SQL_NOTES */;

-- Dump completed on 2021-02-17 14:49:37
